Analysis & Synthesis report for bdscnn_top
Fri Jun 26 16:12:55 2026
Quartus Prime Version 20.1.1 Build 720 11/11/2020 SJ Lite Edition


---------------------
; Table of Contents ;
---------------------
  1. Legal Notice
  2. Analysis & Synthesis Summary
  3. Analysis & Synthesis Settings
  4. Parallel Compilation
  5. Analysis & Synthesis Source Files Read
  6. Analysis & Synthesis Resource Usage Summary
  7. Analysis & Synthesis Resource Utilization by Entity
  8. Analysis & Synthesis RAM Summary
  9. Registers Removed During Synthesis
 10. Removed Registers Triggering Further Register Optimizations
 11. General Register Statistics
 12. Inverted Register Statistics
 13. Registers Packed Into Inferred Megafunctions
 14. Multiplexer Restructuring Statistics (Restructuring Performed)
 15. Source assignments for bdscnn_top:u_bdscnn|mcp_top:u_mcp|window4x4s2:u_window|altshift_taps:row1_rtl_0|shift_taps_fgm:auto_generated|altsyncram_kca1:altsyncram2
 16. Source assignments for bdscnn_top:u_bdscnn|dw_top:u_dw|window3x3s1:u_window|altshift_taps:buff_row1_rtl_0|shift_taps_ggm:auto_generated|altsyncram_mca1:altsyncram2
 17. Parameter Settings for User Entity Instance: bdscnn_top:u_bdscnn|mcp_top:u_mcp|mcp_pe:gen_mcp_filters[0].u_pe|popcount:u_pop
 18. Parameter Settings for User Entity Instance: bdscnn_top:u_bdscnn|mcp_top:u_mcp|mcp_pe:gen_mcp_filters[1].u_pe|popcount:u_pop
 19. Parameter Settings for User Entity Instance: bdscnn_top:u_bdscnn|mcp_top:u_mcp|mcp_pe:gen_mcp_filters[2].u_pe|popcount:u_pop
 20. Parameter Settings for User Entity Instance: bdscnn_top:u_bdscnn|dw_top:u_dw|window3x3s1:u_window
 21. Parameter Settings for User Entity Instance: bdscnn_top:u_bdscnn|dw_top:u_dw|dw_pe:pe_ch0|popcount:popcount
 22. Parameter Settings for User Entity Instance: bdscnn_top:u_bdscnn|dw_top:u_dw|dw_pe:pe_ch1|popcount:popcount
 23. Parameter Settings for User Entity Instance: bdscnn_top:u_bdscnn|dw_top:u_dw|dw_pe:pe_ch2|popcount:popcount
 24. Parameter Settings for User Entity Instance: bdscnn_top:u_bdscnn|fc1_folded_top:u_fc1|fc1_folded_neuron:gen_fc1_neurons[0].u_neuron|popcount:pc_fm
 25. Parameter Settings for User Entity Instance: bdscnn_top:u_bdscnn|fc1_folded_top:u_fc1|fc1_folded_neuron:gen_fc1_neurons[0].u_neuron|popcount:pc_rr
 26. Parameter Settings for User Entity Instance: bdscnn_top:u_bdscnn|fc1_folded_top:u_fc1|fc1_folded_neuron:gen_fc1_neurons[1].u_neuron|popcount:pc_fm
 27. Parameter Settings for User Entity Instance: bdscnn_top:u_bdscnn|fc1_folded_top:u_fc1|fc1_folded_neuron:gen_fc1_neurons[1].u_neuron|popcount:pc_rr
 28. Parameter Settings for User Entity Instance: bdscnn_top:u_bdscnn|fc1_folded_top:u_fc1|fc1_folded_neuron:gen_fc1_neurons[2].u_neuron|popcount:pc_fm
 29. Parameter Settings for User Entity Instance: bdscnn_top:u_bdscnn|fc1_folded_top:u_fc1|fc1_folded_neuron:gen_fc1_neurons[2].u_neuron|popcount:pc_rr
 30. Parameter Settings for User Entity Instance: bdscnn_top:u_bdscnn|fc1_folded_top:u_fc1|fc1_folded_neuron:gen_fc1_neurons[3].u_neuron|popcount:pc_fm
 31. Parameter Settings for User Entity Instance: bdscnn_top:u_bdscnn|fc1_folded_top:u_fc1|fc1_folded_neuron:gen_fc1_neurons[3].u_neuron|popcount:pc_rr
 32. Parameter Settings for User Entity Instance: bdscnn_top:u_bdscnn|fc1_folded_top:u_fc1|fc1_folded_neuron:gen_fc1_neurons[4].u_neuron|popcount:pc_fm
 33. Parameter Settings for User Entity Instance: bdscnn_top:u_bdscnn|fc1_folded_top:u_fc1|fc1_folded_neuron:gen_fc1_neurons[4].u_neuron|popcount:pc_rr
 34. Parameter Settings for User Entity Instance: bdscnn_top:u_bdscnn|fc1_folded_top:u_fc1|fc1_folded_neuron:gen_fc1_neurons[5].u_neuron|popcount:pc_fm
 35. Parameter Settings for User Entity Instance: bdscnn_top:u_bdscnn|fc1_folded_top:u_fc1|fc1_folded_neuron:gen_fc1_neurons[5].u_neuron|popcount:pc_rr
 36. Parameter Settings for User Entity Instance: bdscnn_top:u_bdscnn|fc1_folded_top:u_fc1|fc1_folded_neuron:gen_fc1_neurons[6].u_neuron|popcount:pc_fm
 37. Parameter Settings for User Entity Instance: bdscnn_top:u_bdscnn|fc1_folded_top:u_fc1|fc1_folded_neuron:gen_fc1_neurons[6].u_neuron|popcount:pc_rr
 38. Parameter Settings for User Entity Instance: bdscnn_top:u_bdscnn|fc1_folded_top:u_fc1|fc1_folded_neuron:gen_fc1_neurons[7].u_neuron|popcount:pc_fm
 39. Parameter Settings for User Entity Instance: bdscnn_top:u_bdscnn|fc1_folded_top:u_fc1|fc1_folded_neuron:gen_fc1_neurons[7].u_neuron|popcount:pc_rr
 40. Parameter Settings for User Entity Instance: bdscnn_top:u_bdscnn|fc1_folded_top:u_fc1|fc1_folded_neuron:gen_fc1_neurons[8].u_neuron|popcount:pc_fm
 41. Parameter Settings for User Entity Instance: bdscnn_top:u_bdscnn|fc1_folded_top:u_fc1|fc1_folded_neuron:gen_fc1_neurons[8].u_neuron|popcount:pc_rr
 42. Parameter Settings for User Entity Instance: bdscnn_top:u_bdscnn|fc1_folded_top:u_fc1|fc1_folded_neuron:gen_fc1_neurons[9].u_neuron|popcount:pc_fm
 43. Parameter Settings for User Entity Instance: bdscnn_top:u_bdscnn|fc1_folded_top:u_fc1|fc1_folded_neuron:gen_fc1_neurons[9].u_neuron|popcount:pc_rr
 44. Parameter Settings for User Entity Instance: bdscnn_top:u_bdscnn|fc1_folded_top:u_fc1|fc1_folded_neuron:gen_fc1_neurons[10].u_neuron|popcount:pc_fm
 45. Parameter Settings for User Entity Instance: bdscnn_top:u_bdscnn|fc1_folded_top:u_fc1|fc1_folded_neuron:gen_fc1_neurons[10].u_neuron|popcount:pc_rr
 46. Parameter Settings for User Entity Instance: bdscnn_top:u_bdscnn|fc1_folded_top:u_fc1|fc1_folded_neuron:gen_fc1_neurons[11].u_neuron|popcount:pc_fm
 47. Parameter Settings for User Entity Instance: bdscnn_top:u_bdscnn|fc1_folded_top:u_fc1|fc1_folded_neuron:gen_fc1_neurons[11].u_neuron|popcount:pc_rr
 48. Parameter Settings for User Entity Instance: bdscnn_top:u_bdscnn|fc1_folded_top:u_fc1|fc1_folded_neuron:gen_fc1_neurons[12].u_neuron|popcount:pc_fm
 49. Parameter Settings for User Entity Instance: bdscnn_top:u_bdscnn|fc1_folded_top:u_fc1|fc1_folded_neuron:gen_fc1_neurons[12].u_neuron|popcount:pc_rr
 50. Parameter Settings for User Entity Instance: bdscnn_top:u_bdscnn|fc1_folded_top:u_fc1|fc1_folded_neuron:gen_fc1_neurons[13].u_neuron|popcount:pc_fm
 51. Parameter Settings for User Entity Instance: bdscnn_top:u_bdscnn|fc1_folded_top:u_fc1|fc1_folded_neuron:gen_fc1_neurons[13].u_neuron|popcount:pc_rr
 52. Parameter Settings for User Entity Instance: bdscnn_top:u_bdscnn|fc1_folded_top:u_fc1|fc1_folded_neuron:gen_fc1_neurons[14].u_neuron|popcount:pc_fm
 53. Parameter Settings for User Entity Instance: bdscnn_top:u_bdscnn|fc1_folded_top:u_fc1|fc1_folded_neuron:gen_fc1_neurons[14].u_neuron|popcount:pc_rr
 54. Parameter Settings for User Entity Instance: bdscnn_top:u_bdscnn|fc1_folded_top:u_fc1|fc1_folded_neuron:gen_fc1_neurons[15].u_neuron|popcount:pc_fm
 55. Parameter Settings for User Entity Instance: bdscnn_top:u_bdscnn|fc1_folded_top:u_fc1|fc1_folded_neuron:gen_fc1_neurons[15].u_neuron|popcount:pc_rr
 56. Parameter Settings for User Entity Instance: bdscnn_top:u_bdscnn|fc1_folded_top:u_fc1|fc1_folded_neuron:gen_fc1_neurons[16].u_neuron|popcount:pc_fm
 57. Parameter Settings for User Entity Instance: bdscnn_top:u_bdscnn|fc1_folded_top:u_fc1|fc1_folded_neuron:gen_fc1_neurons[16].u_neuron|popcount:pc_rr
 58. Parameter Settings for User Entity Instance: bdscnn_top:u_bdscnn|fc1_folded_top:u_fc1|fc1_folded_neuron:gen_fc1_neurons[17].u_neuron|popcount:pc_fm
 59. Parameter Settings for User Entity Instance: bdscnn_top:u_bdscnn|fc1_folded_top:u_fc1|fc1_folded_neuron:gen_fc1_neurons[17].u_neuron|popcount:pc_rr
 60. Parameter Settings for User Entity Instance: bdscnn_top:u_bdscnn|fc1_folded_top:u_fc1|fc1_folded_neuron:gen_fc1_neurons[18].u_neuron|popcount:pc_fm
 61. Parameter Settings for User Entity Instance: bdscnn_top:u_bdscnn|fc1_folded_top:u_fc1|fc1_folded_neuron:gen_fc1_neurons[18].u_neuron|popcount:pc_rr
 62. Parameter Settings for User Entity Instance: bdscnn_top:u_bdscnn|fc1_folded_top:u_fc1|fc1_folded_neuron:gen_fc1_neurons[19].u_neuron|popcount:pc_fm
 63. Parameter Settings for User Entity Instance: bdscnn_top:u_bdscnn|fc1_folded_top:u_fc1|fc1_folded_neuron:gen_fc1_neurons[19].u_neuron|popcount:pc_rr
 64. Parameter Settings for User Entity Instance: bdscnn_top:u_bdscnn|fc1_folded_top:u_fc1|fc1_folded_neuron:gen_fc1_neurons[20].u_neuron|popcount:pc_fm
 65. Parameter Settings for User Entity Instance: bdscnn_top:u_bdscnn|fc1_folded_top:u_fc1|fc1_folded_neuron:gen_fc1_neurons[20].u_neuron|popcount:pc_rr
 66. Parameter Settings for User Entity Instance: bdscnn_top:u_bdscnn|fc1_folded_top:u_fc1|fc1_folded_neuron:gen_fc1_neurons[21].u_neuron|popcount:pc_fm
 67. Parameter Settings for User Entity Instance: bdscnn_top:u_bdscnn|fc1_folded_top:u_fc1|fc1_folded_neuron:gen_fc1_neurons[21].u_neuron|popcount:pc_rr
 68. Parameter Settings for User Entity Instance: bdscnn_top:u_bdscnn|fc1_folded_top:u_fc1|fc1_folded_neuron:gen_fc1_neurons[22].u_neuron|popcount:pc_fm
 69. Parameter Settings for User Entity Instance: bdscnn_top:u_bdscnn|fc1_folded_top:u_fc1|fc1_folded_neuron:gen_fc1_neurons[22].u_neuron|popcount:pc_rr
 70. Parameter Settings for User Entity Instance: bdscnn_top:u_bdscnn|fc1_folded_top:u_fc1|fc1_folded_neuron:gen_fc1_neurons[23].u_neuron|popcount:pc_fm
 71. Parameter Settings for User Entity Instance: bdscnn_top:u_bdscnn|fc1_folded_top:u_fc1|fc1_folded_neuron:gen_fc1_neurons[23].u_neuron|popcount:pc_rr
 72. Parameter Settings for User Entity Instance: bdscnn_top:u_bdscnn|fc1_folded_top:u_fc1|fc1_folded_neuron:gen_fc1_neurons[24].u_neuron|popcount:pc_fm
 73. Parameter Settings for User Entity Instance: bdscnn_top:u_bdscnn|fc1_folded_top:u_fc1|fc1_folded_neuron:gen_fc1_neurons[24].u_neuron|popcount:pc_rr
 74. Parameter Settings for User Entity Instance: bdscnn_top:u_bdscnn|fc1_folded_top:u_fc1|fc1_folded_neuron:gen_fc1_neurons[25].u_neuron|popcount:pc_fm
 75. Parameter Settings for User Entity Instance: bdscnn_top:u_bdscnn|fc1_folded_top:u_fc1|fc1_folded_neuron:gen_fc1_neurons[25].u_neuron|popcount:pc_rr
 76. Parameter Settings for User Entity Instance: bdscnn_top:u_bdscnn|fc1_folded_top:u_fc1|fc1_folded_neuron:gen_fc1_neurons[26].u_neuron|popcount:pc_fm
 77. Parameter Settings for User Entity Instance: bdscnn_top:u_bdscnn|fc1_folded_top:u_fc1|fc1_folded_neuron:gen_fc1_neurons[26].u_neuron|popcount:pc_rr
 78. Parameter Settings for User Entity Instance: bdscnn_top:u_bdscnn|fc1_folded_top:u_fc1|fc1_folded_neuron:gen_fc1_neurons[27].u_neuron|popcount:pc_fm
 79. Parameter Settings for User Entity Instance: bdscnn_top:u_bdscnn|fc1_folded_top:u_fc1|fc1_folded_neuron:gen_fc1_neurons[27].u_neuron|popcount:pc_rr
 80. Parameter Settings for User Entity Instance: bdscnn_top:u_bdscnn|fc1_folded_top:u_fc1|fc1_folded_neuron:gen_fc1_neurons[28].u_neuron|popcount:pc_fm
 81. Parameter Settings for User Entity Instance: bdscnn_top:u_bdscnn|fc1_folded_top:u_fc1|fc1_folded_neuron:gen_fc1_neurons[28].u_neuron|popcount:pc_rr
 82. Parameter Settings for User Entity Instance: bdscnn_top:u_bdscnn|fc1_folded_top:u_fc1|fc1_folded_neuron:gen_fc1_neurons[29].u_neuron|popcount:pc_fm
 83. Parameter Settings for User Entity Instance: bdscnn_top:u_bdscnn|fc1_folded_top:u_fc1|fc1_folded_neuron:gen_fc1_neurons[29].u_neuron|popcount:pc_rr
 84. Parameter Settings for User Entity Instance: bdscnn_top:u_bdscnn|fc1_folded_top:u_fc1|fc1_folded_neuron:gen_fc1_neurons[30].u_neuron|popcount:pc_fm
 85. Parameter Settings for User Entity Instance: bdscnn_top:u_bdscnn|fc1_folded_top:u_fc1|fc1_folded_neuron:gen_fc1_neurons[30].u_neuron|popcount:pc_rr
 86. Parameter Settings for User Entity Instance: bdscnn_top:u_bdscnn|fc1_folded_top:u_fc1|fc1_folded_neuron:gen_fc1_neurons[31].u_neuron|popcount:pc_fm
 87. Parameter Settings for User Entity Instance: bdscnn_top:u_bdscnn|fc1_folded_top:u_fc1|fc1_folded_neuron:gen_fc1_neurons[31].u_neuron|popcount:pc_rr
 88. Parameter Settings for User Entity Instance: bdscnn_top:u_bdscnn|fc2_top:u_fc2|popcount:pc_0
 89. Parameter Settings for User Entity Instance: bdscnn_top:u_bdscnn|fc2_top:u_fc2|popcount:pc_1
 90. Parameter Settings for User Entity Instance: bdscnn_top:u_bdscnn|fc2_top:u_fc2|popcount:pc_2
 91. Parameter Settings for Inferred Entity Instance: bdscnn_top:u_bdscnn|mcp_top:u_mcp|window4x4s2:u_window|altshift_taps:row1_rtl_0
 92. Parameter Settings for Inferred Entity Instance: bdscnn_top:u_bdscnn|dw_top:u_dw|window3x3s1:u_window|altshift_taps:buff_row1_rtl_0
 93. altshift_taps Parameter Settings by Entity Instance
 94. Port Connectivity Checks: "bdscnn_top:u_bdscnn|fc2_top:u_fc2|popcount:pc_2"
 95. Port Connectivity Checks: "bdscnn_top:u_bdscnn|fc2_top:u_fc2|popcount:pc_1"
 96. Port Connectivity Checks: "bdscnn_top:u_bdscnn|fc2_top:u_fc2|popcount:pc_0"
 97. Port Connectivity Checks: "bdscnn_top:u_bdscnn|fc1_folded_top:u_fc1|fc1_folded_neuron:gen_fc1_neurons[31].u_neuron"
 98. Port Connectivity Checks: "bdscnn_top:u_bdscnn|fc1_folded_top:u_fc1|fc1_folded_neuron:gen_fc1_neurons[30].u_neuron"
 99. Port Connectivity Checks: "bdscnn_top:u_bdscnn|fc1_folded_top:u_fc1|fc1_folded_neuron:gen_fc1_neurons[29].u_neuron"
100. Port Connectivity Checks: "bdscnn_top:u_bdscnn|fc1_folded_top:u_fc1|fc1_folded_neuron:gen_fc1_neurons[28].u_neuron"
101. Port Connectivity Checks: "bdscnn_top:u_bdscnn|fc1_folded_top:u_fc1|fc1_folded_neuron:gen_fc1_neurons[27].u_neuron"
102. Port Connectivity Checks: "bdscnn_top:u_bdscnn|fc1_folded_top:u_fc1|fc1_folded_neuron:gen_fc1_neurons[26].u_neuron"
103. Port Connectivity Checks: "bdscnn_top:u_bdscnn|fc1_folded_top:u_fc1|fc1_folded_neuron:gen_fc1_neurons[25].u_neuron"
104. Port Connectivity Checks: "bdscnn_top:u_bdscnn|fc1_folded_top:u_fc1|fc1_folded_neuron:gen_fc1_neurons[24].u_neuron"
105. Port Connectivity Checks: "bdscnn_top:u_bdscnn|fc1_folded_top:u_fc1|fc1_folded_neuron:gen_fc1_neurons[23].u_neuron"
106. Port Connectivity Checks: "bdscnn_top:u_bdscnn|fc1_folded_top:u_fc1|fc1_folded_neuron:gen_fc1_neurons[22].u_neuron"
107. Port Connectivity Checks: "bdscnn_top:u_bdscnn|fc1_folded_top:u_fc1|fc1_folded_neuron:gen_fc1_neurons[21].u_neuron"
108. Port Connectivity Checks: "bdscnn_top:u_bdscnn|fc1_folded_top:u_fc1|fc1_folded_neuron:gen_fc1_neurons[20].u_neuron"
109. Port Connectivity Checks: "bdscnn_top:u_bdscnn|fc1_folded_top:u_fc1|fc1_folded_neuron:gen_fc1_neurons[19].u_neuron"
110. Port Connectivity Checks: "bdscnn_top:u_bdscnn|fc1_folded_top:u_fc1|fc1_folded_neuron:gen_fc1_neurons[18].u_neuron"
111. Port Connectivity Checks: "bdscnn_top:u_bdscnn|fc1_folded_top:u_fc1|fc1_folded_neuron:gen_fc1_neurons[17].u_neuron"
112. Port Connectivity Checks: "bdscnn_top:u_bdscnn|fc1_folded_top:u_fc1|fc1_folded_neuron:gen_fc1_neurons[16].u_neuron"
113. Port Connectivity Checks: "bdscnn_top:u_bdscnn|fc1_folded_top:u_fc1|fc1_folded_neuron:gen_fc1_neurons[15].u_neuron"
114. Port Connectivity Checks: "bdscnn_top:u_bdscnn|fc1_folded_top:u_fc1|fc1_folded_neuron:gen_fc1_neurons[14].u_neuron"
115. Port Connectivity Checks: "bdscnn_top:u_bdscnn|fc1_folded_top:u_fc1|fc1_folded_neuron:gen_fc1_neurons[13].u_neuron"
116. Port Connectivity Checks: "bdscnn_top:u_bdscnn|fc1_folded_top:u_fc1|fc1_folded_neuron:gen_fc1_neurons[12].u_neuron"
117. Port Connectivity Checks: "bdscnn_top:u_bdscnn|fc1_folded_top:u_fc1|fc1_folded_neuron:gen_fc1_neurons[11].u_neuron"
118. Port Connectivity Checks: "bdscnn_top:u_bdscnn|fc1_folded_top:u_fc1|fc1_folded_neuron:gen_fc1_neurons[10].u_neuron"
119. Port Connectivity Checks: "bdscnn_top:u_bdscnn|fc1_folded_top:u_fc1|fc1_folded_neuron:gen_fc1_neurons[9].u_neuron"
120. Port Connectivity Checks: "bdscnn_top:u_bdscnn|fc1_folded_top:u_fc1|fc1_folded_neuron:gen_fc1_neurons[8].u_neuron"
121. Port Connectivity Checks: "bdscnn_top:u_bdscnn|fc1_folded_top:u_fc1|fc1_folded_neuron:gen_fc1_neurons[7].u_neuron"
122. Port Connectivity Checks: "bdscnn_top:u_bdscnn|fc1_folded_top:u_fc1|fc1_folded_neuron:gen_fc1_neurons[6].u_neuron"
123. Port Connectivity Checks: "bdscnn_top:u_bdscnn|fc1_folded_top:u_fc1|fc1_folded_neuron:gen_fc1_neurons[5].u_neuron"
124. Port Connectivity Checks: "bdscnn_top:u_bdscnn|fc1_folded_top:u_fc1|fc1_folded_neuron:gen_fc1_neurons[4].u_neuron"
125. Port Connectivity Checks: "bdscnn_top:u_bdscnn|fc1_folded_top:u_fc1|fc1_folded_neuron:gen_fc1_neurons[3].u_neuron"
126. Port Connectivity Checks: "bdscnn_top:u_bdscnn|fc1_folded_top:u_fc1|fc1_folded_neuron:gen_fc1_neurons[2].u_neuron"
127. Port Connectivity Checks: "bdscnn_top:u_bdscnn|fc1_folded_top:u_fc1|fc1_folded_neuron:gen_fc1_neurons[1].u_neuron"
128. Port Connectivity Checks: "bdscnn_top:u_bdscnn|fc1_folded_top:u_fc1|fc1_folded_neuron:gen_fc1_neurons[0].u_neuron"
129. Port Connectivity Checks: "bdscnn_top:u_bdscnn|pw_top:u_pw|pw_pe:gen_pw_neurons[17].u_pe"
130. Port Connectivity Checks: "bdscnn_top:u_bdscnn|pw_top:u_pw|pw_pe:gen_pw_neurons[16].u_pe"
131. Port Connectivity Checks: "bdscnn_top:u_bdscnn|pw_top:u_pw|pw_pe:gen_pw_neurons[15].u_pe"
132. Port Connectivity Checks: "bdscnn_top:u_bdscnn|pw_top:u_pw|pw_pe:gen_pw_neurons[14].u_pe"
133. Port Connectivity Checks: "bdscnn_top:u_bdscnn|pw_top:u_pw|pw_pe:gen_pw_neurons[13].u_pe"
134. Port Connectivity Checks: "bdscnn_top:u_bdscnn|pw_top:u_pw|pw_pe:gen_pw_neurons[12].u_pe"
135. Port Connectivity Checks: "bdscnn_top:u_bdscnn|pw_top:u_pw|pw_pe:gen_pw_neurons[11].u_pe"
136. Port Connectivity Checks: "bdscnn_top:u_bdscnn|pw_top:u_pw|pw_pe:gen_pw_neurons[10].u_pe"
137. Port Connectivity Checks: "bdscnn_top:u_bdscnn|pw_top:u_pw|pw_pe:gen_pw_neurons[9].u_pe"
138. Port Connectivity Checks: "bdscnn_top:u_bdscnn|pw_top:u_pw|pw_pe:gen_pw_neurons[8].u_pe"
139. Port Connectivity Checks: "bdscnn_top:u_bdscnn|pw_top:u_pw|pw_pe:gen_pw_neurons[7].u_pe"
140. Port Connectivity Checks: "bdscnn_top:u_bdscnn|pw_top:u_pw|pw_pe:gen_pw_neurons[6].u_pe"
141. Port Connectivity Checks: "bdscnn_top:u_bdscnn|pw_top:u_pw|pw_pe:gen_pw_neurons[5].u_pe"
142. Port Connectivity Checks: "bdscnn_top:u_bdscnn|pw_top:u_pw|pw_pe:gen_pw_neurons[4].u_pe"
143. Port Connectivity Checks: "bdscnn_top:u_bdscnn|pw_top:u_pw|pw_pe:gen_pw_neurons[3].u_pe"
144. Port Connectivity Checks: "bdscnn_top:u_bdscnn|pw_top:u_pw|pw_pe:gen_pw_neurons[2].u_pe"
145. Port Connectivity Checks: "bdscnn_top:u_bdscnn|pw_top:u_pw|pw_pe:gen_pw_neurons[1].u_pe"
146. Port Connectivity Checks: "bdscnn_top:u_bdscnn|pw_top:u_pw|pw_pe:gen_pw_neurons[0].u_pe"
147. Port Connectivity Checks: "bdscnn_top:u_bdscnn|dw_top:u_dw|dw_pe:pe_ch2"
148. Port Connectivity Checks: "bdscnn_top:u_bdscnn|dw_top:u_dw|dw_pe:pe_ch1"
149. Port Connectivity Checks: "bdscnn_top:u_bdscnn|dw_top:u_dw|dw_pe:pe_ch0"
150. Port Connectivity Checks: "bdscnn_top:u_bdscnn|mcp_top:u_mcp|mcp_pe:gen_mcp_filters[2].u_pe"
151. Port Connectivity Checks: "bdscnn_top:u_bdscnn|mcp_top:u_mcp|mcp_pe:gen_mcp_filters[1].u_pe"
152. Port Connectivity Checks: "bdscnn_top:u_bdscnn|mcp_top:u_mcp|mcp_pe:gen_mcp_filters[0].u_pe"
153. Port Connectivity Checks: "bdscnn_top:u_bdscnn"
154. Post-Synthesis Netlist Statistics for Top Partition
155. Elapsed Time Per Partition
156. Analysis & Synthesis Messages



----------------
; Legal Notice ;
----------------
Copyright (C) 2020  Intel Corporation. All rights reserved.
Your use of Intel Corporation's design tools, logic functions 
and other software and tools, and any partner logic 
functions, and any output files from any of the foregoing 
(including device programming or simulation files), and any 
associated documentation or information are expressly subject 
to the terms and conditions of the Intel Program License 
Subscription Agreement, the Intel Quartus Prime License Agreement,
the Intel FPGA IP License Agreement, or other applicable license
agreement, including, without limitation, that your use is for
the sole purpose of programming logic devices manufactured by
Intel and sold by Intel or its authorized distributors.  Please
refer to the applicable agreement for further details, at
https://fpgasoftware.intel.com/eula.



+----------------------------------------------------------------------------------+
; Analysis & Synthesis Summary                                                     ;
+------------------------------------+---------------------------------------------+
; Analysis & Synthesis Status        ; Successful - Fri Jun 26 16:12:55 2026       ;
; Quartus Prime Version              ; 20.1.1 Build 720 11/11/2020 SJ Lite Edition ;
; Revision Name                      ; bdscnn_top                                  ;
; Top-level Entity Name              ; bdscnn_ecg_tb                               ;
; Family                             ; MAX 10                                      ;
; Total logic elements               ; 10,631                                      ;
;     Total combinational functions  ; 10,224                                      ;
;     Dedicated logic registers      ; 938                                         ;
; Total registers                    ; 938                                         ;
; Total pins                         ; 10                                          ;
; Total virtual pins                 ; 0                                           ;
; Total memory bits                  ; 142                                         ;
; Embedded Multiplier 9-bit elements ; 0                                           ;
; Total PLLs                         ; 0                                           ;
; UFM blocks                         ; 0                                           ;
; ADC blocks                         ; 0                                           ;
+------------------------------------+---------------------------------------------+


+------------------------------------------------------------------------------------------------------------+
; Analysis & Synthesis Settings                                                                              ;
+------------------------------------------------------------------+--------------------+--------------------+
; Option                                                           ; Setting            ; Default Value      ;
+------------------------------------------------------------------+--------------------+--------------------+
; Device                                                           ; 10M50DAF484C7G     ;                    ;
; Top-level entity name                                            ; bdscnn_ecg_tb      ; bdscnn_top         ;
; Family name                                                      ; MAX 10             ; Cyclone V          ;
; Use smart compilation                                            ; Off                ; Off                ;
; Enable parallel Assembler and Timing Analyzer during compilation ; On                 ; On                 ;
; Enable compact report table                                      ; Off                ; Off                ;
; Restructure Multiplexers                                         ; Auto               ; Auto               ;
; Create Debugging Nodes for IP Cores                              ; Off                ; Off                ;
; Preserve fewer node names                                        ; On                 ; On                 ;
; Intel FPGA IP Evaluation Mode                                    ; Enable             ; Enable             ;
; Verilog Version                                                  ; Verilog_2001       ; Verilog_2001       ;
; VHDL Version                                                     ; VHDL_1993          ; VHDL_1993          ;
; State Machine Processing                                         ; Auto               ; Auto               ;
; Safe State Machine                                               ; Off                ; Off                ;
; Extract Verilog State Machines                                   ; On                 ; On                 ;
; Extract VHDL State Machines                                      ; On                 ; On                 ;
; Ignore Verilog initial constructs                                ; Off                ; Off                ;
; Iteration limit for constant Verilog loops                       ; 5000               ; 5000               ;
; Iteration limit for non-constant Verilog loops                   ; 250                ; 250                ;
; Add Pass-Through Logic to Inferred RAMs                          ; On                 ; On                 ;
; Infer RAMs from Raw Logic                                        ; On                 ; On                 ;
; Parallel Synthesis                                               ; On                 ; On                 ;
; DSP Block Balancing                                              ; Auto               ; Auto               ;
; NOT Gate Push-Back                                               ; On                 ; On                 ;
; Power-Up Don't Care                                              ; On                 ; On                 ;
; Remove Redundant Logic Cells                                     ; Off                ; Off                ;
; Remove Duplicate Registers                                       ; On                 ; On                 ;
; Ignore CARRY Buffers                                             ; Off                ; Off                ;
; Ignore CASCADE Buffers                                           ; Off                ; Off                ;
; Ignore GLOBAL Buffers                                            ; Off                ; Off                ;
; Ignore ROW GLOBAL Buffers                                        ; Off                ; Off                ;
; Ignore LCELL Buffers                                             ; Off                ; Off                ;
; Ignore SOFT Buffers                                              ; On                 ; On                 ;
; Limit AHDL Integers to 32 Bits                                   ; Off                ; Off                ;
; Optimization Technique                                           ; Balanced           ; Balanced           ;
; Carry Chain Length                                               ; 70                 ; 70                 ;
; Auto Carry Chains                                                ; On                 ; On                 ;
; Auto Open-Drain Pins                                             ; On                 ; On                 ;
; Perform WYSIWYG Primitive Resynthesis                            ; Off                ; Off                ;
; Auto ROM Replacement                                             ; On                 ; On                 ;
; Auto RAM Replacement                                             ; On                 ; On                 ;
; Auto DSP Block Replacement                                       ; On                 ; On                 ;
; Auto Shift Register Replacement                                  ; Auto               ; Auto               ;
; Allow Shift Register Merging across Hierarchies                  ; Auto               ; Auto               ;
; Auto Clock Enable Replacement                                    ; On                 ; On                 ;
; Strict RAM Replacement                                           ; Off                ; Off                ;
; Allow Synchronous Control Signals                                ; On                 ; On                 ;
; Force Use of Synchronous Clear Signals                           ; Off                ; Off                ;
; Auto RAM Block Balancing                                         ; On                 ; On                 ;
; Auto RAM to Logic Cell Conversion                                ; Off                ; Off                ;
; Auto Resource Sharing                                            ; Off                ; Off                ;
; Allow Any RAM Size For Recognition                               ; Off                ; Off                ;
; Allow Any ROM Size For Recognition                               ; Off                ; Off                ;
; Allow Any Shift Register Size For Recognition                    ; Off                ; Off                ;
; Use LogicLock Constraints during Resource Balancing              ; On                 ; On                 ;
; Ignore translate_off and synthesis_off directives                ; Off                ; Off                ;
; Timing-Driven Synthesis                                          ; On                 ; On                 ;
; Report Parameter Settings                                        ; On                 ; On                 ;
; Report Source Assignments                                        ; On                 ; On                 ;
; Report Connectivity Checks                                       ; On                 ; On                 ;
; Ignore Maximum Fan-Out Assignments                               ; Off                ; Off                ;
; Synchronization Register Chain Length                            ; 2                  ; 2                  ;
; Power Optimization During Synthesis                              ; Normal compilation ; Normal compilation ;
; HDL message level                                                ; Level2             ; Level2             ;
; Suppress Register Optimization Related Messages                  ; Off                ; Off                ;
; Number of Removed Registers Reported in Synthesis Report         ; 5000               ; 5000               ;
; Number of Swept Nodes Reported in Synthesis Report               ; 5000               ; 5000               ;
; Number of Inverted Registers Reported in Synthesis Report        ; 100                ; 100                ;
; Clock MUX Protection                                             ; On                 ; On                 ;
; Auto Gated Clock Conversion                                      ; Off                ; Off                ;
; Block Design Naming                                              ; Auto               ; Auto               ;
; SDC constraint protection                                        ; Off                ; Off                ;
; Synthesis Effort                                                 ; Auto               ; Auto               ;
; Shift Register Replacement - Allow Asynchronous Clear Signal     ; On                 ; On                 ;
; Pre-Mapping Resynthesis Optimization                             ; Off                ; Off                ;
; Analysis & Synthesis Message Level                               ; Medium             ; Medium             ;
; Disable Register Merging Across Hierarchies                      ; Auto               ; Auto               ;
; Resource Aware Inference For Block RAM                           ; On                 ; On                 ;
+------------------------------------------------------------------+--------------------+--------------------+


+------------------------------------------+
; Parallel Compilation                     ;
+----------------------------+-------------+
; Processors                 ; Number      ;
+----------------------------+-------------+
; Number detected on machine ; 8           ;
; Maximum allowed            ; 4           ;
;                            ;             ;
; Average used               ; 1.00        ;
; Maximum used               ; 4           ;
;                            ;             ;
; Usage by Processor         ; % Time Used ;
;     Processor 1            ; 100.0%      ;
;     Processor 2            ;   0.0%      ;
;     Processor 3            ;   0.0%      ;
;     Processor 4            ;   0.0%      ;
+----------------------------+-------------+


+------------------------------------------------------------------------------------------------------------------------------------------------------------------------------------+
; Analysis & Synthesis Source Files Read                                                                                                                                             ;
+----------------------------------+-----------------+------------------------------+--------------------------------------------------------------------------------------+---------+
; File Name with User-Entered Path ; Used in Netlist ; File Type                    ; File Name with Absolute Path                                                         ; Library ;
+----------------------------------+-----------------+------------------------------+--------------------------------------------------------------------------------------+---------+
; bdscnn_ecg_tb.sv                 ; yes             ; User SystemVerilog HDL File  ; /home/ctw-fpga/Desktop/project/ecg_disease/RTL/rtl/bdscnn_ecg_tb.sv                  ;         ;
; hw_stimulus.sv                   ; yes             ; User SystemVerilog HDL File  ; /home/ctw-fpga/Desktop/project/ecg_disease/RTL/rtl/hw_stimulus.sv                    ;         ;
; fc1_folded_neuron.sv             ; yes             ; User SystemVerilog HDL File  ; /home/ctw-fpga/Desktop/project/ecg_disease/RTL/rtl/fc1_folded_neuron.sv              ;         ;
; fc1_folded_top.sv                ; yes             ; User SystemVerilog HDL File  ; /home/ctw-fpga/Desktop/project/ecg_disease/RTL/rtl/fc1_folded_top.sv                 ;         ;
; fc1_constants.sv                 ; yes             ; User SystemVerilog HDL File  ; /home/ctw-fpga/Desktop/project/ecg_disease/RTL/rtl/fc1_constants.sv                  ;         ;
; dw_top.sv                        ; yes             ; User SystemVerilog HDL File  ; /home/ctw-fpga/Desktop/project/ecg_disease/RTL/rtl/dw_top.sv                         ;         ;
; mcp_pe.sv                        ; yes             ; User SystemVerilog HDL File  ; /home/ctw-fpga/Desktop/project/ecg_disease/RTL/rtl/mcp_pe.sv                         ;         ;
; bdscnn_top.sv                    ; yes             ; User SystemVerilog HDL File  ; /home/ctw-fpga/Desktop/project/ecg_disease/RTL/rtl/bdscnn_top.sv                     ;         ;
; fc2_top.sv                       ; yes             ; User SystemVerilog HDL File  ; /home/ctw-fpga/Desktop/project/ecg_disease/RTL/rtl/fc2_top.sv                        ;         ;
; popcount.sv                      ; yes             ; User SystemVerilog HDL File  ; /home/ctw-fpga/Desktop/project/ecg_disease/RTL/rtl/popcount.sv                       ;         ;
; window3x3s1.sv                   ; yes             ; User SystemVerilog HDL File  ; /home/ctw-fpga/Desktop/project/ecg_disease/RTL/rtl/window3x3s1.sv                    ;         ;
; mcp_top.sv                       ; yes             ; User SystemVerilog HDL File  ; /home/ctw-fpga/Desktop/project/ecg_disease/RTL/rtl/mcp_top.sv                        ;         ;
; pw_top.sv                        ; yes             ; User SystemVerilog HDL File  ; /home/ctw-fpga/Desktop/project/ecg_disease/RTL/rtl/pw_top.sv                         ;         ;
; window4x4s2.sv                   ; yes             ; User SystemVerilog HDL File  ; /home/ctw-fpga/Desktop/project/ecg_disease/RTL/rtl/window4x4s2.sv                    ;         ;
; pw_pe.sv                         ; yes             ; User SystemVerilog HDL File  ; /home/ctw-fpga/Desktop/project/ecg_disease/RTL/rtl/pw_pe.sv                          ;         ;
; dw_pe.sv                         ; yes             ; User SystemVerilog HDL File  ; /home/ctw-fpga/Desktop/project/ecg_disease/RTL/rtl/dw_pe.sv                          ;         ;
; altshift_taps.tdf                ; yes             ; Megafunction                 ; /home/ctw-fpga/intelFPGA_lite/20.1/quartus/libraries/megafunctions/altshift_taps.tdf ;         ;
; altdpram.inc                     ; yes             ; Megafunction                 ; /home/ctw-fpga/intelFPGA_lite/20.1/quartus/libraries/megafunctions/altdpram.inc      ;         ;
; lpm_counter.inc                  ; yes             ; Megafunction                 ; /home/ctw-fpga/intelFPGA_lite/20.1/quartus/libraries/megafunctions/lpm_counter.inc   ;         ;
; lpm_compare.inc                  ; yes             ; Megafunction                 ; /home/ctw-fpga/intelFPGA_lite/20.1/quartus/libraries/megafunctions/lpm_compare.inc   ;         ;
; lpm_constant.inc                 ; yes             ; Megafunction                 ; /home/ctw-fpga/intelFPGA_lite/20.1/quartus/libraries/megafunctions/lpm_constant.inc  ;         ;
; db/shift_taps_fgm.tdf            ; yes             ; Auto-Generated Megafunction  ; /home/ctw-fpga/Desktop/project/ecg_disease/RTL/rtl/db/shift_taps_fgm.tdf             ;         ;
; db/altsyncram_kca1.tdf           ; yes             ; Auto-Generated Megafunction  ; /home/ctw-fpga/Desktop/project/ecg_disease/RTL/rtl/db/altsyncram_kca1.tdf            ;         ;
; db/cntr_f5f.tdf                  ; yes             ; Auto-Generated Megafunction  ; /home/ctw-fpga/Desktop/project/ecg_disease/RTL/rtl/db/cntr_f5f.tdf                   ;         ;
; db/cmpr_hrb.tdf                  ; yes             ; Auto-Generated Megafunction  ; /home/ctw-fpga/Desktop/project/ecg_disease/RTL/rtl/db/cmpr_hrb.tdf                   ;         ;
; db/cntr_5lg.tdf                  ; yes             ; Auto-Generated Megafunction  ; /home/ctw-fpga/Desktop/project/ecg_disease/RTL/rtl/db/cntr_5lg.tdf                   ;         ;
; db/shift_taps_ggm.tdf            ; yes             ; Auto-Generated Megafunction  ; /home/ctw-fpga/Desktop/project/ecg_disease/RTL/rtl/db/shift_taps_ggm.tdf             ;         ;
; db/altsyncram_mca1.tdf           ; yes             ; Auto-Generated Megafunction  ; /home/ctw-fpga/Desktop/project/ecg_disease/RTL/rtl/db/altsyncram_mca1.tdf            ;         ;
; db/cntr_g5f.tdf                  ; yes             ; Auto-Generated Megafunction  ; /home/ctw-fpga/Desktop/project/ecg_disease/RTL/rtl/db/cntr_g5f.tdf                   ;         ;
; db/cmpr_grb.tdf                  ; yes             ; Auto-Generated Megafunction  ; /home/ctw-fpga/Desktop/project/ecg_disease/RTL/rtl/db/cmpr_grb.tdf                   ;         ;
; db/cntr_6lg.tdf                  ; yes             ; Auto-Generated Megafunction  ; /home/ctw-fpga/Desktop/project/ecg_disease/RTL/rtl/db/cntr_6lg.tdf                   ;         ;
+----------------------------------+-----------------+------------------------------+--------------------------------------------------------------------------------------+---------+


+-----------------------------------------------------------------------------------------------------+
; Analysis & Synthesis Resource Usage Summary                                                         ;
+---------------------------------------------+-------------------------------------------------------+
; Resource                                    ; Usage                                                 ;
+---------------------------------------------+-------------------------------------------------------+
; Estimated Total logic elements              ; 10,631                                                ;
;                                             ;                                                       ;
; Total combinational functions               ; 10224                                                 ;
; Logic element usage by number of LUT inputs ;                                                       ;
;     -- 4 input functions                    ; 7808                                                  ;
;     -- 3 input functions                    ; 1445                                                  ;
;     -- <=2 input functions                  ; 971                                                   ;
;                                             ;                                                       ;
; Logic elements by mode                      ;                                                       ;
;     -- normal mode                          ; 9068                                                  ;
;     -- arithmetic mode                      ; 1156                                                  ;
;                                             ;                                                       ;
; Total registers                             ; 938                                                   ;
;     -- Dedicated logic registers            ; 938                                                   ;
;     -- I/O registers                        ; 0                                                     ;
;                                             ;                                                       ;
; I/O pins                                    ; 10                                                    ;
; Total memory bits                           ; 142                                                   ;
;                                             ;                                                       ;
; Embedded Multiplier 9-bit elements          ; 0                                                     ;
;                                             ;                                                       ;
; Maximum fan-out node                        ; bdscnn_top:u_bdscnn|fc1_folded_top:u_fc1|pixel_cnt[0] ;
; Maximum fan-out                             ; 3128                                                  ;
; Total fan-out                               ; 41398                                                 ;
; Average fan-out                             ; 3.70                                                  ;
+---------------------------------------------+-------------------------------------------------------+


+-------------------------------------------------------------------------------------------------------------------------------------------------------------------------------------------------------------------------------------------------------------------------------------------------------------------------------------------------------------------------------------------------------------------+
; Analysis & Synthesis Resource Utilization by Entity                                                                                                                                                                                                                                                                                                                                                               ;
+-----------------------------------------------------------+---------------------+---------------------------+-------------+------------+--------------+---------+-----------+------+--------------+------------+---------------------------------------------------------------------------------------------------------------------------------------------------------------+-------------------+--------------+
; Compilation Hierarchy Node                                ; Combinational ALUTs ; Dedicated Logic Registers ; Memory Bits ; UFM Blocks ; DSP Elements ; DSP 9x9 ; DSP 18x18 ; Pins ; Virtual Pins ; ADC blocks ; Full Hierarchy Name                                                                                                                                           ; Entity Name       ; Library Name ;
+-----------------------------------------------------------+---------------------+---------------------------+-------------+------------+--------------+---------+-----------+------+--------------+------------+---------------------------------------------------------------------------------------------------------------------------------------------------------------+-------------------+--------------+
; |bdscnn_ecg_tb                                            ; 10224 (45)          ; 938 (15)                  ; 142         ; 0          ; 0            ; 0       ; 0         ; 10   ; 0            ; 0          ; |bdscnn_ecg_tb                                                                                                                                                ; bdscnn_ecg_tb     ; work         ;
;    |bdscnn_top:u_bdscnn|                                  ; 10179 (0)           ; 923 (0)                   ; 142         ; 0          ; 0            ; 0       ; 0         ; 0    ; 0            ; 0          ; |bdscnn_ecg_tb|bdscnn_top:u_bdscnn                                                                                                                            ; bdscnn_top        ; work         ;
;       |dw_top:u_dw|                                       ; 36 (0)              ; 71 (0)                    ; 52          ; 0          ; 0            ; 0       ; 0         ; 0    ; 0            ; 0          ; |bdscnn_ecg_tb|bdscnn_top:u_bdscnn|dw_top:u_dw                                                                                                                ; dw_top            ; work         ;
;          |dw_pe:pe_ch0|                                   ; 3 (0)               ; 9 (9)                     ; 0           ; 0          ; 0            ; 0       ; 0         ; 0    ; 0            ; 0          ; |bdscnn_ecg_tb|bdscnn_top:u_bdscnn|dw_top:u_dw|dw_pe:pe_ch0                                                                                                   ; dw_pe             ; work         ;
;             |popcount:popcount|                           ; 3 (3)               ; 0 (0)                     ; 0           ; 0          ; 0            ; 0       ; 0         ; 0    ; 0            ; 0          ; |bdscnn_ecg_tb|bdscnn_top:u_bdscnn|dw_top:u_dw|dw_pe:pe_ch0|popcount:popcount                                                                                 ; popcount          ; work         ;
;          |dw_pe:pe_ch1|                                   ; 2 (0)               ; 6 (6)                     ; 0           ; 0          ; 0            ; 0       ; 0         ; 0    ; 0            ; 0          ; |bdscnn_ecg_tb|bdscnn_top:u_bdscnn|dw_top:u_dw|dw_pe:pe_ch1                                                                                                   ; dw_pe             ; work         ;
;             |popcount:popcount|                           ; 2 (2)               ; 0 (0)                     ; 0           ; 0          ; 0            ; 0       ; 0         ; 0    ; 0            ; 0          ; |bdscnn_ecg_tb|bdscnn_top:u_bdscnn|dw_top:u_dw|dw_pe:pe_ch1|popcount:popcount                                                                                 ; popcount          ; work         ;
;          |dw_pe:pe_ch2|                                   ; 3 (0)               ; 8 (8)                     ; 0           ; 0          ; 0            ; 0       ; 0         ; 0    ; 0            ; 0          ; |bdscnn_ecg_tb|bdscnn_top:u_bdscnn|dw_top:u_dw|dw_pe:pe_ch2                                                                                                   ; dw_pe             ; work         ;
;             |popcount:popcount|                           ; 3 (3)               ; 0 (0)                     ; 0           ; 0          ; 0            ; 0       ; 0         ; 0    ; 0            ; 0          ; |bdscnn_ecg_tb|bdscnn_top:u_bdscnn|dw_top:u_dw|dw_pe:pe_ch2|popcount:popcount                                                                                 ; popcount          ; work         ;
;          |window3x3s1:u_window|                           ; 28 (12)             ; 48 (39)                   ; 52          ; 0          ; 0            ; 0       ; 0         ; 0    ; 0            ; 0          ; |bdscnn_ecg_tb|bdscnn_top:u_bdscnn|dw_top:u_dw|window3x3s1:u_window                                                                                           ; window3x3s1       ; work         ;
;             |altshift_taps:buff_row1_rtl_0|               ; 16 (0)              ; 9 (0)                     ; 52          ; 0          ; 0            ; 0       ; 0         ; 0    ; 0            ; 0          ; |bdscnn_ecg_tb|bdscnn_top:u_bdscnn|dw_top:u_dw|window3x3s1:u_window|altshift_taps:buff_row1_rtl_0                                                             ; altshift_taps     ; work         ;
;                |shift_taps_ggm:auto_generated|            ; 16 (0)              ; 9 (1)                     ; 52          ; 0          ; 0            ; 0       ; 0         ; 0    ; 0            ; 0          ; |bdscnn_ecg_tb|bdscnn_top:u_bdscnn|dw_top:u_dw|window3x3s1:u_window|altshift_taps:buff_row1_rtl_0|shift_taps_ggm:auto_generated                               ; shift_taps_ggm    ; work         ;
;                   |altsyncram_mca1:altsyncram2|           ; 0 (0)               ; 0 (0)                     ; 52          ; 0          ; 0            ; 0       ; 0         ; 0    ; 0            ; 0          ; |bdscnn_ecg_tb|bdscnn_top:u_bdscnn|dw_top:u_dw|window3x3s1:u_window|altshift_taps:buff_row1_rtl_0|shift_taps_ggm:auto_generated|altsyncram_mca1:altsyncram2   ; altsyncram_mca1   ; work         ;
;                   |cntr_6lg:cntr3|                        ; 6 (6)               ; 4 (4)                     ; 0           ; 0          ; 0            ; 0       ; 0         ; 0    ; 0            ; 0          ; |bdscnn_ecg_tb|bdscnn_top:u_bdscnn|dw_top:u_dw|window3x3s1:u_window|altshift_taps:buff_row1_rtl_0|shift_taps_ggm:auto_generated|cntr_6lg:cntr3                ; cntr_6lg          ; work         ;
;                   |cntr_g5f:cntr1|                        ; 10 (9)              ; 4 (4)                     ; 0           ; 0          ; 0            ; 0       ; 0         ; 0    ; 0            ; 0          ; |bdscnn_ecg_tb|bdscnn_top:u_bdscnn|dw_top:u_dw|window3x3s1:u_window|altshift_taps:buff_row1_rtl_0|shift_taps_ggm:auto_generated|cntr_g5f:cntr1                ; cntr_g5f          ; work         ;
;                      |cmpr_grb:cmpr6|                     ; 1 (1)               ; 0 (0)                     ; 0           ; 0          ; 0            ; 0       ; 0         ; 0    ; 0            ; 0          ; |bdscnn_ecg_tb|bdscnn_top:u_bdscnn|dw_top:u_dw|window3x3s1:u_window|altshift_taps:buff_row1_rtl_0|shift_taps_ggm:auto_generated|cntr_g5f:cntr1|cmpr_grb:cmpr6 ; cmpr_grb          ; work         ;
;       |fc1_folded_top:u_fc1|                              ; 9748 (7366)         ; 529 (8)                   ; 0           ; 0          ; 0            ; 0       ; 0         ; 0    ; 0            ; 0          ; |bdscnn_ecg_tb|bdscnn_top:u_bdscnn|fc1_folded_top:u_fc1                                                                                                       ; fc1_folded_top    ; work         ;
;          |fc1_folded_neuron:gen_fc1_neurons[0].u_neuron|  ; 89 (41)             ; 20 (20)                   ; 0           ; 0          ; 0            ; 0       ; 0         ; 0    ; 0            ; 0          ; |bdscnn_ecg_tb|bdscnn_top:u_bdscnn|fc1_folded_top:u_fc1|fc1_folded_neuron:gen_fc1_neurons[0].u_neuron                                                         ; fc1_folded_neuron ; work         ;
;             |popcount:pc_fm|                              ; 48 (48)             ; 0 (0)                     ; 0           ; 0          ; 0            ; 0       ; 0         ; 0    ; 0            ; 0          ; |bdscnn_ecg_tb|bdscnn_top:u_bdscnn|fc1_folded_top:u_fc1|fc1_folded_neuron:gen_fc1_neurons[0].u_neuron|popcount:pc_fm                                          ; popcount          ; work         ;
;          |fc1_folded_neuron:gen_fc1_neurons[10].u_neuron| ; 86 (39)             ; 18 (18)                   ; 0           ; 0          ; 0            ; 0       ; 0         ; 0    ; 0            ; 0          ; |bdscnn_ecg_tb|bdscnn_top:u_bdscnn|fc1_folded_top:u_fc1|fc1_folded_neuron:gen_fc1_neurons[10].u_neuron                                                        ; fc1_folded_neuron ; work         ;
;             |popcount:pc_fm|                              ; 47 (47)             ; 0 (0)                     ; 0           ; 0          ; 0            ; 0       ; 0         ; 0    ; 0            ; 0          ; |bdscnn_ecg_tb|bdscnn_top:u_bdscnn|fc1_folded_top:u_fc1|fc1_folded_neuron:gen_fc1_neurons[10].u_neuron|popcount:pc_fm                                         ; popcount          ; work         ;
;          |fc1_folded_neuron:gen_fc1_neurons[11].u_neuron| ; 82 (35)             ; 18 (18)                   ; 0           ; 0          ; 0            ; 0       ; 0         ; 0    ; 0            ; 0          ; |bdscnn_ecg_tb|bdscnn_top:u_bdscnn|fc1_folded_top:u_fc1|fc1_folded_neuron:gen_fc1_neurons[11].u_neuron                                                        ; fc1_folded_neuron ; work         ;
;             |popcount:pc_fm|                              ; 47 (47)             ; 0 (0)                     ; 0           ; 0          ; 0            ; 0       ; 0         ; 0    ; 0            ; 0          ; |bdscnn_ecg_tb|bdscnn_top:u_bdscnn|fc1_folded_top:u_fc1|fc1_folded_neuron:gen_fc1_neurons[11].u_neuron|popcount:pc_fm                                         ; popcount          ; work         ;
;          |fc1_folded_neuron:gen_fc1_neurons[12].u_neuron| ; 84 (38)             ; 18 (18)                   ; 0           ; 0          ; 0            ; 0       ; 0         ; 0    ; 0            ; 0          ; |bdscnn_ecg_tb|bdscnn_top:u_bdscnn|fc1_folded_top:u_fc1|fc1_folded_neuron:gen_fc1_neurons[12].u_neuron                                                        ; fc1_folded_neuron ; work         ;
;             |popcount:pc_fm|                              ; 46 (46)             ; 0 (0)                     ; 0           ; 0          ; 0            ; 0       ; 0         ; 0    ; 0            ; 0          ; |bdscnn_ecg_tb|bdscnn_top:u_bdscnn|fc1_folded_top:u_fc1|fc1_folded_neuron:gen_fc1_neurons[12].u_neuron|popcount:pc_fm                                         ; popcount          ; work         ;
;          |fc1_folded_neuron:gen_fc1_neurons[13].u_neuron| ; 126 (81)            ; 19 (19)                   ; 0           ; 0          ; 0            ; 0       ; 0         ; 0    ; 0            ; 0          ; |bdscnn_ecg_tb|bdscnn_top:u_bdscnn|fc1_folded_top:u_fc1|fc1_folded_neuron:gen_fc1_neurons[13].u_neuron                                                        ; fc1_folded_neuron ; work         ;
;             |popcount:pc_fm|                              ; 45 (45)             ; 0 (0)                     ; 0           ; 0          ; 0            ; 0       ; 0         ; 0    ; 0            ; 0          ; |bdscnn_ecg_tb|bdscnn_top:u_bdscnn|fc1_folded_top:u_fc1|fc1_folded_neuron:gen_fc1_neurons[13].u_neuron|popcount:pc_fm                                         ; popcount          ; work         ;
;          |fc1_folded_neuron:gen_fc1_neurons[14].u_neuron| ; 76 (29)             ; 19 (19)                   ; 0           ; 0          ; 0            ; 0       ; 0         ; 0    ; 0            ; 0          ; |bdscnn_ecg_tb|bdscnn_top:u_bdscnn|fc1_folded_top:u_fc1|fc1_folded_neuron:gen_fc1_neurons[14].u_neuron                                                        ; fc1_folded_neuron ; work         ;
;             |popcount:pc_fm|                              ; 47 (47)             ; 0 (0)                     ; 0           ; 0          ; 0            ; 0       ; 0         ; 0    ; 0            ; 0          ; |bdscnn_ecg_tb|bdscnn_top:u_bdscnn|fc1_folded_top:u_fc1|fc1_folded_neuron:gen_fc1_neurons[14].u_neuron|popcount:pc_fm                                         ; popcount          ; work         ;
;          |fc1_folded_neuron:gen_fc1_neurons[16].u_neuron| ; 87 (39)             ; 19 (19)                   ; 0           ; 0          ; 0            ; 0       ; 0         ; 0    ; 0            ; 0          ; |bdscnn_ecg_tb|bdscnn_top:u_bdscnn|fc1_folded_top:u_fc1|fc1_folded_neuron:gen_fc1_neurons[16].u_neuron                                                        ; fc1_folded_neuron ; work         ;
;             |popcount:pc_fm|                              ; 48 (48)             ; 0 (0)                     ; 0           ; 0          ; 0            ; 0       ; 0         ; 0    ; 0            ; 0          ; |bdscnn_ecg_tb|bdscnn_top:u_bdscnn|fc1_folded_top:u_fc1|fc1_folded_neuron:gen_fc1_neurons[16].u_neuron|popcount:pc_fm                                         ; popcount          ; work         ;
;          |fc1_folded_neuron:gen_fc1_neurons[17].u_neuron| ; 94 (45)             ; 20 (20)                   ; 0           ; 0          ; 0            ; 0       ; 0         ; 0    ; 0            ; 0          ; |bdscnn_ecg_tb|bdscnn_top:u_bdscnn|fc1_folded_top:u_fc1|fc1_folded_neuron:gen_fc1_neurons[17].u_neuron                                                        ; fc1_folded_neuron ; work         ;
;             |popcount:pc_fm|                              ; 49 (49)             ; 0 (0)                     ; 0           ; 0          ; 0            ; 0       ; 0         ; 0    ; 0            ; 0          ; |bdscnn_ecg_tb|bdscnn_top:u_bdscnn|fc1_folded_top:u_fc1|fc1_folded_neuron:gen_fc1_neurons[17].u_neuron|popcount:pc_fm                                         ; popcount          ; work         ;
;          |fc1_folded_neuron:gen_fc1_neurons[18].u_neuron| ; 92 (47)             ; 19 (19)                   ; 0           ; 0          ; 0            ; 0       ; 0         ; 0    ; 0            ; 0          ; |bdscnn_ecg_tb|bdscnn_top:u_bdscnn|fc1_folded_top:u_fc1|fc1_folded_neuron:gen_fc1_neurons[18].u_neuron                                                        ; fc1_folded_neuron ; work         ;
;             |popcount:pc_fm|                              ; 45 (45)             ; 0 (0)                     ; 0           ; 0          ; 0            ; 0       ; 0         ; 0    ; 0            ; 0          ; |bdscnn_ecg_tb|bdscnn_top:u_bdscnn|fc1_folded_top:u_fc1|fc1_folded_neuron:gen_fc1_neurons[18].u_neuron|popcount:pc_fm                                         ; popcount          ; work         ;
;          |fc1_folded_neuron:gen_fc1_neurons[1].u_neuron|  ; 84 (39)             ; 20 (20)                   ; 0           ; 0          ; 0            ; 0       ; 0         ; 0    ; 0            ; 0          ; |bdscnn_ecg_tb|bdscnn_top:u_bdscnn|fc1_folded_top:u_fc1|fc1_folded_neuron:gen_fc1_neurons[1].u_neuron                                                         ; fc1_folded_neuron ; work         ;
;             |popcount:pc_fm|                              ; 45 (45)             ; 0 (0)                     ; 0           ; 0          ; 0            ; 0       ; 0         ; 0    ; 0            ; 0          ; |bdscnn_ecg_tb|bdscnn_top:u_bdscnn|fc1_folded_top:u_fc1|fc1_folded_neuron:gen_fc1_neurons[1].u_neuron|popcount:pc_fm                                          ; popcount          ; work         ;
;          |fc1_folded_neuron:gen_fc1_neurons[20].u_neuron| ; 79 (32)             ; 18 (18)                   ; 0           ; 0          ; 0            ; 0       ; 0         ; 0    ; 0            ; 0          ; |bdscnn_ecg_tb|bdscnn_top:u_bdscnn|fc1_folded_top:u_fc1|fc1_folded_neuron:gen_fc1_neurons[20].u_neuron                                                        ; fc1_folded_neuron ; work         ;
;             |popcount:pc_fm|                              ; 47 (47)             ; 0 (0)                     ; 0           ; 0          ; 0            ; 0       ; 0         ; 0    ; 0            ; 0          ; |bdscnn_ecg_tb|bdscnn_top:u_bdscnn|fc1_folded_top:u_fc1|fc1_folded_neuron:gen_fc1_neurons[20].u_neuron|popcount:pc_fm                                         ; popcount          ; work         ;
;          |fc1_folded_neuron:gen_fc1_neurons[21].u_neuron| ; 73 (28)             ; 18 (18)                   ; 0           ; 0          ; 0            ; 0       ; 0         ; 0    ; 0            ; 0          ; |bdscnn_ecg_tb|bdscnn_top:u_bdscnn|fc1_folded_top:u_fc1|fc1_folded_neuron:gen_fc1_neurons[21].u_neuron                                                        ; fc1_folded_neuron ; work         ;
;             |popcount:pc_fm|                              ; 45 (45)             ; 0 (0)                     ; 0           ; 0          ; 0            ; 0       ; 0         ; 0    ; 0            ; 0          ; |bdscnn_ecg_tb|bdscnn_top:u_bdscnn|fc1_folded_top:u_fc1|fc1_folded_neuron:gen_fc1_neurons[21].u_neuron|popcount:pc_fm                                         ; popcount          ; work         ;
;          |fc1_folded_neuron:gen_fc1_neurons[22].u_neuron| ; 73 (26)             ; 19 (19)                   ; 0           ; 0          ; 0            ; 0       ; 0         ; 0    ; 0            ; 0          ; |bdscnn_ecg_tb|bdscnn_top:u_bdscnn|fc1_folded_top:u_fc1|fc1_folded_neuron:gen_fc1_neurons[22].u_neuron                                                        ; fc1_folded_neuron ; work         ;
;             |popcount:pc_fm|                              ; 47 (47)             ; 0 (0)                     ; 0           ; 0          ; 0            ; 0       ; 0         ; 0    ; 0            ; 0          ; |bdscnn_ecg_tb|bdscnn_top:u_bdscnn|fc1_folded_top:u_fc1|fc1_folded_neuron:gen_fc1_neurons[22].u_neuron|popcount:pc_fm                                         ; popcount          ; work         ;
;          |fc1_folded_neuron:gen_fc1_neurons[23].u_neuron| ; 86 (43)             ; 19 (19)                   ; 0           ; 0          ; 0            ; 0       ; 0         ; 0    ; 0            ; 0          ; |bdscnn_ecg_tb|bdscnn_top:u_bdscnn|fc1_folded_top:u_fc1|fc1_folded_neuron:gen_fc1_neurons[23].u_neuron                                                        ; fc1_folded_neuron ; work         ;
;             |popcount:pc_fm|                              ; 43 (43)             ; 0 (0)                     ; 0           ; 0          ; 0            ; 0       ; 0         ; 0    ; 0            ; 0          ; |bdscnn_ecg_tb|bdscnn_top:u_bdscnn|fc1_folded_top:u_fc1|fc1_folded_neuron:gen_fc1_neurons[23].u_neuron|popcount:pc_fm                                         ; popcount          ; work         ;
;          |fc1_folded_neuron:gen_fc1_neurons[24].u_neuron| ; 113 (68)            ; 20 (20)                   ; 0           ; 0          ; 0            ; 0       ; 0         ; 0    ; 0            ; 0          ; |bdscnn_ecg_tb|bdscnn_top:u_bdscnn|fc1_folded_top:u_fc1|fc1_folded_neuron:gen_fc1_neurons[24].u_neuron                                                        ; fc1_folded_neuron ; work         ;
;             |popcount:pc_fm|                              ; 45 (45)             ; 0 (0)                     ; 0           ; 0          ; 0            ; 0       ; 0         ; 0    ; 0            ; 0          ; |bdscnn_ecg_tb|bdscnn_top:u_bdscnn|fc1_folded_top:u_fc1|fc1_folded_neuron:gen_fc1_neurons[24].u_neuron|popcount:pc_fm                                         ; popcount          ; work         ;
;          |fc1_folded_neuron:gen_fc1_neurons[25].u_neuron| ; 76 (29)             ; 19 (19)                   ; 0           ; 0          ; 0            ; 0       ; 0         ; 0    ; 0            ; 0          ; |bdscnn_ecg_tb|bdscnn_top:u_bdscnn|fc1_folded_top:u_fc1|fc1_folded_neuron:gen_fc1_neurons[25].u_neuron                                                        ; fc1_folded_neuron ; work         ;
;             |popcount:pc_fm|                              ; 47 (47)             ; 0 (0)                     ; 0           ; 0          ; 0            ; 0       ; 0         ; 0    ; 0            ; 0          ; |bdscnn_ecg_tb|bdscnn_top:u_bdscnn|fc1_folded_top:u_fc1|fc1_folded_neuron:gen_fc1_neurons[25].u_neuron|popcount:pc_fm                                         ; popcount          ; work         ;
;          |fc1_folded_neuron:gen_fc1_neurons[27].u_neuron| ; 81 (34)             ; 22 (22)                   ; 0           ; 0          ; 0            ; 0       ; 0         ; 0    ; 0            ; 0          ; |bdscnn_ecg_tb|bdscnn_top:u_bdscnn|fc1_folded_top:u_fc1|fc1_folded_neuron:gen_fc1_neurons[27].u_neuron                                                        ; fc1_folded_neuron ; work         ;
;             |popcount:pc_fm|                              ; 47 (47)             ; 0 (0)                     ; 0           ; 0          ; 0            ; 0       ; 0         ; 0    ; 0            ; 0          ; |bdscnn_ecg_tb|bdscnn_top:u_bdscnn|fc1_folded_top:u_fc1|fc1_folded_neuron:gen_fc1_neurons[27].u_neuron|popcount:pc_fm                                         ; popcount          ; work         ;
;          |fc1_folded_neuron:gen_fc1_neurons[28].u_neuron| ; 92 (47)             ; 19 (19)                   ; 0           ; 0          ; 0            ; 0       ; 0         ; 0    ; 0            ; 0          ; |bdscnn_ecg_tb|bdscnn_top:u_bdscnn|fc1_folded_top:u_fc1|fc1_folded_neuron:gen_fc1_neurons[28].u_neuron                                                        ; fc1_folded_neuron ; work         ;
;             |popcount:pc_fm|                              ; 45 (45)             ; 0 (0)                     ; 0           ; 0          ; 0            ; 0       ; 0         ; 0    ; 0            ; 0          ; |bdscnn_ecg_tb|bdscnn_top:u_bdscnn|fc1_folded_top:u_fc1|fc1_folded_neuron:gen_fc1_neurons[28].u_neuron|popcount:pc_fm                                         ; popcount          ; work         ;
;          |fc1_folded_neuron:gen_fc1_neurons[29].u_neuron| ; 90 (43)             ; 20 (20)                   ; 0           ; 0          ; 0            ; 0       ; 0         ; 0    ; 0            ; 0          ; |bdscnn_ecg_tb|bdscnn_top:u_bdscnn|fc1_folded_top:u_fc1|fc1_folded_neuron:gen_fc1_neurons[29].u_neuron                                                        ; fc1_folded_neuron ; work         ;
;             |popcount:pc_fm|                              ; 47 (47)             ; 0 (0)                     ; 0           ; 0          ; 0            ; 0       ; 0         ; 0    ; 0            ; 0          ; |bdscnn_ecg_tb|bdscnn_top:u_bdscnn|fc1_folded_top:u_fc1|fc1_folded_neuron:gen_fc1_neurons[29].u_neuron|popcount:pc_fm                                         ; popcount          ; work         ;
;          |fc1_folded_neuron:gen_fc1_neurons[2].u_neuron|  ; 83 (36)             ; 20 (20)                   ; 0           ; 0          ; 0            ; 0       ; 0         ; 0    ; 0            ; 0          ; |bdscnn_ecg_tb|bdscnn_top:u_bdscnn|fc1_folded_top:u_fc1|fc1_folded_neuron:gen_fc1_neurons[2].u_neuron                                                         ; fc1_folded_neuron ; work         ;
;             |popcount:pc_fm|                              ; 47 (47)             ; 0 (0)                     ; 0           ; 0          ; 0            ; 0       ; 0         ; 0    ; 0            ; 0          ; |bdscnn_ecg_tb|bdscnn_top:u_bdscnn|fc1_folded_top:u_fc1|fc1_folded_neuron:gen_fc1_neurons[2].u_neuron|popcount:pc_fm                                          ; popcount          ; work         ;
;          |fc1_folded_neuron:gen_fc1_neurons[30].u_neuron| ; 99 (52)             ; 21 (21)                   ; 0           ; 0          ; 0            ; 0       ; 0         ; 0    ; 0            ; 0          ; |bdscnn_ecg_tb|bdscnn_top:u_bdscnn|fc1_folded_top:u_fc1|fc1_folded_neuron:gen_fc1_neurons[30].u_neuron                                                        ; fc1_folded_neuron ; work         ;
;             |popcount:pc_fm|                              ; 47 (47)             ; 0 (0)                     ; 0           ; 0          ; 0            ; 0       ; 0         ; 0    ; 0            ; 0          ; |bdscnn_ecg_tb|bdscnn_top:u_bdscnn|fc1_folded_top:u_fc1|fc1_folded_neuron:gen_fc1_neurons[30].u_neuron|popcount:pc_fm                                         ; popcount          ; work         ;
;          |fc1_folded_neuron:gen_fc1_neurons[31].u_neuron| ; 99 (54)             ; 19 (19)                   ; 0           ; 0          ; 0            ; 0       ; 0         ; 0    ; 0            ; 0          ; |bdscnn_ecg_tb|bdscnn_top:u_bdscnn|fc1_folded_top:u_fc1|fc1_folded_neuron:gen_fc1_neurons[31].u_neuron                                                        ; fc1_folded_neuron ; work         ;
;             |popcount:pc_fm|                              ; 45 (45)             ; 0 (0)                     ; 0           ; 0          ; 0            ; 0       ; 0         ; 0    ; 0            ; 0          ; |bdscnn_ecg_tb|bdscnn_top:u_bdscnn|fc1_folded_top:u_fc1|fc1_folded_neuron:gen_fc1_neurons[31].u_neuron|popcount:pc_fm                                         ; popcount          ; work         ;
;          |fc1_folded_neuron:gen_fc1_neurons[3].u_neuron|  ; 92 (47)             ; 19 (19)                   ; 0           ; 0          ; 0            ; 0       ; 0         ; 0    ; 0            ; 0          ; |bdscnn_ecg_tb|bdscnn_top:u_bdscnn|fc1_folded_top:u_fc1|fc1_folded_neuron:gen_fc1_neurons[3].u_neuron                                                         ; fc1_folded_neuron ; work         ;
;             |popcount:pc_fm|                              ; 45 (45)             ; 0 (0)                     ; 0           ; 0          ; 0            ; 0       ; 0         ; 0    ; 0            ; 0          ; |bdscnn_ecg_tb|bdscnn_top:u_bdscnn|fc1_folded_top:u_fc1|fc1_folded_neuron:gen_fc1_neurons[3].u_neuron|popcount:pc_fm                                          ; popcount          ; work         ;
;          |fc1_folded_neuron:gen_fc1_neurons[4].u_neuron|  ; 78 (33)             ; 20 (20)                   ; 0           ; 0          ; 0            ; 0       ; 0         ; 0    ; 0            ; 0          ; |bdscnn_ecg_tb|bdscnn_top:u_bdscnn|fc1_folded_top:u_fc1|fc1_folded_neuron:gen_fc1_neurons[4].u_neuron                                                         ; fc1_folded_neuron ; work         ;
;             |popcount:pc_fm|                              ; 45 (45)             ; 0 (0)                     ; 0           ; 0          ; 0            ; 0       ; 0         ; 0    ; 0            ; 0          ; |bdscnn_ecg_tb|bdscnn_top:u_bdscnn|fc1_folded_top:u_fc1|fc1_folded_neuron:gen_fc1_neurons[4].u_neuron|popcount:pc_fm                                          ; popcount          ; work         ;
;          |fc1_folded_neuron:gen_fc1_neurons[6].u_neuron|  ; 88 (43)             ; 18 (18)                   ; 0           ; 0          ; 0            ; 0       ; 0         ; 0    ; 0            ; 0          ; |bdscnn_ecg_tb|bdscnn_top:u_bdscnn|fc1_folded_top:u_fc1|fc1_folded_neuron:gen_fc1_neurons[6].u_neuron                                                         ; fc1_folded_neuron ; work         ;
;             |popcount:pc_fm|                              ; 45 (45)             ; 0 (0)                     ; 0           ; 0          ; 0            ; 0       ; 0         ; 0    ; 0            ; 0          ; |bdscnn_ecg_tb|bdscnn_top:u_bdscnn|fc1_folded_top:u_fc1|fc1_folded_neuron:gen_fc1_neurons[6].u_neuron|popcount:pc_fm                                          ; popcount          ; work         ;
;          |fc1_folded_neuron:gen_fc1_neurons[7].u_neuron|  ; 86 (43)             ; 19 (19)                   ; 0           ; 0          ; 0            ; 0       ; 0         ; 0    ; 0            ; 0          ; |bdscnn_ecg_tb|bdscnn_top:u_bdscnn|fc1_folded_top:u_fc1|fc1_folded_neuron:gen_fc1_neurons[7].u_neuron                                                         ; fc1_folded_neuron ; work         ;
;             |popcount:pc_fm|                              ; 43 (43)             ; 0 (0)                     ; 0           ; 0          ; 0            ; 0       ; 0         ; 0    ; 0            ; 0          ; |bdscnn_ecg_tb|bdscnn_top:u_bdscnn|fc1_folded_top:u_fc1|fc1_folded_neuron:gen_fc1_neurons[7].u_neuron|popcount:pc_fm                                          ; popcount          ; work         ;
;          |fc1_folded_neuron:gen_fc1_neurons[8].u_neuron|  ; 94 (45)             ; 21 (21)                   ; 0           ; 0          ; 0            ; 0       ; 0         ; 0    ; 0            ; 0          ; |bdscnn_ecg_tb|bdscnn_top:u_bdscnn|fc1_folded_top:u_fc1|fc1_folded_neuron:gen_fc1_neurons[8].u_neuron                                                         ; fc1_folded_neuron ; work         ;
;             |popcount:pc_fm|                              ; 49 (49)             ; 0 (0)                     ; 0           ; 0          ; 0            ; 0       ; 0         ; 0    ; 0            ; 0          ; |bdscnn_ecg_tb|bdscnn_top:u_bdscnn|fc1_folded_top:u_fc1|fc1_folded_neuron:gen_fc1_neurons[8].u_neuron|popcount:pc_fm                                          ; popcount          ; work         ;
;       |fc2_top:u_fc2|                                     ; 254 (208)           ; 113 (113)                 ; 0           ; 0          ; 0            ; 0       ; 0         ; 0    ; 0            ; 0          ; |bdscnn_ecg_tb|bdscnn_top:u_bdscnn|fc2_top:u_fc2                                                                                                              ; fc2_top           ; work         ;
;          |popcount:pc_0|                                  ; 13 (13)             ; 0 (0)                     ; 0           ; 0          ; 0            ; 0       ; 0         ; 0    ; 0            ; 0          ; |bdscnn_ecg_tb|bdscnn_top:u_bdscnn|fc2_top:u_fc2|popcount:pc_0                                                                                                ; popcount          ; work         ;
;          |popcount:pc_1|                                  ; 13 (13)             ; 0 (0)                     ; 0           ; 0          ; 0            ; 0       ; 0         ; 0    ; 0            ; 0          ; |bdscnn_ecg_tb|bdscnn_top:u_bdscnn|fc2_top:u_fc2|popcount:pc_1                                                                                                ; popcount          ; work         ;
;          |popcount:pc_2|                                  ; 20 (20)             ; 0 (0)                     ; 0           ; 0          ; 0            ; 0       ; 0         ; 0    ; 0            ; 0          ; |bdscnn_ecg_tb|bdscnn_top:u_bdscnn|fc2_top:u_fc2|popcount:pc_2                                                                                                ; popcount          ; work         ;
;       |mcp_top:u_mcp|                                     ; 75 (0)              ; 75 (0)                    ; 90          ; 0          ; 0            ; 0       ; 0         ; 0    ; 0            ; 0          ; |bdscnn_ecg_tb|bdscnn_top:u_bdscnn|mcp_top:u_mcp                                                                                                              ; mcp_top           ; work         ;
;          |mcp_pe:gen_mcp_filters[0].u_pe|                 ; 29 (3)              ; 18 (18)                   ; 0           ; 0          ; 0            ; 0       ; 0         ; 0    ; 0            ; 0          ; |bdscnn_ecg_tb|bdscnn_top:u_bdscnn|mcp_top:u_mcp|mcp_pe:gen_mcp_filters[0].u_pe                                                                               ; mcp_pe            ; work         ;
;             |popcount:u_pop|                              ; 26 (26)             ; 0 (0)                     ; 0           ; 0          ; 0            ; 0       ; 0         ; 0    ; 0            ; 0          ; |bdscnn_ecg_tb|bdscnn_top:u_bdscnn|mcp_top:u_mcp|mcp_pe:gen_mcp_filters[0].u_pe|popcount:u_pop                                                                ; popcount          ; work         ;
;          |mcp_pe:gen_mcp_filters[1].u_pe|                 ; 6 (6)               ; 10 (10)                   ; 0           ; 0          ; 0            ; 0       ; 0         ; 0    ; 0            ; 0          ; |bdscnn_ecg_tb|bdscnn_top:u_bdscnn|mcp_top:u_mcp|mcp_pe:gen_mcp_filters[1].u_pe                                                                               ; mcp_pe            ; work         ;
;          |mcp_pe:gen_mcp_filters[2].u_pe|                 ; 6 (3)               ; 9 (9)                     ; 0           ; 0          ; 0            ; 0       ; 0         ; 0    ; 0            ; 0          ; |bdscnn_ecg_tb|bdscnn_top:u_bdscnn|mcp_top:u_mcp|mcp_pe:gen_mcp_filters[2].u_pe                                                                               ; mcp_pe            ; work         ;
;             |popcount:u_pop|                              ; 3 (3)               ; 0 (0)                     ; 0           ; 0          ; 0            ; 0       ; 0         ; 0    ; 0            ; 0          ; |bdscnn_ecg_tb|bdscnn_top:u_bdscnn|mcp_top:u_mcp|mcp_pe:gen_mcp_filters[2].u_pe|popcount:u_pop                                                                ; popcount          ; work         ;
;          |window4x4s2:u_window|                           ; 34 (15)             ; 38 (27)                   ; 90          ; 0          ; 0            ; 0       ; 0         ; 0    ; 0            ; 0          ; |bdscnn_ecg_tb|bdscnn_top:u_bdscnn|mcp_top:u_mcp|window4x4s2:u_window                                                                                         ; window4x4s2       ; work         ;
;             |altshift_taps:row1_rtl_0|                    ; 19 (0)              ; 11 (0)                    ; 90          ; 0          ; 0            ; 0       ; 0         ; 0    ; 0            ; 0          ; |bdscnn_ecg_tb|bdscnn_top:u_bdscnn|mcp_top:u_mcp|window4x4s2:u_window|altshift_taps:row1_rtl_0                                                                ; altshift_taps     ; work         ;
;                |shift_taps_fgm:auto_generated|            ; 19 (0)              ; 11 (1)                    ; 90          ; 0          ; 0            ; 0       ; 0         ; 0    ; 0            ; 0          ; |bdscnn_ecg_tb|bdscnn_top:u_bdscnn|mcp_top:u_mcp|window4x4s2:u_window|altshift_taps:row1_rtl_0|shift_taps_fgm:auto_generated                                  ; shift_taps_fgm    ; work         ;
;                   |altsyncram_kca1:altsyncram2|           ; 0 (0)               ; 0 (0)                     ; 90          ; 0          ; 0            ; 0       ; 0         ; 0    ; 0            ; 0          ; |bdscnn_ecg_tb|bdscnn_top:u_bdscnn|mcp_top:u_mcp|window4x4s2:u_window|altshift_taps:row1_rtl_0|shift_taps_fgm:auto_generated|altsyncram_kca1:altsyncram2      ; altsyncram_kca1   ; work         ;
;                   |cntr_5lg:cntr3|                        ; 7 (7)               ; 5 (5)                     ; 0           ; 0          ; 0            ; 0       ; 0         ; 0    ; 0            ; 0          ; |bdscnn_ecg_tb|bdscnn_top:u_bdscnn|mcp_top:u_mcp|window4x4s2:u_window|altshift_taps:row1_rtl_0|shift_taps_fgm:auto_generated|cntr_5lg:cntr3                   ; cntr_5lg          ; work         ;
;                   |cntr_f5f:cntr1|                        ; 12 (11)             ; 5 (5)                     ; 0           ; 0          ; 0            ; 0       ; 0         ; 0    ; 0            ; 0          ; |bdscnn_ecg_tb|bdscnn_top:u_bdscnn|mcp_top:u_mcp|window4x4s2:u_window|altshift_taps:row1_rtl_0|shift_taps_fgm:auto_generated|cntr_f5f:cntr1                   ; cntr_f5f          ; work         ;
;                      |cmpr_hrb:cmpr6|                     ; 1 (1)               ; 0 (0)                     ; 0           ; 0          ; 0            ; 0       ; 0         ; 0    ; 0            ; 0          ; |bdscnn_ecg_tb|bdscnn_top:u_bdscnn|mcp_top:u_mcp|window4x4s2:u_window|altshift_taps:row1_rtl_0|shift_taps_fgm:auto_generated|cntr_f5f:cntr1|cmpr_hrb:cmpr6    ; cmpr_hrb          ; work         ;
;       |pw_top:u_pw|                                       ; 66 (0)              ; 135 (0)                   ; 0           ; 0          ; 0            ; 0       ; 0         ; 0    ; 0            ; 0          ; |bdscnn_ecg_tb|bdscnn_top:u_bdscnn|pw_top:u_pw                                                                                                                ; pw_top            ; work         ;
;          |pw_pe:gen_pw_neurons[0].u_pe|                   ; 3 (3)               ; 8 (8)                     ; 0           ; 0          ; 0            ; 0       ; 0         ; 0    ; 0            ; 0          ; |bdscnn_ecg_tb|bdscnn_top:u_bdscnn|pw_top:u_pw|pw_pe:gen_pw_neurons[0].u_pe                                                                                   ; pw_pe             ; work         ;
;          |pw_pe:gen_pw_neurons[10].u_pe|                  ; 3 (3)               ; 7 (7)                     ; 0           ; 0          ; 0            ; 0       ; 0         ; 0    ; 0            ; 0          ; |bdscnn_ecg_tb|bdscnn_top:u_bdscnn|pw_top:u_pw|pw_pe:gen_pw_neurons[10].u_pe                                                                                  ; pw_pe             ; work         ;
;          |pw_pe:gen_pw_neurons[11].u_pe|                  ; 3 (3)               ; 7 (7)                     ; 0           ; 0          ; 0            ; 0       ; 0         ; 0    ; 0            ; 0          ; |bdscnn_ecg_tb|bdscnn_top:u_bdscnn|pw_top:u_pw|pw_pe:gen_pw_neurons[11].u_pe                                                                                  ; pw_pe             ; work         ;
;          |pw_pe:gen_pw_neurons[12].u_pe|                  ; 13 (13)             ; 22 (22)                   ; 0           ; 0          ; 0            ; 0       ; 0         ; 0    ; 0            ; 0          ; |bdscnn_ecg_tb|bdscnn_top:u_bdscnn|pw_top:u_pw|pw_pe:gen_pw_neurons[12].u_pe                                                                                  ; pw_pe             ; work         ;
;          |pw_pe:gen_pw_neurons[13].u_pe|                  ; 3 (3)               ; 7 (7)                     ; 0           ; 0          ; 0            ; 0       ; 0         ; 0    ; 0            ; 0          ; |bdscnn_ecg_tb|bdscnn_top:u_bdscnn|pw_top:u_pw|pw_pe:gen_pw_neurons[13].u_pe                                                                                  ; pw_pe             ; work         ;
;          |pw_pe:gen_pw_neurons[14].u_pe|                  ; 2 (2)               ; 6 (6)                     ; 0           ; 0          ; 0            ; 0       ; 0         ; 0    ; 0            ; 0          ; |bdscnn_ecg_tb|bdscnn_top:u_bdscnn|pw_top:u_pw|pw_pe:gen_pw_neurons[14].u_pe                                                                                  ; pw_pe             ; work         ;
;          |pw_pe:gen_pw_neurons[15].u_pe|                  ; 1 (1)               ; 4 (4)                     ; 0           ; 0          ; 0            ; 0       ; 0         ; 0    ; 0            ; 0          ; |bdscnn_ecg_tb|bdscnn_top:u_bdscnn|pw_top:u_pw|pw_pe:gen_pw_neurons[15].u_pe                                                                                  ; pw_pe             ; work         ;
;          |pw_pe:gen_pw_neurons[16].u_pe|                  ; 1 (1)               ; 4 (4)                     ; 0           ; 0          ; 0            ; 0       ; 0         ; 0    ; 0            ; 0          ; |bdscnn_ecg_tb|bdscnn_top:u_bdscnn|pw_top:u_pw|pw_pe:gen_pw_neurons[16].u_pe                                                                                  ; pw_pe             ; work         ;
;          |pw_pe:gen_pw_neurons[17].u_pe|                  ; 3 (3)               ; 7 (7)                     ; 0           ; 0          ; 0            ; 0       ; 0         ; 0    ; 0            ; 0          ; |bdscnn_ecg_tb|bdscnn_top:u_bdscnn|pw_top:u_pw|pw_pe:gen_pw_neurons[17].u_pe                                                                                  ; pw_pe             ; work         ;
;          |pw_pe:gen_pw_neurons[1].u_pe|                   ; 3 (3)               ; 7 (7)                     ; 0           ; 0          ; 0            ; 0       ; 0         ; 0    ; 0            ; 0          ; |bdscnn_ecg_tb|bdscnn_top:u_bdscnn|pw_top:u_pw|pw_pe:gen_pw_neurons[1].u_pe                                                                                   ; pw_pe             ; work         ;
;          |pw_pe:gen_pw_neurons[2].u_pe|                   ; 4 (4)               ; 10 (10)                   ; 0           ; 0          ; 0            ; 0       ; 0         ; 0    ; 0            ; 0          ; |bdscnn_ecg_tb|bdscnn_top:u_bdscnn|pw_top:u_pw|pw_pe:gen_pw_neurons[2].u_pe                                                                                   ; pw_pe             ; work         ;
;          |pw_pe:gen_pw_neurons[3].u_pe|                   ; 1 (1)               ; 4 (4)                     ; 0           ; 0          ; 0            ; 0       ; 0         ; 0    ; 0            ; 0          ; |bdscnn_ecg_tb|bdscnn_top:u_bdscnn|pw_top:u_pw|pw_pe:gen_pw_neurons[3].u_pe                                                                                   ; pw_pe             ; work         ;
;          |pw_pe:gen_pw_neurons[4].u_pe|                   ; 3 (3)               ; 7 (7)                     ; 0           ; 0          ; 0            ; 0       ; 0         ; 0    ; 0            ; 0          ; |bdscnn_ecg_tb|bdscnn_top:u_bdscnn|pw_top:u_pw|pw_pe:gen_pw_neurons[4].u_pe                                                                                   ; pw_pe             ; work         ;
;          |pw_pe:gen_pw_neurons[5].u_pe|                   ; 2 (2)               ; 5 (5)                     ; 0           ; 0          ; 0            ; 0       ; 0         ; 0    ; 0            ; 0          ; |bdscnn_ecg_tb|bdscnn_top:u_bdscnn|pw_top:u_pw|pw_pe:gen_pw_neurons[5].u_pe                                                                                   ; pw_pe             ; work         ;
;          |pw_pe:gen_pw_neurons[6].u_pe|                   ; 3 (3)               ; 7 (7)                     ; 0           ; 0          ; 0            ; 0       ; 0         ; 0    ; 0            ; 0          ; |bdscnn_ecg_tb|bdscnn_top:u_bdscnn|pw_top:u_pw|pw_pe:gen_pw_neurons[6].u_pe                                                                                   ; pw_pe             ; work         ;
;          |pw_pe:gen_pw_neurons[7].u_pe|                   ; 2 (2)               ; 6 (6)                     ; 0           ; 0          ; 0            ; 0       ; 0         ; 0    ; 0            ; 0          ; |bdscnn_ecg_tb|bdscnn_top:u_bdscnn|pw_top:u_pw|pw_pe:gen_pw_neurons[7].u_pe                                                                                   ; pw_pe             ; work         ;
;          |pw_pe:gen_pw_neurons[8].u_pe|                   ; 3 (3)               ; 7 (7)                     ; 0           ; 0          ; 0            ; 0       ; 0         ; 0    ; 0            ; 0          ; |bdscnn_ecg_tb|bdscnn_top:u_bdscnn|pw_top:u_pw|pw_pe:gen_pw_neurons[8].u_pe                                                                                   ; pw_pe             ; work         ;
;          |pw_pe:gen_pw_neurons[9].u_pe|                   ; 13 (13)             ; 10 (10)                   ; 0           ; 0          ; 0            ; 0       ; 0         ; 0    ; 0            ; 0          ; |bdscnn_ecg_tb|bdscnn_top:u_bdscnn|pw_top:u_pw|pw_pe:gen_pw_neurons[9].u_pe                                                                                   ; pw_pe             ; work         ;
+-----------------------------------------------------------+---------------------+---------------------------+-------------+------------+--------------+---------+-----------+------+--------------+------------+---------------------------------------------------------------------------------------------------------------------------------------------------------------+-------------------+--------------+
Note: For table entries with two numbers listed, the numbers in parentheses indicate the number of resources of the given type used by the specific entity alone. The numbers listed outside of parentheses indicate the total resources of the given type used by the specific entity and all of its sub-entities in the hierarchy.


+-------------------------------------------------------------------------------------------------------------------------------------------------------------------------------------------------------------------------------------------------------------+
; Analysis & Synthesis RAM Summary                                                                                                                                                                                                                            ;
+---------------------------------------------------------------------------------------------------------------------------------------------------------+------+------------------+--------------+--------------+--------------+--------------+------+------+
; Name                                                                                                                                                    ; Type ; Mode             ; Port A Depth ; Port A Width ; Port B Depth ; Port B Width ; Size ; MIF  ;
+---------------------------------------------------------------------------------------------------------------------------------------------------------+------+------------------+--------------+--------------+--------------+--------------+------+------+
; bdscnn_top:u_bdscnn|dw_top:u_dw|window3x3s1:u_window|altshift_taps:buff_row1_rtl_0|shift_taps_ggm:auto_generated|altsyncram_mca1:altsyncram2|ALTSYNCRAM ; AUTO ; Simple Dual Port ; 13           ; 4            ; 13           ; 4            ; 52   ; None ;
; bdscnn_top:u_bdscnn|mcp_top:u_mcp|window4x4s2:u_window|altshift_taps:row1_rtl_0|shift_taps_fgm:auto_generated|altsyncram_kca1:altsyncram2|ALTSYNCRAM    ; AUTO ; Simple Dual Port ; 30           ; 3            ; 30           ; 3            ; 90   ; None ;
+---------------------------------------------------------------------------------------------------------------------------------------------------------+------+------------------+--------------+--------------+--------------+--------------+------+------+


+-------------------------------------------------------------------------------------------------------------------------------------------------------------+
; Registers Removed During Synthesis                                                                                                                          ;
+--------------------------------------------------------------------------------------------------------------------+----------------------------------------+
; Register name                                                                                                      ; Reason for Removal                     ;
+--------------------------------------------------------------------------------------------------------------------+----------------------------------------+
; led_reg[3..6]                                                                                                      ; Stuck at GND due to stuck port data_in ;
; bdscnn_top:u_bdscnn|pw_top:u_pw|pw_pe:gen_pw_neurons[17].u_pe|thresh1[1..15]                                       ; Stuck at GND due to stuck port data_in ;
; bdscnn_top:u_bdscnn|pw_top:u_pw|pw_pe:gen_pw_neurons[16].u_pe|thresh1[1..15]                                       ; Stuck at GND due to stuck port data_in ;
; bdscnn_top:u_bdscnn|pw_top:u_pw|pw_pe:gen_pw_neurons[15].u_pe|thresh1[1..15]                                       ; Stuck at GND due to stuck port data_in ;
; bdscnn_top:u_bdscnn|pw_top:u_pw|pw_pe:gen_pw_neurons[14].u_pe|thresh1[0,2..15]                                     ; Stuck at GND due to stuck port data_in ;
; bdscnn_top:u_bdscnn|pw_top:u_pw|pw_pe:gen_pw_neurons[13].u_pe|thresh1[0,2..15]                                     ; Stuck at GND due to stuck port data_in ;
; bdscnn_top:u_bdscnn|pw_top:u_pw|pw_pe:gen_pw_neurons[12].u_pe|thresh1[0]                                           ; Stuck at GND due to stuck port data_in ;
; bdscnn_top:u_bdscnn|pw_top:u_pw|pw_pe:gen_pw_neurons[11].u_pe|thresh1[1..15]                                       ; Stuck at GND due to stuck port data_in ;
; bdscnn_top:u_bdscnn|pw_top:u_pw|pw_pe:gen_pw_neurons[10].u_pe|thresh1[1..15]                                       ; Stuck at GND due to stuck port data_in ;
; bdscnn_top:u_bdscnn|pw_top:u_pw|pw_pe:gen_pw_neurons[9].u_pe|thresh1[1,3..15]                                      ; Stuck at GND due to stuck port data_in ;
; bdscnn_top:u_bdscnn|pw_top:u_pw|pw_pe:gen_pw_neurons[8].u_pe|thresh1[1..15]                                        ; Stuck at GND due to stuck port data_in ;
; bdscnn_top:u_bdscnn|pw_top:u_pw|pw_pe:gen_pw_neurons[7].u_pe|thresh1[0..15]                                        ; Stuck at GND due to stuck port data_in ;
; bdscnn_top:u_bdscnn|pw_top:u_pw|pw_pe:gen_pw_neurons[6].u_pe|thresh1[0,2..15]                                      ; Stuck at GND due to stuck port data_in ;
; bdscnn_top:u_bdscnn|pw_top:u_pw|pw_pe:gen_pw_neurons[5].u_pe|thresh1[0..15]                                        ; Stuck at GND due to stuck port data_in ;
; bdscnn_top:u_bdscnn|pw_top:u_pw|pw_pe:gen_pw_neurons[4].u_pe|thresh1[1,3..15]                                      ; Stuck at GND due to stuck port data_in ;
; bdscnn_top:u_bdscnn|pw_top:u_pw|pw_pe:gen_pw_neurons[3].u_pe|thresh1[1..15]                                        ; Stuck at GND due to stuck port data_in ;
; bdscnn_top:u_bdscnn|pw_top:u_pw|pw_pe:gen_pw_neurons[2].u_pe|thresh1[1,3..15]                                      ; Stuck at GND due to stuck port data_in ;
; bdscnn_top:u_bdscnn|pw_top:u_pw|pw_pe:gen_pw_neurons[1].u_pe|thresh1[1..15]                                        ; Stuck at GND due to stuck port data_in ;
; bdscnn_top:u_bdscnn|pw_top:u_pw|pw_pe:gen_pw_neurons[0].u_pe|thresh1[1..15]                                        ; Stuck at GND due to stuck port data_in ;
; bdscnn_top:u_bdscnn|dw_top:u_dw|window3x3s1:u_window|temp[0][2]                                                    ; Lost fanout                            ;
; bdscnn_top:u_bdscnn|dw_top:u_dw|window3x3s1:u_window|temp[1][2]                                                    ; Lost fanout                            ;
; bdscnn_top:u_bdscnn|dw_top:u_dw|window3x3s1:u_window|temp[3][2]                                                    ; Lost fanout                            ;
; bdscnn_top:u_bdscnn|dw_top:u_dw|window3x3s1:u_window|temp[4][2]                                                    ; Lost fanout                            ;
; bdscnn_top:u_bdscnn|dw_top:u_dw|window3x3s1:u_window|temp[6][2]                                                    ; Lost fanout                            ;
; bdscnn_top:u_bdscnn|dw_top:u_dw|window3x3s1:u_window|temp[0][1]                                                    ; Lost fanout                            ;
; bdscnn_top:u_bdscnn|dw_top:u_dw|window3x3s1:u_window|temp[1][1]                                                    ; Lost fanout                            ;
; bdscnn_top:u_bdscnn|dw_top:u_dw|window3x3s1:u_window|temp[2][1]                                                    ; Lost fanout                            ;
; bdscnn_top:u_bdscnn|dw_top:u_dw|window3x3s1:u_window|buff_row2[14][1]                                              ; Lost fanout                            ;
; bdscnn_top:u_bdscnn|dw_top:u_dw|window3x3s1:u_window|buff_row2[13][1]                                              ; Lost fanout                            ;
; bdscnn_top:u_bdscnn|dw_top:u_dw|window3x3s1:u_window|buff_row2[12][1]                                              ; Lost fanout                            ;
; bdscnn_top:u_bdscnn|dw_top:u_dw|window3x3s1:u_window|buff_row2[11][1]                                              ; Lost fanout                            ;
; bdscnn_top:u_bdscnn|dw_top:u_dw|window3x3s1:u_window|buff_row2[10][1]                                              ; Lost fanout                            ;
; bdscnn_top:u_bdscnn|dw_top:u_dw|window3x3s1:u_window|buff_row2[9][1]                                               ; Lost fanout                            ;
; bdscnn_top:u_bdscnn|dw_top:u_dw|window3x3s1:u_window|buff_row2[8][1]                                               ; Lost fanout                            ;
; bdscnn_top:u_bdscnn|dw_top:u_dw|window3x3s1:u_window|buff_row2[7][1]                                               ; Lost fanout                            ;
; bdscnn_top:u_bdscnn|dw_top:u_dw|window3x3s1:u_window|buff_row2[6][1]                                               ; Lost fanout                            ;
; bdscnn_top:u_bdscnn|dw_top:u_dw|window3x3s1:u_window|buff_row2[5][1]                                               ; Lost fanout                            ;
; bdscnn_top:u_bdscnn|dw_top:u_dw|window3x3s1:u_window|buff_row2[4][1]                                               ; Lost fanout                            ;
; bdscnn_top:u_bdscnn|dw_top:u_dw|window3x3s1:u_window|buff_row2[3][1]                                               ; Lost fanout                            ;
; bdscnn_top:u_bdscnn|dw_top:u_dw|window3x3s1:u_window|buff_row2[2][1]                                               ; Lost fanout                            ;
; bdscnn_top:u_bdscnn|dw_top:u_dw|window3x3s1:u_window|buff_row2[1][1]                                               ; Lost fanout                            ;
; bdscnn_top:u_bdscnn|dw_top:u_dw|window3x3s1:u_window|buff_row2[0][1]                                               ; Lost fanout                            ;
; bdscnn_top:u_bdscnn|dw_top:u_dw|window3x3s1:u_window|temp[3][1]                                                    ; Lost fanout                            ;
; bdscnn_top:u_bdscnn|dw_top:u_dw|window3x3s1:u_window|temp[6][1]                                                    ; Lost fanout                            ;
; bdscnn_top:u_bdscnn|dw_top:u_dw|window3x3s1:u_window|temp[0][0]                                                    ; Lost fanout                            ;
; bdscnn_top:u_bdscnn|dw_top:u_dw|window3x3s1:u_window|temp[1][0]                                                    ; Lost fanout                            ;
; bdscnn_top:u_bdscnn|mcp_top:u_mcp|mcp_pe:gen_mcp_filters[2].u_pe|thresh1[1..15]                                    ; Stuck at GND due to stuck port data_in ;
; bdscnn_top:u_bdscnn|mcp_top:u_mcp|mcp_pe:gen_mcp_filters[1].u_pe|thresh1[0,2..15]                                  ; Stuck at GND due to stuck port data_in ;
; bdscnn_top:u_bdscnn|mcp_top:u_mcp|mcp_pe:gen_mcp_filters[0].u_pe|thresh1[0,2..15]                                  ; Stuck at GND due to stuck port data_in ;
; bdscnn_top:u_bdscnn|fc1_folded_top:u_fc1|fc1_folded_neuron:gen_fc1_neurons[31].u_neuron|thresh_reg[1,4..6,8..15]   ; Stuck at GND due to stuck port data_in ;
; bdscnn_top:u_bdscnn|fc1_folded_top:u_fc1|fc1_folded_neuron:gen_fc1_neurons[30].u_neuron|thresh_reg[0,7..15]        ; Stuck at GND due to stuck port data_in ;
; bdscnn_top:u_bdscnn|fc1_folded_top:u_fc1|fc1_folded_neuron:gen_fc1_neurons[29].u_neuron|thresh_reg[0,1,7..15]      ; Stuck at GND due to stuck port data_in ;
; bdscnn_top:u_bdscnn|fc1_folded_top:u_fc1|fc1_folded_neuron:gen_fc1_neurons[28].u_neuron|thresh_reg[1..3,6,8..15]   ; Stuck at GND due to stuck port data_in ;
; bdscnn_top:u_bdscnn|fc1_folded_top:u_fc1|fc1_folded_neuron:gen_fc1_neurons[27].u_neuron|thresh_reg[4,8..15]        ; Stuck at GND due to stuck port data_in ;
; bdscnn_top:u_bdscnn|fc1_folded_top:u_fc1|fc1_folded_neuron:gen_fc1_neurons[25].u_neuron|thresh_reg[1,3,4,6,8..15]  ; Stuck at GND due to stuck port data_in ;
; bdscnn_top:u_bdscnn|fc1_folded_top:u_fc1|fc1_folded_neuron:gen_fc1_neurons[24].u_neuron|thresh_reg[3,5,7..15]      ; Stuck at GND due to stuck port data_in ;
; bdscnn_top:u_bdscnn|fc1_folded_top:u_fc1|fc1_folded_neuron:gen_fc1_neurons[23].u_neuron|thresh_reg[0,4,5,7..15]    ; Stuck at GND due to stuck port data_in ;
; bdscnn_top:u_bdscnn|fc1_folded_top:u_fc1|fc1_folded_neuron:gen_fc1_neurons[22].u_neuron|thresh_reg[0..2,4,8..15]   ; Stuck at GND due to stuck port data_in ;
; bdscnn_top:u_bdscnn|fc1_folded_top:u_fc1|fc1_folded_neuron:gen_fc1_neurons[21].u_neuron|thresh_reg[1..4,6,8..15]   ; Stuck at GND due to stuck port data_in ;
; bdscnn_top:u_bdscnn|fc1_folded_top:u_fc1|fc1_folded_neuron:gen_fc1_neurons[20].u_neuron|thresh_reg[0..2,4,6,8..15] ; Stuck at GND due to stuck port data_in ;
; bdscnn_top:u_bdscnn|fc1_folded_top:u_fc1|fc1_folded_neuron:gen_fc1_neurons[18].u_neuron|thresh_reg[0,1,3,7..15]    ; Stuck at GND due to stuck port data_in ;
; bdscnn_top:u_bdscnn|fc1_folded_top:u_fc1|fc1_folded_neuron:gen_fc1_neurons[17].u_neuron|thresh_reg[1,2,5,8..15]    ; Stuck at GND due to stuck port data_in ;
; bdscnn_top:u_bdscnn|fc1_folded_top:u_fc1|fc1_folded_neuron:gen_fc1_neurons[16].u_neuron|thresh_reg[0,1,3,4,8..15]  ; Stuck at GND due to stuck port data_in ;
; bdscnn_top:u_bdscnn|fc1_folded_top:u_fc1|fc1_folded_neuron:gen_fc1_neurons[14].u_neuron|thresh_reg[1,3,5,6,8..15]  ; Stuck at GND due to stuck port data_in ;
; bdscnn_top:u_bdscnn|fc1_folded_top:u_fc1|fc1_folded_neuron:gen_fc1_neurons[13].u_neuron|thresh_reg[0,3,4,6,8..15]  ; Stuck at GND due to stuck port data_in ;
; bdscnn_top:u_bdscnn|fc1_folded_top:u_fc1|fc1_folded_neuron:gen_fc1_neurons[12].u_neuron|thresh_reg[0..3,7..15]     ; Stuck at GND due to stuck port data_in ;
; bdscnn_top:u_bdscnn|fc1_folded_top:u_fc1|fc1_folded_neuron:gen_fc1_neurons[11].u_neuron|thresh_reg[0..2,4,5,8..15] ; Stuck at GND due to stuck port data_in ;
; bdscnn_top:u_bdscnn|fc1_folded_top:u_fc1|fc1_folded_neuron:gen_fc1_neurons[10].u_neuron|thresh_reg[0,1,4..6,8..15] ; Stuck at GND due to stuck port data_in ;
; bdscnn_top:u_bdscnn|fc1_folded_top:u_fc1|fc1_folded_neuron:gen_fc1_neurons[8].u_neuron|thresh_reg[3,6,8..15]       ; Stuck at GND due to stuck port data_in ;
; bdscnn_top:u_bdscnn|fc1_folded_top:u_fc1|fc1_folded_neuron:gen_fc1_neurons[7].u_neuron|thresh_reg[1,4..6,8..15]    ; Stuck at GND due to stuck port data_in ;
; bdscnn_top:u_bdscnn|fc1_folded_top:u_fc1|fc1_folded_neuron:gen_fc1_neurons[6].u_neuron|thresh_reg[1..3,5,6,8..15]  ; Stuck at GND due to stuck port data_in ;
; bdscnn_top:u_bdscnn|fc1_folded_top:u_fc1|fc1_folded_neuron:gen_fc1_neurons[4].u_neuron|thresh_reg[0,2,7..15]       ; Stuck at GND due to stuck port data_in ;
; bdscnn_top:u_bdscnn|fc1_folded_top:u_fc1|fc1_folded_neuron:gen_fc1_neurons[3].u_neuron|thresh_reg[0..2,7..15]      ; Stuck at GND due to stuck port data_in ;
; bdscnn_top:u_bdscnn|fc1_folded_top:u_fc1|fc1_folded_neuron:gen_fc1_neurons[2].u_neuron|thresh_reg[0,3,7..15]       ; Stuck at GND due to stuck port data_in ;
; bdscnn_top:u_bdscnn|fc1_folded_top:u_fc1|fc1_folded_neuron:gen_fc1_neurons[1].u_neuron|thresh_reg[1,2,7..15]       ; Stuck at GND due to stuck port data_in ;
; bdscnn_top:u_bdscnn|fc1_folded_top:u_fc1|fc1_folded_neuron:gen_fc1_neurons[0].u_neuron|thresh_reg[0,2,4,6,8..15]   ; Stuck at GND due to stuck port data_in ;
; bdscnn_top:u_bdscnn|dw_top:u_dw|dw_pe:pe_ch2|and_result[0,1,3,4,6]                                                 ; Stuck at GND due to stuck port data_in ;
; bdscnn_top:u_bdscnn|dw_top:u_dw|dw_pe:pe_ch1|and_result[0..3,5,6]                                                  ; Stuck at GND due to stuck port data_in ;
; bdscnn_top:u_bdscnn|dw_top:u_dw|dw_pe:pe_ch0|and_result[0,1,4,5,8]                                                 ; Stuck at GND due to stuck port data_in ;
; bdscnn_top:u_bdscnn|mcp_top:u_mcp|mcp_pe:gen_mcp_filters[2].u_pe|and_res[0..4,6,7,10,11,14,15]                     ; Stuck at GND due to stuck port data_in ;
; bdscnn_top:u_bdscnn|mcp_top:u_mcp|mcp_pe:gen_mcp_filters[1].u_pe|and_res[1..3,5..7,9,11,13,14]                     ; Stuck at GND due to stuck port data_in ;
; bdscnn_top:u_bdscnn|mcp_top:u_mcp|mcp_pe:gen_mcp_filters[0].u_pe|and_res[3,7,12]                                   ; Stuck at GND due to stuck port data_in ;
; bdscnn_top:u_bdscnn|pw_top:u_pw|pw_pe:gen_pw_neurons[17].u_pe|sum_pw_r[4]                                          ; Stuck at GND due to stuck port data_in ;
; bdscnn_top:u_bdscnn|pw_top:u_pw|pw_pe:gen_pw_neurons[16].u_pe|sum_pw_r[0..4]                                       ; Stuck at GND due to stuck port data_in ;
; bdscnn_top:u_bdscnn|pw_top:u_pw|pw_pe:gen_pw_neurons[15].u_pe|sum_pw_r[0..4]                                       ; Stuck at GND due to stuck port data_in ;
; bdscnn_top:u_bdscnn|pw_top:u_pw|pw_pe:gen_pw_neurons[14].u_pe|sum_pw_r[4]                                          ; Stuck at GND due to stuck port data_in ;
; bdscnn_top:u_bdscnn|pw_top:u_pw|pw_pe:gen_pw_neurons[13].u_pe|sum_pw_r[4]                                          ; Stuck at GND due to stuck port data_in ;
; bdscnn_top:u_bdscnn|pw_top:u_pw|pw_pe:gen_pw_neurons[11].u_pe|sum_pw_r[4]                                          ; Stuck at GND due to stuck port data_in ;
; bdscnn_top:u_bdscnn|pw_top:u_pw|pw_pe:gen_pw_neurons[10].u_pe|sum_pw_r[4]                                          ; Stuck at GND due to stuck port data_in ;
; bdscnn_top:u_bdscnn|pw_top:u_pw|pw_pe:gen_pw_neurons[8].u_pe|sum_pw_r[4]                                           ; Stuck at GND due to stuck port data_in ;
; bdscnn_top:u_bdscnn|pw_top:u_pw|pw_pe:gen_pw_neurons[7].u_pe|sum_pw_r[4]                                           ; Stuck at GND due to stuck port data_in ;
; bdscnn_top:u_bdscnn|pw_top:u_pw|pw_pe:gen_pw_neurons[6].u_pe|sum_pw_r[4]                                           ; Stuck at GND due to stuck port data_in ;
; bdscnn_top:u_bdscnn|pw_top:u_pw|pw_pe:gen_pw_neurons[5].u_pe|sum_pw_r[4]                                           ; Stuck at GND due to stuck port data_in ;
; bdscnn_top:u_bdscnn|pw_top:u_pw|pw_pe:gen_pw_neurons[4].u_pe|sum_pw_r[4]                                           ; Stuck at GND due to stuck port data_in ;
; bdscnn_top:u_bdscnn|pw_top:u_pw|pw_pe:gen_pw_neurons[3].u_pe|sum_pw_r[0..4]                                        ; Stuck at GND due to stuck port data_in ;
; bdscnn_top:u_bdscnn|pw_top:u_pw|pw_pe:gen_pw_neurons[1].u_pe|sum_pw_r[4]                                           ; Stuck at GND due to stuck port data_in ;
; bdscnn_top:u_bdscnn|pw_top:u_pw|pw_pe:gen_pw_neurons[0].u_pe|sum_pw_r[4]                                           ; Stuck at GND due to stuck port data_in ;
; bdscnn_top:u_bdscnn|dw_top:u_dw|dw_pe:pe_ch1|data_out[3]                                                           ; Stuck at GND due to stuck port data_in ;
; bdscnn_top:u_bdscnn|pw_top:u_pw|pw_pe:gen_pw_neurons[14].u_pe|sum_pw_r[3]                                          ; Stuck at GND due to stuck port data_in ;
; bdscnn_top:u_bdscnn|pw_top:u_pw|pw_pe:gen_pw_neurons[5].u_pe|sum_pw_r[3]                                           ; Stuck at GND due to stuck port data_in ;
; bdscnn_top:u_bdscnn|pw_top:u_pw|pw_pe:gen_pw_neurons[4].u_pe|sum_pw_r[3]                                           ; Stuck at GND due to stuck port data_in ;
; bdscnn_top:u_bdscnn|fc2_top:u_fc2|pop_0[4,5]                                                                       ; Stuck at GND due to stuck port data_in ;
; bdscnn_top:u_bdscnn|fc2_top:u_fc2|pop_1[4,5]                                                                       ; Stuck at GND due to stuck port data_in ;
; bdscnn_top:u_bdscnn|fc2_top:u_fc2|pop_2[4,5]                                                                       ; Stuck at GND due to stuck port data_in ;
; bdscnn_top:u_bdscnn|dw_top:u_dw|dw_pe:pe_ch2|data_out[3]                                                           ; Stuck at GND due to stuck port data_in ;
; bdscnn_top:u_bdscnn|dw_top:u_dw|dw_pe:pe_ch0|data_out[3]                                                           ; Stuck at GND due to stuck port data_in ;
; bdscnn_top:u_bdscnn|pw_top:u_pw|pw_pe:gen_pw_neurons[17].u_pe|sum_pw_r[3]                                          ; Stuck at GND due to stuck port data_in ;
; bdscnn_top:u_bdscnn|pw_top:u_pw|pw_pe:gen_pw_neurons[13].u_pe|sum_pw_r[3]                                          ; Stuck at GND due to stuck port data_in ;
; bdscnn_top:u_bdscnn|pw_top:u_pw|pw_pe:gen_pw_neurons[11].u_pe|sum_pw_r[3]                                          ; Stuck at GND due to stuck port data_in ;
; bdscnn_top:u_bdscnn|pw_top:u_pw|pw_pe:gen_pw_neurons[10].u_pe|sum_pw_r[3]                                          ; Stuck at GND due to stuck port data_in ;
; bdscnn_top:u_bdscnn|pw_top:u_pw|pw_pe:gen_pw_neurons[8].u_pe|sum_pw_r[3]                                           ; Stuck at GND due to stuck port data_in ;
; bdscnn_top:u_bdscnn|pw_top:u_pw|pw_pe:gen_pw_neurons[7].u_pe|sum_pw_r[3]                                           ; Stuck at GND due to stuck port data_in ;
; bdscnn_top:u_bdscnn|pw_top:u_pw|pw_pe:gen_pw_neurons[6].u_pe|sum_pw_r[3]                                           ; Stuck at GND due to stuck port data_in ;
; bdscnn_top:u_bdscnn|pw_top:u_pw|pw_pe:gen_pw_neurons[1].u_pe|sum_pw_r[3]                                           ; Stuck at GND due to stuck port data_in ;
; bdscnn_top:u_bdscnn|pw_top:u_pw|pw_pe:gen_pw_neurons[0].u_pe|sum_pw_r[3]                                           ; Stuck at GND due to stuck port data_in ;
; bdscnn_top:u_bdscnn|pw_top:u_pw|pw_pe:gen_pw_neurons[12].u_pe|sum_pw_r[4]                                          ; Stuck at GND due to stuck port data_in ;
; bdscnn_top:u_bdscnn|dw_top:u_dw|dw_pe:pe_ch1|data_out[2]                                                           ; Stuck at GND due to stuck port data_in ;
; bdscnn_top:u_bdscnn|pw_top:u_pw|pw_pe:gen_pw_neurons[5].u_pe|sum_pw_r[2]                                           ; Stuck at GND due to stuck port data_in ;
; bdscnn_top:u_bdscnn|pw_top:u_pw|pw_pe:gen_pw_neurons[4].u_pe|sum_pw_r[2]                                           ; Stuck at GND due to stuck port data_in ;
; bdscnn_top:u_bdscnn|pw_top:u_pw|pw_pe:gen_pw_neurons[14].u_pe|sum_pw_r[2]                                          ; Stuck at GND due to stuck port data_in ;
; Total Number of Removed Registers = 741                                                                            ;                                        ;
+--------------------------------------------------------------------------------------------------------------------+----------------------------------------+


+--------------------------------------------------------------------------------------------------------------------------------------------------------------------------+
; Removed Registers Triggering Further Register Optimizations                                                                                                              ;
+-----------------------------------------------------------------+---------------------------+----------------------------------------------------------------------------+
; Register name                                                   ; Reason for Removal        ; Registers Removed due to This Register                                     ;
+-----------------------------------------------------------------+---------------------------+----------------------------------------------------------------------------+
; bdscnn_top:u_bdscnn|dw_top:u_dw|window3x3s1:u_window|temp[0][1] ; Lost Fanouts              ; bdscnn_top:u_bdscnn|dw_top:u_dw|window3x3s1:u_window|temp[1][1],           ;
;                                                                 ;                           ; bdscnn_top:u_bdscnn|dw_top:u_dw|window3x3s1:u_window|temp[2][1],           ;
;                                                                 ;                           ; bdscnn_top:u_bdscnn|dw_top:u_dw|window3x3s1:u_window|buff_row2[14][1],     ;
;                                                                 ;                           ; bdscnn_top:u_bdscnn|dw_top:u_dw|window3x3s1:u_window|buff_row2[13][1],     ;
;                                                                 ;                           ; bdscnn_top:u_bdscnn|dw_top:u_dw|window3x3s1:u_window|buff_row2[12][1],     ;
;                                                                 ;                           ; bdscnn_top:u_bdscnn|dw_top:u_dw|window3x3s1:u_window|buff_row2[11][1],     ;
;                                                                 ;                           ; bdscnn_top:u_bdscnn|dw_top:u_dw|window3x3s1:u_window|buff_row2[10][1],     ;
;                                                                 ;                           ; bdscnn_top:u_bdscnn|dw_top:u_dw|window3x3s1:u_window|buff_row2[9][1],      ;
;                                                                 ;                           ; bdscnn_top:u_bdscnn|dw_top:u_dw|window3x3s1:u_window|buff_row2[8][1],      ;
;                                                                 ;                           ; bdscnn_top:u_bdscnn|dw_top:u_dw|window3x3s1:u_window|buff_row2[7][1],      ;
;                                                                 ;                           ; bdscnn_top:u_bdscnn|dw_top:u_dw|window3x3s1:u_window|buff_row2[6][1],      ;
;                                                                 ;                           ; bdscnn_top:u_bdscnn|dw_top:u_dw|window3x3s1:u_window|buff_row2[5][1],      ;
;                                                                 ;                           ; bdscnn_top:u_bdscnn|dw_top:u_dw|window3x3s1:u_window|buff_row2[4][1],      ;
;                                                                 ;                           ; bdscnn_top:u_bdscnn|dw_top:u_dw|window3x3s1:u_window|buff_row2[3][1],      ;
;                                                                 ;                           ; bdscnn_top:u_bdscnn|dw_top:u_dw|window3x3s1:u_window|buff_row2[2][1],      ;
;                                                                 ;                           ; bdscnn_top:u_bdscnn|dw_top:u_dw|window3x3s1:u_window|buff_row2[1][1],      ;
;                                                                 ;                           ; bdscnn_top:u_bdscnn|dw_top:u_dw|window3x3s1:u_window|buff_row2[0][1]       ;
; bdscnn_top:u_bdscnn|dw_top:u_dw|dw_pe:pe_ch1|and_result[6]      ; Stuck at GND              ; bdscnn_top:u_bdscnn|dw_top:u_dw|dw_pe:pe_ch1|data_out[3],                  ;
;                                                                 ; due to stuck port data_in ; bdscnn_top:u_bdscnn|pw_top:u_pw|pw_pe:gen_pw_neurons[14].u_pe|sum_pw_r[3], ;
;                                                                 ;                           ; bdscnn_top:u_bdscnn|pw_top:u_pw|pw_pe:gen_pw_neurons[5].u_pe|sum_pw_r[3],  ;
;                                                                 ;                           ; bdscnn_top:u_bdscnn|pw_top:u_pw|pw_pe:gen_pw_neurons[4].u_pe|sum_pw_r[3],  ;
;                                                                 ;                           ; bdscnn_top:u_bdscnn|pw_top:u_pw|pw_pe:gen_pw_neurons[12].u_pe|sum_pw_r[4], ;
;                                                                 ;                           ; bdscnn_top:u_bdscnn|dw_top:u_dw|dw_pe:pe_ch1|data_out[2],                  ;
;                                                                 ;                           ; bdscnn_top:u_bdscnn|pw_top:u_pw|pw_pe:gen_pw_neurons[5].u_pe|sum_pw_r[2],  ;
;                                                                 ;                           ; bdscnn_top:u_bdscnn|pw_top:u_pw|pw_pe:gen_pw_neurons[4].u_pe|sum_pw_r[2],  ;
;                                                                 ;                           ; bdscnn_top:u_bdscnn|pw_top:u_pw|pw_pe:gen_pw_neurons[14].u_pe|sum_pw_r[2]  ;
; bdscnn_top:u_bdscnn|dw_top:u_dw|dw_pe:pe_ch2|and_result[6]      ; Stuck at GND              ; bdscnn_top:u_bdscnn|dw_top:u_dw|dw_pe:pe_ch2|data_out[3],                  ;
;                                                                 ; due to stuck port data_in ; bdscnn_top:u_bdscnn|pw_top:u_pw|pw_pe:gen_pw_neurons[13].u_pe|sum_pw_r[3], ;
;                                                                 ;                           ; bdscnn_top:u_bdscnn|pw_top:u_pw|pw_pe:gen_pw_neurons[11].u_pe|sum_pw_r[3], ;
;                                                                 ;                           ; bdscnn_top:u_bdscnn|pw_top:u_pw|pw_pe:gen_pw_neurons[10].u_pe|sum_pw_r[3], ;
;                                                                 ;                           ; bdscnn_top:u_bdscnn|pw_top:u_pw|pw_pe:gen_pw_neurons[8].u_pe|sum_pw_r[3],  ;
;                                                                 ;                           ; bdscnn_top:u_bdscnn|pw_top:u_pw|pw_pe:gen_pw_neurons[6].u_pe|sum_pw_r[3]   ;
; bdscnn_top:u_bdscnn|dw_top:u_dw|dw_pe:pe_ch0|and_result[8]      ; Stuck at GND              ; bdscnn_top:u_bdscnn|dw_top:u_dw|dw_pe:pe_ch0|data_out[3],                  ;
;                                                                 ; due to stuck port data_in ; bdscnn_top:u_bdscnn|pw_top:u_pw|pw_pe:gen_pw_neurons[17].u_pe|sum_pw_r[3], ;
;                                                                 ;                           ; bdscnn_top:u_bdscnn|pw_top:u_pw|pw_pe:gen_pw_neurons[7].u_pe|sum_pw_r[3],  ;
;                                                                 ;                           ; bdscnn_top:u_bdscnn|pw_top:u_pw|pw_pe:gen_pw_neurons[1].u_pe|sum_pw_r[3],  ;
;                                                                 ;                           ; bdscnn_top:u_bdscnn|pw_top:u_pw|pw_pe:gen_pw_neurons[0].u_pe|sum_pw_r[3]   ;
; bdscnn_top:u_bdscnn|dw_top:u_dw|window3x3s1:u_window|temp[0][2] ; Lost Fanouts              ; bdscnn_top:u_bdscnn|dw_top:u_dw|window3x3s1:u_window|temp[1][2]            ;
; bdscnn_top:u_bdscnn|dw_top:u_dw|window3x3s1:u_window|temp[3][2] ; Lost Fanouts              ; bdscnn_top:u_bdscnn|dw_top:u_dw|window3x3s1:u_window|temp[4][2]            ;
; bdscnn_top:u_bdscnn|dw_top:u_dw|window3x3s1:u_window|temp[0][0] ; Lost Fanouts              ; bdscnn_top:u_bdscnn|dw_top:u_dw|window3x3s1:u_window|temp[1][0]            ;
+-----------------------------------------------------------------+---------------------------+----------------------------------------------------------------------------+


+------------------------------------------------------+
; General Register Statistics                          ;
+----------------------------------------------+-------+
; Statistic                                    ; Value ;
+----------------------------------------------+-------+
; Total registers                              ; 938   ;
; Number of registers using Synchronous Clear  ; 2     ;
; Number of registers using Synchronous Load   ; 324   ;
; Number of registers using Asynchronous Clear ; 929   ;
; Number of registers using Asynchronous Load  ; 0     ;
; Number of registers using Clock Enable       ; 828   ;
; Number of registers using Preset             ; 0     ;
+----------------------------------------------+-------+


+----------------------------------------------------------------------------------------------------------------------------------+
; Inverted Register Statistics                                                                                                     ;
+------------------------------------------------------------------------------------------------------------------------+---------+
; Inverted Register                                                                                                      ; Fan out ;
+------------------------------------------------------------------------------------------------------------------------+---------+
; bdscnn_top:u_bdscnn|dw_top:u_dw|window3x3s1:u_window|altshift_taps:buff_row1_rtl_0|shift_taps_ggm:auto_generated|dffe4 ; 4       ;
; bdscnn_top:u_bdscnn|mcp_top:u_mcp|window4x4s2:u_window|altshift_taps:row1_rtl_0|shift_taps_fgm:auto_generated|dffe4    ; 3       ;
; Total number of inverted registers = 2                                                                                 ;         ;
+------------------------------------------------------------------------------------------------------------------------+---------+


+----------------------------------------------------------------------------------------------------------------------------------------------------------------+
; Registers Packed Into Inferred Megafunctions                                                                                                                   ;
+----------------------------------------------------------------------------+----------------------------------------------------------------------+------------+
; Register Name                                                              ; Megafunction                                                         ; Type       ;
+----------------------------------------------------------------------------+----------------------------------------------------------------------+------------+
; bdscnn_top:u_bdscnn|mcp_top:u_mcp|window4x4s2:u_window|row3[0..31]         ; bdscnn_top:u_bdscnn|mcp_top:u_mcp|window4x4s2:u_window|row1_rtl_0    ; SHIFT_TAPS ;
; bdscnn_top:u_bdscnn|mcp_top:u_mcp|window4x4s2:u_window|row2[0..31]         ; bdscnn_top:u_bdscnn|mcp_top:u_mcp|window4x4s2:u_window|row1_rtl_0    ; SHIFT_TAPS ;
; bdscnn_top:u_bdscnn|mcp_top:u_mcp|window4x4s2:u_window|row1[0..31]         ; bdscnn_top:u_bdscnn|mcp_top:u_mcp|window4x4s2:u_window|row1_rtl_0    ; SHIFT_TAPS ;
; bdscnn_top:u_bdscnn|dw_top:u_dw|window3x3s1:u_window|buff_row2[0..14][0,2] ; bdscnn_top:u_bdscnn|dw_top:u_dw|window3x3s1:u_window|buff_row1_rtl_0 ; SHIFT_TAPS ;
; bdscnn_top:u_bdscnn|dw_top:u_dw|window3x3s1:u_window|buff_row1[0..14][0,2] ; bdscnn_top:u_bdscnn|dw_top:u_dw|window3x3s1:u_window|buff_row1_rtl_0 ; SHIFT_TAPS ;
+----------------------------------------------------------------------------+----------------------------------------------------------------------+------------+


+-----------------------------------------------------------------------------------------------------------------------------------------------------------------------------------------------------------------------------+
; Multiplexer Restructuring Statistics (Restructuring Performed)                                                                                                                                                              ;
+--------------------+-----------+---------------+----------------------+------------------------+------------+---------------------------------------------------------------------------------------------------------------+
; Multiplexer Inputs ; Bus Width ; Baseline Area ; Area if Restructured ; Saving if Restructured ; Registered ; Example Multiplexer Output                                                                                    ;
+--------------------+-----------+---------------+----------------------+------------------------+------------+---------------------------------------------------------------------------------------------------------------+
; 3:1                ; 98 bits   ; 196 LEs       ; 196 LEs              ; 0 LEs                  ; Yes        ; |bdscnn_ecg_tb|bdscnn_top:u_bdscnn|fc1_folded_top:u_fc1|fc1_folded_neuron:gen_fc1_neurons[16].u_neuron|acc[9] ;
; 3:1                ; 70 bits   ; 140 LEs       ; 140 LEs              ; 0 LEs                  ; Yes        ; |bdscnn_ecg_tb|bdscnn_top:u_bdscnn|fc1_folded_top:u_fc1|fc1_folded_neuron:gen_fc1_neurons[30].u_neuron|acc[2] ;
+--------------------+-----------+---------------+----------------------+------------------------+------------+---------------------------------------------------------------------------------------------------------------+


+------------------------------------------------------------------------------------------------------------------------------------------------------------------+
; Source assignments for bdscnn_top:u_bdscnn|mcp_top:u_mcp|window4x4s2:u_window|altshift_taps:row1_rtl_0|shift_taps_fgm:auto_generated|altsyncram_kca1:altsyncram2 ;
+---------------------------------+--------------------+------+----------------------------------------------------------------------------------------------------+
; Assignment                      ; Value              ; From ; To                                                                                                 ;
+---------------------------------+--------------------+------+----------------------------------------------------------------------------------------------------+
; OPTIMIZE_POWER_DURING_SYNTHESIS ; NORMAL_COMPILATION ; -    ; -                                                                                                  ;
+---------------------------------+--------------------+------+----------------------------------------------------------------------------------------------------+


+---------------------------------------------------------------------------------------------------------------------------------------------------------------------+
; Source assignments for bdscnn_top:u_bdscnn|dw_top:u_dw|window3x3s1:u_window|altshift_taps:buff_row1_rtl_0|shift_taps_ggm:auto_generated|altsyncram_mca1:altsyncram2 ;
+---------------------------------+--------------------+------+-------------------------------------------------------------------------------------------------------+
; Assignment                      ; Value              ; From ; To                                                                                                    ;
+---------------------------------+--------------------+------+-------------------------------------------------------------------------------------------------------+
; OPTIMIZE_POWER_DURING_SYNTHESIS ; NORMAL_COMPILATION ; -    ; -                                                                                                     ;
+---------------------------------+--------------------+------+-------------------------------------------------------------------------------------------------------+


+------------------------------------------------------------------------------------------------------------------------------+
; Parameter Settings for User Entity Instance: bdscnn_top:u_bdscnn|mcp_top:u_mcp|mcp_pe:gen_mcp_filters[0].u_pe|popcount:u_pop ;
+----------------+-------+-----------------------------------------------------------------------------------------------------+
; Parameter Name ; Value ; Type                                                                                                ;
+----------------+-------+-----------------------------------------------------------------------------------------------------+
; INPUT_WIDTH    ; 16    ; Signed Integer                                                                                      ;
+----------------+-------+-----------------------------------------------------------------------------------------------------+
Note: In order to hide this table in the UI and the text report file, please set the "Show Parameter Settings in Synthesis Report" option in "Analysis and Synthesis Settings -> More Settings" to "Off".


+------------------------------------------------------------------------------------------------------------------------------+
; Parameter Settings for User Entity Instance: bdscnn_top:u_bdscnn|mcp_top:u_mcp|mcp_pe:gen_mcp_filters[1].u_pe|popcount:u_pop ;
+----------------+-------+-----------------------------------------------------------------------------------------------------+
; Parameter Name ; Value ; Type                                                                                                ;
+----------------+-------+-----------------------------------------------------------------------------------------------------+
; INPUT_WIDTH    ; 16    ; Signed Integer                                                                                      ;
+----------------+-------+-----------------------------------------------------------------------------------------------------+
Note: In order to hide this table in the UI and the text report file, please set the "Show Parameter Settings in Synthesis Report" option in "Analysis and Synthesis Settings -> More Settings" to "Off".


+------------------------------------------------------------------------------------------------------------------------------+
; Parameter Settings for User Entity Instance: bdscnn_top:u_bdscnn|mcp_top:u_mcp|mcp_pe:gen_mcp_filters[2].u_pe|popcount:u_pop ;
+----------------+-------+-----------------------------------------------------------------------------------------------------+
; Parameter Name ; Value ; Type                                                                                                ;
+----------------+-------+-----------------------------------------------------------------------------------------------------+
; INPUT_WIDTH    ; 16    ; Signed Integer                                                                                      ;
+----------------+-------+-----------------------------------------------------------------------------------------------------+
Note: In order to hide this table in the UI and the text report file, please set the "Show Parameter Settings in Synthesis Report" option in "Analysis and Synthesis Settings -> More Settings" to "Off".


+---------------------------------------------------------------------------------------------------+
; Parameter Settings for User Entity Instance: bdscnn_top:u_bdscnn|dw_top:u_dw|window3x3s1:u_window ;
+----------------+-------+--------------------------------------------------------------------------+
; Parameter Name ; Value ; Type                                                                     ;
+----------------+-------+--------------------------------------------------------------------------+
; DATA_WIDTH     ; 3     ; Signed Integer                                                           ;
; IMG_WIDTH      ; 15    ; Signed Integer                                                           ;
+----------------+-------+--------------------------------------------------------------------------+
Note: In order to hide this table in the UI and the text report file, please set the "Show Parameter Settings in Synthesis Report" option in "Analysis and Synthesis Settings -> More Settings" to "Off".


+-------------------------------------------------------------------------------------------------------------+
; Parameter Settings for User Entity Instance: bdscnn_top:u_bdscnn|dw_top:u_dw|dw_pe:pe_ch0|popcount:popcount ;
+----------------+-------+------------------------------------------------------------------------------------+
; Parameter Name ; Value ; Type                                                                               ;
+----------------+-------+------------------------------------------------------------------------------------+
; INPUT_WIDTH    ; 9     ; Signed Integer                                                                     ;
+----------------+-------+------------------------------------------------------------------------------------+
Note: In order to hide this table in the UI and the text report file, please set the "Show Parameter Settings in Synthesis Report" option in "Analysis and Synthesis Settings -> More Settings" to "Off".


+-------------------------------------------------------------------------------------------------------------+
; Parameter Settings for User Entity Instance: bdscnn_top:u_bdscnn|dw_top:u_dw|dw_pe:pe_ch1|popcount:popcount ;
+----------------+-------+------------------------------------------------------------------------------------+
; Parameter Name ; Value ; Type                                                                               ;
+----------------+-------+------------------------------------------------------------------------------------+
; INPUT_WIDTH    ; 9     ; Signed Integer                                                                     ;
+----------------+-------+------------------------------------------------------------------------------------+
Note: In order to hide this table in the UI and the text report file, please set the "Show Parameter Settings in Synthesis Report" option in "Analysis and Synthesis Settings -> More Settings" to "Off".


+-------------------------------------------------------------------------------------------------------------+
; Parameter Settings for User Entity Instance: bdscnn_top:u_bdscnn|dw_top:u_dw|dw_pe:pe_ch2|popcount:popcount ;
+----------------+-------+------------------------------------------------------------------------------------+
; Parameter Name ; Value ; Type                                                                               ;
+----------------+-------+------------------------------------------------------------------------------------+
; INPUT_WIDTH    ; 9     ; Signed Integer                                                                     ;
+----------------+-------+------------------------------------------------------------------------------------+
Note: In order to hide this table in the UI and the text report file, please set the "Show Parameter Settings in Synthesis Report" option in "Analysis and Synthesis Settings -> More Settings" to "Off".


+----------------------------------------------------------------------------------------------------------------------------------------------------+
; Parameter Settings for User Entity Instance: bdscnn_top:u_bdscnn|fc1_folded_top:u_fc1|fc1_folded_neuron:gen_fc1_neurons[0].u_neuron|popcount:pc_fm ;
+----------------+-------+---------------------------------------------------------------------------------------------------------------------------+
; Parameter Name ; Value ; Type                                                                                                                      ;
+----------------+-------+---------------------------------------------------------------------------------------------------------------------------+
; INPUT_WIDTH    ; 18    ; Signed Integer                                                                                                            ;
+----------------+-------+---------------------------------------------------------------------------------------------------------------------------+
Note: In order to hide this table in the UI and the text report file, please set the "Show Parameter Settings in Synthesis Report" option in "Analysis and Synthesis Settings -> More Settings" to "Off".


+----------------------------------------------------------------------------------------------------------------------------------------------------+
; Parameter Settings for User Entity Instance: bdscnn_top:u_bdscnn|fc1_folded_top:u_fc1|fc1_folded_neuron:gen_fc1_neurons[0].u_neuron|popcount:pc_rr ;
+----------------+-------+---------------------------------------------------------------------------------------------------------------------------+
; Parameter Name ; Value ; Type                                                                                                                      ;
+----------------+-------+---------------------------------------------------------------------------------------------------------------------------+
; INPUT_WIDTH    ; 4     ; Signed Integer                                                                                                            ;
+----------------+-------+---------------------------------------------------------------------------------------------------------------------------+
Note: In order to hide this table in the UI and the text report file, please set the "Show Parameter Settings in Synthesis Report" option in "Analysis and Synthesis Settings -> More Settings" to "Off".


+----------------------------------------------------------------------------------------------------------------------------------------------------+
; Parameter Settings for User Entity Instance: bdscnn_top:u_bdscnn|fc1_folded_top:u_fc1|fc1_folded_neuron:gen_fc1_neurons[1].u_neuron|popcount:pc_fm ;
+----------------+-------+---------------------------------------------------------------------------------------------------------------------------+
; Parameter Name ; Value ; Type                                                                                                                      ;
+----------------+-------+---------------------------------------------------------------------------------------------------------------------------+
; INPUT_WIDTH    ; 18    ; Signed Integer                                                                                                            ;
+----------------+-------+---------------------------------------------------------------------------------------------------------------------------+
Note: In order to hide this table in the UI and the text report file, please set the "Show Parameter Settings in Synthesis Report" option in "Analysis and Synthesis Settings -> More Settings" to "Off".


+----------------------------------------------------------------------------------------------------------------------------------------------------+
; Parameter Settings for User Entity Instance: bdscnn_top:u_bdscnn|fc1_folded_top:u_fc1|fc1_folded_neuron:gen_fc1_neurons[1].u_neuron|popcount:pc_rr ;
+----------------+-------+---------------------------------------------------------------------------------------------------------------------------+
; Parameter Name ; Value ; Type                                                                                                                      ;
+----------------+-------+---------------------------------------------------------------------------------------------------------------------------+
; INPUT_WIDTH    ; 4     ; Signed Integer                                                                                                            ;
+----------------+-------+---------------------------------------------------------------------------------------------------------------------------+
Note: In order to hide this table in the UI and the text report file, please set the "Show Parameter Settings in Synthesis Report" option in "Analysis and Synthesis Settings -> More Settings" to "Off".


+----------------------------------------------------------------------------------------------------------------------------------------------------+
; Parameter Settings for User Entity Instance: bdscnn_top:u_bdscnn|fc1_folded_top:u_fc1|fc1_folded_neuron:gen_fc1_neurons[2].u_neuron|popcount:pc_fm ;
+----------------+-------+---------------------------------------------------------------------------------------------------------------------------+
; Parameter Name ; Value ; Type                                                                                                                      ;
+----------------+-------+---------------------------------------------------------------------------------------------------------------------------+
; INPUT_WIDTH    ; 18    ; Signed Integer                                                                                                            ;
+----------------+-------+---------------------------------------------------------------------------------------------------------------------------+
Note: In order to hide this table in the UI and the text report file, please set the "Show Parameter Settings in Synthesis Report" option in "Analysis and Synthesis Settings -> More Settings" to "Off".


+----------------------------------------------------------------------------------------------------------------------------------------------------+
; Parameter Settings for User Entity Instance: bdscnn_top:u_bdscnn|fc1_folded_top:u_fc1|fc1_folded_neuron:gen_fc1_neurons[2].u_neuron|popcount:pc_rr ;
+----------------+-------+---------------------------------------------------------------------------------------------------------------------------+
; Parameter Name ; Value ; Type                                                                                                                      ;
+----------------+-------+---------------------------------------------------------------------------------------------------------------------------+
; INPUT_WIDTH    ; 4     ; Signed Integer                                                                                                            ;
+----------------+-------+---------------------------------------------------------------------------------------------------------------------------+
Note: In order to hide this table in the UI and the text report file, please set the "Show Parameter Settings in Synthesis Report" option in "Analysis and Synthesis Settings -> More Settings" to "Off".


+----------------------------------------------------------------------------------------------------------------------------------------------------+
; Parameter Settings for User Entity Instance: bdscnn_top:u_bdscnn|fc1_folded_top:u_fc1|fc1_folded_neuron:gen_fc1_neurons[3].u_neuron|popcount:pc_fm ;
+----------------+-------+---------------------------------------------------------------------------------------------------------------------------+
; Parameter Name ; Value ; Type                                                                                                                      ;
+----------------+-------+---------------------------------------------------------------------------------------------------------------------------+
; INPUT_WIDTH    ; 18    ; Signed Integer                                                                                                            ;
+----------------+-------+---------------------------------------------------------------------------------------------------------------------------+
Note: In order to hide this table in the UI and the text report file, please set the "Show Parameter Settings in Synthesis Report" option in "Analysis and Synthesis Settings -> More Settings" to "Off".


+----------------------------------------------------------------------------------------------------------------------------------------------------+
; Parameter Settings for User Entity Instance: bdscnn_top:u_bdscnn|fc1_folded_top:u_fc1|fc1_folded_neuron:gen_fc1_neurons[3].u_neuron|popcount:pc_rr ;
+----------------+-------+---------------------------------------------------------------------------------------------------------------------------+
; Parameter Name ; Value ; Type                                                                                                                      ;
+----------------+-------+---------------------------------------------------------------------------------------------------------------------------+
; INPUT_WIDTH    ; 4     ; Signed Integer                                                                                                            ;
+----------------+-------+---------------------------------------------------------------------------------------------------------------------------+
Note: In order to hide this table in the UI and the text report file, please set the "Show Parameter Settings in Synthesis Report" option in "Analysis and Synthesis Settings -> More Settings" to "Off".


+----------------------------------------------------------------------------------------------------------------------------------------------------+
; Parameter Settings for User Entity Instance: bdscnn_top:u_bdscnn|fc1_folded_top:u_fc1|fc1_folded_neuron:gen_fc1_neurons[4].u_neuron|popcount:pc_fm ;
+----------------+-------+---------------------------------------------------------------------------------------------------------------------------+
; Parameter Name ; Value ; Type                                                                                                                      ;
+----------------+-------+---------------------------------------------------------------------------------------------------------------------------+
; INPUT_WIDTH    ; 18    ; Signed Integer                                                                                                            ;
+----------------+-------+---------------------------------------------------------------------------------------------------------------------------+
Note: In order to hide this table in the UI and the text report file, please set the "Show Parameter Settings in Synthesis Report" option in "Analysis and Synthesis Settings -> More Settings" to "Off".


+----------------------------------------------------------------------------------------------------------------------------------------------------+
; Parameter Settings for User Entity Instance: bdscnn_top:u_bdscnn|fc1_folded_top:u_fc1|fc1_folded_neuron:gen_fc1_neurons[4].u_neuron|popcount:pc_rr ;
+----------------+-------+---------------------------------------------------------------------------------------------------------------------------+
; Parameter Name ; Value ; Type                                                                                                                      ;
+----------------+-------+---------------------------------------------------------------------------------------------------------------------------+
; INPUT_WIDTH    ; 4     ; Signed Integer                                                                                                            ;
+----------------+-------+---------------------------------------------------------------------------------------------------------------------------+
Note: In order to hide this table in the UI and the text report file, please set the "Show Parameter Settings in Synthesis Report" option in "Analysis and Synthesis Settings -> More Settings" to "Off".


+----------------------------------------------------------------------------------------------------------------------------------------------------+
; Parameter Settings for User Entity Instance: bdscnn_top:u_bdscnn|fc1_folded_top:u_fc1|fc1_folded_neuron:gen_fc1_neurons[5].u_neuron|popcount:pc_fm ;
+----------------+-------+---------------------------------------------------------------------------------------------------------------------------+
; Parameter Name ; Value ; Type                                                                                                                      ;
+----------------+-------+---------------------------------------------------------------------------------------------------------------------------+
; INPUT_WIDTH    ; 18    ; Signed Integer                                                                                                            ;
+----------------+-------+---------------------------------------------------------------------------------------------------------------------------+
Note: In order to hide this table in the UI and the text report file, please set the "Show Parameter Settings in Synthesis Report" option in "Analysis and Synthesis Settings -> More Settings" to "Off".


+----------------------------------------------------------------------------------------------------------------------------------------------------+
; Parameter Settings for User Entity Instance: bdscnn_top:u_bdscnn|fc1_folded_top:u_fc1|fc1_folded_neuron:gen_fc1_neurons[5].u_neuron|popcount:pc_rr ;
+----------------+-------+---------------------------------------------------------------------------------------------------------------------------+
; Parameter Name ; Value ; Type                                                                                                                      ;
+----------------+-------+---------------------------------------------------------------------------------------------------------------------------+
; INPUT_WIDTH    ; 4     ; Signed Integer                                                                                                            ;
+----------------+-------+---------------------------------------------------------------------------------------------------------------------------+
Note: In order to hide this table in the UI and the text report file, please set the "Show Parameter Settings in Synthesis Report" option in "Analysis and Synthesis Settings -> More Settings" to "Off".


+----------------------------------------------------------------------------------------------------------------------------------------------------+
; Parameter Settings for User Entity Instance: bdscnn_top:u_bdscnn|fc1_folded_top:u_fc1|fc1_folded_neuron:gen_fc1_neurons[6].u_neuron|popcount:pc_fm ;
+----------------+-------+---------------------------------------------------------------------------------------------------------------------------+
; Parameter Name ; Value ; Type                                                                                                                      ;
+----------------+-------+---------------------------------------------------------------------------------------------------------------------------+
; INPUT_WIDTH    ; 18    ; Signed Integer                                                                                                            ;
+----------------+-------+---------------------------------------------------------------------------------------------------------------------------+
Note: In order to hide this table in the UI and the text report file, please set the "Show Parameter Settings in Synthesis Report" option in "Analysis and Synthesis Settings -> More Settings" to "Off".


+----------------------------------------------------------------------------------------------------------------------------------------------------+
; Parameter Settings for User Entity Instance: bdscnn_top:u_bdscnn|fc1_folded_top:u_fc1|fc1_folded_neuron:gen_fc1_neurons[6].u_neuron|popcount:pc_rr ;
+----------------+-------+---------------------------------------------------------------------------------------------------------------------------+
; Parameter Name ; Value ; Type                                                                                                                      ;
+----------------+-------+---------------------------------------------------------------------------------------------------------------------------+
; INPUT_WIDTH    ; 4     ; Signed Integer                                                                                                            ;
+----------------+-------+---------------------------------------------------------------------------------------------------------------------------+
Note: In order to hide this table in the UI and the text report file, please set the "Show Parameter Settings in Synthesis Report" option in "Analysis and Synthesis Settings -> More Settings" to "Off".


+----------------------------------------------------------------------------------------------------------------------------------------------------+
; Parameter Settings for User Entity Instance: bdscnn_top:u_bdscnn|fc1_folded_top:u_fc1|fc1_folded_neuron:gen_fc1_neurons[7].u_neuron|popcount:pc_fm ;
+----------------+-------+---------------------------------------------------------------------------------------------------------------------------+
; Parameter Name ; Value ; Type                                                                                                                      ;
+----------------+-------+---------------------------------------------------------------------------------------------------------------------------+
; INPUT_WIDTH    ; 18    ; Signed Integer                                                                                                            ;
+----------------+-------+---------------------------------------------------------------------------------------------------------------------------+
Note: In order to hide this table in the UI and the text report file, please set the "Show Parameter Settings in Synthesis Report" option in "Analysis and Synthesis Settings -> More Settings" to "Off".


+----------------------------------------------------------------------------------------------------------------------------------------------------+
; Parameter Settings for User Entity Instance: bdscnn_top:u_bdscnn|fc1_folded_top:u_fc1|fc1_folded_neuron:gen_fc1_neurons[7].u_neuron|popcount:pc_rr ;
+----------------+-------+---------------------------------------------------------------------------------------------------------------------------+
; Parameter Name ; Value ; Type                                                                                                                      ;
+----------------+-------+---------------------------------------------------------------------------------------------------------------------------+
; INPUT_WIDTH    ; 4     ; Signed Integer                                                                                                            ;
+----------------+-------+---------------------------------------------------------------------------------------------------------------------------+
Note: In order to hide this table in the UI and the text report file, please set the "Show Parameter Settings in Synthesis Report" option in "Analysis and Synthesis Settings -> More Settings" to "Off".


+----------------------------------------------------------------------------------------------------------------------------------------------------+
; Parameter Settings for User Entity Instance: bdscnn_top:u_bdscnn|fc1_folded_top:u_fc1|fc1_folded_neuron:gen_fc1_neurons[8].u_neuron|popcount:pc_fm ;
+----------------+-------+---------------------------------------------------------------------------------------------------------------------------+
; Parameter Name ; Value ; Type                                                                                                                      ;
+----------------+-------+---------------------------------------------------------------------------------------------------------------------------+
; INPUT_WIDTH    ; 18    ; Signed Integer                                                                                                            ;
+----------------+-------+---------------------------------------------------------------------------------------------------------------------------+
Note: In order to hide this table in the UI and the text report file, please set the "Show Parameter Settings in Synthesis Report" option in "Analysis and Synthesis Settings -> More Settings" to "Off".


+----------------------------------------------------------------------------------------------------------------------------------------------------+
; Parameter Settings for User Entity Instance: bdscnn_top:u_bdscnn|fc1_folded_top:u_fc1|fc1_folded_neuron:gen_fc1_neurons[8].u_neuron|popcount:pc_rr ;
+----------------+-------+---------------------------------------------------------------------------------------------------------------------------+
; Parameter Name ; Value ; Type                                                                                                                      ;
+----------------+-------+---------------------------------------------------------------------------------------------------------------------------+
; INPUT_WIDTH    ; 4     ; Signed Integer                                                                                                            ;
+----------------+-------+---------------------------------------------------------------------------------------------------------------------------+
Note: In order to hide this table in the UI and the text report file, please set the "Show Parameter Settings in Synthesis Report" option in "Analysis and Synthesis Settings -> More Settings" to "Off".


+----------------------------------------------------------------------------------------------------------------------------------------------------+
; Parameter Settings for User Entity Instance: bdscnn_top:u_bdscnn|fc1_folded_top:u_fc1|fc1_folded_neuron:gen_fc1_neurons[9].u_neuron|popcount:pc_fm ;
+----------------+-------+---------------------------------------------------------------------------------------------------------------------------+
; Parameter Name ; Value ; Type                                                                                                                      ;
+----------------+-------+---------------------------------------------------------------------------------------------------------------------------+
; INPUT_WIDTH    ; 18    ; Signed Integer                                                                                                            ;
+----------------+-------+---------------------------------------------------------------------------------------------------------------------------+
Note: In order to hide this table in the UI and the text report file, please set the "Show Parameter Settings in Synthesis Report" option in "Analysis and Synthesis Settings -> More Settings" to "Off".


+----------------------------------------------------------------------------------------------------------------------------------------------------+
; Parameter Settings for User Entity Instance: bdscnn_top:u_bdscnn|fc1_folded_top:u_fc1|fc1_folded_neuron:gen_fc1_neurons[9].u_neuron|popcount:pc_rr ;
+----------------+-------+---------------------------------------------------------------------------------------------------------------------------+
; Parameter Name ; Value ; Type                                                                                                                      ;
+----------------+-------+---------------------------------------------------------------------------------------------------------------------------+
; INPUT_WIDTH    ; 4     ; Signed Integer                                                                                                            ;
+----------------+-------+---------------------------------------------------------------------------------------------------------------------------+
Note: In order to hide this table in the UI and the text report file, please set the "Show Parameter Settings in Synthesis Report" option in "Analysis and Synthesis Settings -> More Settings" to "Off".


+-----------------------------------------------------------------------------------------------------------------------------------------------------+
; Parameter Settings for User Entity Instance: bdscnn_top:u_bdscnn|fc1_folded_top:u_fc1|fc1_folded_neuron:gen_fc1_neurons[10].u_neuron|popcount:pc_fm ;
+----------------+-------+----------------------------------------------------------------------------------------------------------------------------+
; Parameter Name ; Value ; Type                                                                                                                       ;
+----------------+-------+----------------------------------------------------------------------------------------------------------------------------+
; INPUT_WIDTH    ; 18    ; Signed Integer                                                                                                             ;
+----------------+-------+----------------------------------------------------------------------------------------------------------------------------+
Note: In order to hide this table in the UI and the text report file, please set the "Show Parameter Settings in Synthesis Report" option in "Analysis and Synthesis Settings -> More Settings" to "Off".


+-----------------------------------------------------------------------------------------------------------------------------------------------------+
; Parameter Settings for User Entity Instance: bdscnn_top:u_bdscnn|fc1_folded_top:u_fc1|fc1_folded_neuron:gen_fc1_neurons[10].u_neuron|popcount:pc_rr ;
+----------------+-------+----------------------------------------------------------------------------------------------------------------------------+
; Parameter Name ; Value ; Type                                                                                                                       ;
+----------------+-------+----------------------------------------------------------------------------------------------------------------------------+
; INPUT_WIDTH    ; 4     ; Signed Integer                                                                                                             ;
+----------------+-------+----------------------------------------------------------------------------------------------------------------------------+
Note: In order to hide this table in the UI and the text report file, please set the "Show Parameter Settings in Synthesis Report" option in "Analysis and Synthesis Settings -> More Settings" to "Off".


+-----------------------------------------------------------------------------------------------------------------------------------------------------+
; Parameter Settings for User Entity Instance: bdscnn_top:u_bdscnn|fc1_folded_top:u_fc1|fc1_folded_neuron:gen_fc1_neurons[11].u_neuron|popcount:pc_fm ;
+----------------+-------+----------------------------------------------------------------------------------------------------------------------------+
; Parameter Name ; Value ; Type                                                                                                                       ;
+----------------+-------+----------------------------------------------------------------------------------------------------------------------------+
; INPUT_WIDTH    ; 18    ; Signed Integer                                                                                                             ;
+----------------+-------+----------------------------------------------------------------------------------------------------------------------------+
Note: In order to hide this table in the UI and the text report file, please set the "Show Parameter Settings in Synthesis Report" option in "Analysis and Synthesis Settings -> More Settings" to "Off".


+-----------------------------------------------------------------------------------------------------------------------------------------------------+
; Parameter Settings for User Entity Instance: bdscnn_top:u_bdscnn|fc1_folded_top:u_fc1|fc1_folded_neuron:gen_fc1_neurons[11].u_neuron|popcount:pc_rr ;
+----------------+-------+----------------------------------------------------------------------------------------------------------------------------+
; Parameter Name ; Value ; Type                                                                                                                       ;
+----------------+-------+----------------------------------------------------------------------------------------------------------------------------+
; INPUT_WIDTH    ; 4     ; Signed Integer                                                                                                             ;
+----------------+-------+----------------------------------------------------------------------------------------------------------------------------+
Note: In order to hide this table in the UI and the text report file, please set the "Show Parameter Settings in Synthesis Report" option in "Analysis and Synthesis Settings -> More Settings" to "Off".


+-----------------------------------------------------------------------------------------------------------------------------------------------------+
; Parameter Settings for User Entity Instance: bdscnn_top:u_bdscnn|fc1_folded_top:u_fc1|fc1_folded_neuron:gen_fc1_neurons[12].u_neuron|popcount:pc_fm ;
+----------------+-------+----------------------------------------------------------------------------------------------------------------------------+
; Parameter Name ; Value ; Type                                                                                                                       ;
+----------------+-------+----------------------------------------------------------------------------------------------------------------------------+
; INPUT_WIDTH    ; 18    ; Signed Integer                                                                                                             ;
+----------------+-------+----------------------------------------------------------------------------------------------------------------------------+
Note: In order to hide this table in the UI and the text report file, please set the "Show Parameter Settings in Synthesis Report" option in "Analysis and Synthesis Settings -> More Settings" to "Off".


+-----------------------------------------------------------------------------------------------------------------------------------------------------+
; Parameter Settings for User Entity Instance: bdscnn_top:u_bdscnn|fc1_folded_top:u_fc1|fc1_folded_neuron:gen_fc1_neurons[12].u_neuron|popcount:pc_rr ;
+----------------+-------+----------------------------------------------------------------------------------------------------------------------------+
; Parameter Name ; Value ; Type                                                                                                                       ;
+----------------+-------+----------------------------------------------------------------------------------------------------------------------------+
; INPUT_WIDTH    ; 4     ; Signed Integer                                                                                                             ;
+----------------+-------+----------------------------------------------------------------------------------------------------------------------------+
Note: In order to hide this table in the UI and the text report file, please set the "Show Parameter Settings in Synthesis Report" option in "Analysis and Synthesis Settings -> More Settings" to "Off".


+-----------------------------------------------------------------------------------------------------------------------------------------------------+
; Parameter Settings for User Entity Instance: bdscnn_top:u_bdscnn|fc1_folded_top:u_fc1|fc1_folded_neuron:gen_fc1_neurons[13].u_neuron|popcount:pc_fm ;
+----------------+-------+----------------------------------------------------------------------------------------------------------------------------+
; Parameter Name ; Value ; Type                                                                                                                       ;
+----------------+-------+----------------------------------------------------------------------------------------------------------------------------+
; INPUT_WIDTH    ; 18    ; Signed Integer                                                                                                             ;
+----------------+-------+----------------------------------------------------------------------------------------------------------------------------+
Note: In order to hide this table in the UI and the text report file, please set the "Show Parameter Settings in Synthesis Report" option in "Analysis and Synthesis Settings -> More Settings" to "Off".


+-----------------------------------------------------------------------------------------------------------------------------------------------------+
; Parameter Settings for User Entity Instance: bdscnn_top:u_bdscnn|fc1_folded_top:u_fc1|fc1_folded_neuron:gen_fc1_neurons[13].u_neuron|popcount:pc_rr ;
+----------------+-------+----------------------------------------------------------------------------------------------------------------------------+
; Parameter Name ; Value ; Type                                                                                                                       ;
+----------------+-------+----------------------------------------------------------------------------------------------------------------------------+
; INPUT_WIDTH    ; 4     ; Signed Integer                                                                                                             ;
+----------------+-------+----------------------------------------------------------------------------------------------------------------------------+
Note: In order to hide this table in the UI and the text report file, please set the "Show Parameter Settings in Synthesis Report" option in "Analysis and Synthesis Settings -> More Settings" to "Off".


+-----------------------------------------------------------------------------------------------------------------------------------------------------+
; Parameter Settings for User Entity Instance: bdscnn_top:u_bdscnn|fc1_folded_top:u_fc1|fc1_folded_neuron:gen_fc1_neurons[14].u_neuron|popcount:pc_fm ;
+----------------+-------+----------------------------------------------------------------------------------------------------------------------------+
; Parameter Name ; Value ; Type                                                                                                                       ;
+----------------+-------+----------------------------------------------------------------------------------------------------------------------------+
; INPUT_WIDTH    ; 18    ; Signed Integer                                                                                                             ;
+----------------+-------+----------------------------------------------------------------------------------------------------------------------------+
Note: In order to hide this table in the UI and the text report file, please set the "Show Parameter Settings in Synthesis Report" option in "Analysis and Synthesis Settings -> More Settings" to "Off".


+-----------------------------------------------------------------------------------------------------------------------------------------------------+
; Parameter Settings for User Entity Instance: bdscnn_top:u_bdscnn|fc1_folded_top:u_fc1|fc1_folded_neuron:gen_fc1_neurons[14].u_neuron|popcount:pc_rr ;
+----------------+-------+----------------------------------------------------------------------------------------------------------------------------+
; Parameter Name ; Value ; Type                                                                                                                       ;
+----------------+-------+----------------------------------------------------------------------------------------------------------------------------+
; INPUT_WIDTH    ; 4     ; Signed Integer                                                                                                             ;
+----------------+-------+----------------------------------------------------------------------------------------------------------------------------+
Note: In order to hide this table in the UI and the text report file, please set the "Show Parameter Settings in Synthesis Report" option in "Analysis and Synthesis Settings -> More Settings" to "Off".


+-----------------------------------------------------------------------------------------------------------------------------------------------------+
; Parameter Settings for User Entity Instance: bdscnn_top:u_bdscnn|fc1_folded_top:u_fc1|fc1_folded_neuron:gen_fc1_neurons[15].u_neuron|popcount:pc_fm ;
+----------------+-------+----------------------------------------------------------------------------------------------------------------------------+
; Parameter Name ; Value ; Type                                                                                                                       ;
+----------------+-------+----------------------------------------------------------------------------------------------------------------------------+
; INPUT_WIDTH    ; 18    ; Signed Integer                                                                                                             ;
+----------------+-------+----------------------------------------------------------------------------------------------------------------------------+
Note: In order to hide this table in the UI and the text report file, please set the "Show Parameter Settings in Synthesis Report" option in "Analysis and Synthesis Settings -> More Settings" to "Off".


+-----------------------------------------------------------------------------------------------------------------------------------------------------+
; Parameter Settings for User Entity Instance: bdscnn_top:u_bdscnn|fc1_folded_top:u_fc1|fc1_folded_neuron:gen_fc1_neurons[15].u_neuron|popcount:pc_rr ;
+----------------+-------+----------------------------------------------------------------------------------------------------------------------------+
; Parameter Name ; Value ; Type                                                                                                                       ;
+----------------+-------+----------------------------------------------------------------------------------------------------------------------------+
; INPUT_WIDTH    ; 4     ; Signed Integer                                                                                                             ;
+----------------+-------+----------------------------------------------------------------------------------------------------------------------------+
Note: In order to hide this table in the UI and the text report file, please set the "Show Parameter Settings in Synthesis Report" option in "Analysis and Synthesis Settings -> More Settings" to "Off".


+-----------------------------------------------------------------------------------------------------------------------------------------------------+
; Parameter Settings for User Entity Instance: bdscnn_top:u_bdscnn|fc1_folded_top:u_fc1|fc1_folded_neuron:gen_fc1_neurons[16].u_neuron|popcount:pc_fm ;
+----------------+-------+----------------------------------------------------------------------------------------------------------------------------+
; Parameter Name ; Value ; Type                                                                                                                       ;
+----------------+-------+----------------------------------------------------------------------------------------------------------------------------+
; INPUT_WIDTH    ; 18    ; Signed Integer                                                                                                             ;
+----------------+-------+----------------------------------------------------------------------------------------------------------------------------+
Note: In order to hide this table in the UI and the text report file, please set the "Show Parameter Settings in Synthesis Report" option in "Analysis and Synthesis Settings -> More Settings" to "Off".


+-----------------------------------------------------------------------------------------------------------------------------------------------------+
; Parameter Settings for User Entity Instance: bdscnn_top:u_bdscnn|fc1_folded_top:u_fc1|fc1_folded_neuron:gen_fc1_neurons[16].u_neuron|popcount:pc_rr ;
+----------------+-------+----------------------------------------------------------------------------------------------------------------------------+
; Parameter Name ; Value ; Type                                                                                                                       ;
+----------------+-------+----------------------------------------------------------------------------------------------------------------------------+
; INPUT_WIDTH    ; 4     ; Signed Integer                                                                                                             ;
+----------------+-------+----------------------------------------------------------------------------------------------------------------------------+
Note: In order to hide this table in the UI and the text report file, please set the "Show Parameter Settings in Synthesis Report" option in "Analysis and Synthesis Settings -> More Settings" to "Off".


+-----------------------------------------------------------------------------------------------------------------------------------------------------+
; Parameter Settings for User Entity Instance: bdscnn_top:u_bdscnn|fc1_folded_top:u_fc1|fc1_folded_neuron:gen_fc1_neurons[17].u_neuron|popcount:pc_fm ;
+----------------+-------+----------------------------------------------------------------------------------------------------------------------------+
; Parameter Name ; Value ; Type                                                                                                                       ;
+----------------+-------+----------------------------------------------------------------------------------------------------------------------------+
; INPUT_WIDTH    ; 18    ; Signed Integer                                                                                                             ;
+----------------+-------+----------------------------------------------------------------------------------------------------------------------------+
Note: In order to hide this table in the UI and the text report file, please set the "Show Parameter Settings in Synthesis Report" option in "Analysis and Synthesis Settings -> More Settings" to "Off".


+-----------------------------------------------------------------------------------------------------------------------------------------------------+
; Parameter Settings for User Entity Instance: bdscnn_top:u_bdscnn|fc1_folded_top:u_fc1|fc1_folded_neuron:gen_fc1_neurons[17].u_neuron|popcount:pc_rr ;
+----------------+-------+----------------------------------------------------------------------------------------------------------------------------+
; Parameter Name ; Value ; Type                                                                                                                       ;
+----------------+-------+----------------------------------------------------------------------------------------------------------------------------+
; INPUT_WIDTH    ; 4     ; Signed Integer                                                                                                             ;
+----------------+-------+----------------------------------------------------------------------------------------------------------------------------+
Note: In order to hide this table in the UI and the text report file, please set the "Show Parameter Settings in Synthesis Report" option in "Analysis and Synthesis Settings -> More Settings" to "Off".


+-----------------------------------------------------------------------------------------------------------------------------------------------------+
; Parameter Settings for User Entity Instance: bdscnn_top:u_bdscnn|fc1_folded_top:u_fc1|fc1_folded_neuron:gen_fc1_neurons[18].u_neuron|popcount:pc_fm ;
+----------------+-------+----------------------------------------------------------------------------------------------------------------------------+
; Parameter Name ; Value ; Type                                                                                                                       ;
+----------------+-------+----------------------------------------------------------------------------------------------------------------------------+
; INPUT_WIDTH    ; 18    ; Signed Integer                                                                                                             ;
+----------------+-------+----------------------------------------------------------------------------------------------------------------------------+
Note: In order to hide this table in the UI and the text report file, please set the "Show Parameter Settings in Synthesis Report" option in "Analysis and Synthesis Settings -> More Settings" to "Off".


+-----------------------------------------------------------------------------------------------------------------------------------------------------+
; Parameter Settings for User Entity Instance: bdscnn_top:u_bdscnn|fc1_folded_top:u_fc1|fc1_folded_neuron:gen_fc1_neurons[18].u_neuron|popcount:pc_rr ;
+----------------+-------+----------------------------------------------------------------------------------------------------------------------------+
; Parameter Name ; Value ; Type                                                                                                                       ;
+----------------+-------+----------------------------------------------------------------------------------------------------------------------------+
; INPUT_WIDTH    ; 4     ; Signed Integer                                                                                                             ;
+----------------+-------+----------------------------------------------------------------------------------------------------------------------------+
Note: In order to hide this table in the UI and the text report file, please set the "Show Parameter Settings in Synthesis Report" option in "Analysis and Synthesis Settings -> More Settings" to "Off".


+-----------------------------------------------------------------------------------------------------------------------------------------------------+
; Parameter Settings for User Entity Instance: bdscnn_top:u_bdscnn|fc1_folded_top:u_fc1|fc1_folded_neuron:gen_fc1_neurons[19].u_neuron|popcount:pc_fm ;
+----------------+-------+----------------------------------------------------------------------------------------------------------------------------+
; Parameter Name ; Value ; Type                                                                                                                       ;
+----------------+-------+----------------------------------------------------------------------------------------------------------------------------+
; INPUT_WIDTH    ; 18    ; Signed Integer                                                                                                             ;
+----------------+-------+----------------------------------------------------------------------------------------------------------------------------+
Note: In order to hide this table in the UI and the text report file, please set the "Show Parameter Settings in Synthesis Report" option in "Analysis and Synthesis Settings -> More Settings" to "Off".


+-----------------------------------------------------------------------------------------------------------------------------------------------------+
; Parameter Settings for User Entity Instance: bdscnn_top:u_bdscnn|fc1_folded_top:u_fc1|fc1_folded_neuron:gen_fc1_neurons[19].u_neuron|popcount:pc_rr ;
+----------------+-------+----------------------------------------------------------------------------------------------------------------------------+
; Parameter Name ; Value ; Type                                                                                                                       ;
+----------------+-------+----------------------------------------------------------------------------------------------------------------------------+
; INPUT_WIDTH    ; 4     ; Signed Integer                                                                                                             ;
+----------------+-------+----------------------------------------------------------------------------------------------------------------------------+
Note: In order to hide this table in the UI and the text report file, please set the "Show Parameter Settings in Synthesis Report" option in "Analysis and Synthesis Settings -> More Settings" to "Off".


+-----------------------------------------------------------------------------------------------------------------------------------------------------+
; Parameter Settings for User Entity Instance: bdscnn_top:u_bdscnn|fc1_folded_top:u_fc1|fc1_folded_neuron:gen_fc1_neurons[20].u_neuron|popcount:pc_fm ;
+----------------+-------+----------------------------------------------------------------------------------------------------------------------------+
; Parameter Name ; Value ; Type                                                                                                                       ;
+----------------+-------+----------------------------------------------------------------------------------------------------------------------------+
; INPUT_WIDTH    ; 18    ; Signed Integer                                                                                                             ;
+----------------+-------+----------------------------------------------------------------------------------------------------------------------------+
Note: In order to hide this table in the UI and the text report file, please set the "Show Parameter Settings in Synthesis Report" option in "Analysis and Synthesis Settings -> More Settings" to "Off".


+-----------------------------------------------------------------------------------------------------------------------------------------------------+
; Parameter Settings for User Entity Instance: bdscnn_top:u_bdscnn|fc1_folded_top:u_fc1|fc1_folded_neuron:gen_fc1_neurons[20].u_neuron|popcount:pc_rr ;
+----------------+-------+----------------------------------------------------------------------------------------------------------------------------+
; Parameter Name ; Value ; Type                                                                                                                       ;
+----------------+-------+----------------------------------------------------------------------------------------------------------------------------+
; INPUT_WIDTH    ; 4     ; Signed Integer                                                                                                             ;
+----------------+-------+----------------------------------------------------------------------------------------------------------------------------+
Note: In order to hide this table in the UI and the text report file, please set the "Show Parameter Settings in Synthesis Report" option in "Analysis and Synthesis Settings -> More Settings" to "Off".


+-----------------------------------------------------------------------------------------------------------------------------------------------------+
; Parameter Settings for User Entity Instance: bdscnn_top:u_bdscnn|fc1_folded_top:u_fc1|fc1_folded_neuron:gen_fc1_neurons[21].u_neuron|popcount:pc_fm ;
+----------------+-------+----------------------------------------------------------------------------------------------------------------------------+
; Parameter Name ; Value ; Type                                                                                                                       ;
+----------------+-------+----------------------------------------------------------------------------------------------------------------------------+
; INPUT_WIDTH    ; 18    ; Signed Integer                                                                                                             ;
+----------------+-------+----------------------------------------------------------------------------------------------------------------------------+
Note: In order to hide this table in the UI and the text report file, please set the "Show Parameter Settings in Synthesis Report" option in "Analysis and Synthesis Settings -> More Settings" to "Off".


+-----------------------------------------------------------------------------------------------------------------------------------------------------+
; Parameter Settings for User Entity Instance: bdscnn_top:u_bdscnn|fc1_folded_top:u_fc1|fc1_folded_neuron:gen_fc1_neurons[21].u_neuron|popcount:pc_rr ;
+----------------+-------+----------------------------------------------------------------------------------------------------------------------------+
; Parameter Name ; Value ; Type                                                                                                                       ;
+----------------+-------+----------------------------------------------------------------------------------------------------------------------------+
; INPUT_WIDTH    ; 4     ; Signed Integer                                                                                                             ;
+----------------+-------+----------------------------------------------------------------------------------------------------------------------------+
Note: In order to hide this table in the UI and the text report file, please set the "Show Parameter Settings in Synthesis Report" option in "Analysis and Synthesis Settings -> More Settings" to "Off".


+-----------------------------------------------------------------------------------------------------------------------------------------------------+
; Parameter Settings for User Entity Instance: bdscnn_top:u_bdscnn|fc1_folded_top:u_fc1|fc1_folded_neuron:gen_fc1_neurons[22].u_neuron|popcount:pc_fm ;
+----------------+-------+----------------------------------------------------------------------------------------------------------------------------+
; Parameter Name ; Value ; Type                                                                                                                       ;
+----------------+-------+----------------------------------------------------------------------------------------------------------------------------+
; INPUT_WIDTH    ; 18    ; Signed Integer                                                                                                             ;
+----------------+-------+----------------------------------------------------------------------------------------------------------------------------+
Note: In order to hide this table in the UI and the text report file, please set the "Show Parameter Settings in Synthesis Report" option in "Analysis and Synthesis Settings -> More Settings" to "Off".


+-----------------------------------------------------------------------------------------------------------------------------------------------------+
; Parameter Settings for User Entity Instance: bdscnn_top:u_bdscnn|fc1_folded_top:u_fc1|fc1_folded_neuron:gen_fc1_neurons[22].u_neuron|popcount:pc_rr ;
+----------------+-------+----------------------------------------------------------------------------------------------------------------------------+
; Parameter Name ; Value ; Type                                                                                                                       ;
+----------------+-------+----------------------------------------------------------------------------------------------------------------------------+
; INPUT_WIDTH    ; 4     ; Signed Integer                                                                                                             ;
+----------------+-------+----------------------------------------------------------------------------------------------------------------------------+
Note: In order to hide this table in the UI and the text report file, please set the "Show Parameter Settings in Synthesis Report" option in "Analysis and Synthesis Settings -> More Settings" to "Off".


+-----------------------------------------------------------------------------------------------------------------------------------------------------+
; Parameter Settings for User Entity Instance: bdscnn_top:u_bdscnn|fc1_folded_top:u_fc1|fc1_folded_neuron:gen_fc1_neurons[23].u_neuron|popcount:pc_fm ;
+----------------+-------+----------------------------------------------------------------------------------------------------------------------------+
; Parameter Name ; Value ; Type                                                                                                                       ;
+----------------+-------+----------------------------------------------------------------------------------------------------------------------------+
; INPUT_WIDTH    ; 18    ; Signed Integer                                                                                                             ;
+----------------+-------+----------------------------------------------------------------------------------------------------------------------------+
Note: In order to hide this table in the UI and the text report file, please set the "Show Parameter Settings in Synthesis Report" option in "Analysis and Synthesis Settings -> More Settings" to "Off".


+-----------------------------------------------------------------------------------------------------------------------------------------------------+
; Parameter Settings for User Entity Instance: bdscnn_top:u_bdscnn|fc1_folded_top:u_fc1|fc1_folded_neuron:gen_fc1_neurons[23].u_neuron|popcount:pc_rr ;
+----------------+-------+----------------------------------------------------------------------------------------------------------------------------+
; Parameter Name ; Value ; Type                                                                                                                       ;
+----------------+-------+----------------------------------------------------------------------------------------------------------------------------+
; INPUT_WIDTH    ; 4     ; Signed Integer                                                                                                             ;
+----------------+-------+----------------------------------------------------------------------------------------------------------------------------+
Note: In order to hide this table in the UI and the text report file, please set the "Show Parameter Settings in Synthesis Report" option in "Analysis and Synthesis Settings -> More Settings" to "Off".


+-----------------------------------------------------------------------------------------------------------------------------------------------------+
; Parameter Settings for User Entity Instance: bdscnn_top:u_bdscnn|fc1_folded_top:u_fc1|fc1_folded_neuron:gen_fc1_neurons[24].u_neuron|popcount:pc_fm ;
+----------------+-------+----------------------------------------------------------------------------------------------------------------------------+
; Parameter Name ; Value ; Type                                                                                                                       ;
+----------------+-------+----------------------------------------------------------------------------------------------------------------------------+
; INPUT_WIDTH    ; 18    ; Signed Integer                                                                                                             ;
+----------------+-------+----------------------------------------------------------------------------------------------------------------------------+
Note: In order to hide this table in the UI and the text report file, please set the "Show Parameter Settings in Synthesis Report" option in "Analysis and Synthesis Settings -> More Settings" to "Off".


+-----------------------------------------------------------------------------------------------------------------------------------------------------+
; Parameter Settings for User Entity Instance: bdscnn_top:u_bdscnn|fc1_folded_top:u_fc1|fc1_folded_neuron:gen_fc1_neurons[24].u_neuron|popcount:pc_rr ;
+----------------+-------+----------------------------------------------------------------------------------------------------------------------------+
; Parameter Name ; Value ; Type                                                                                                                       ;
+----------------+-------+----------------------------------------------------------------------------------------------------------------------------+
; INPUT_WIDTH    ; 4     ; Signed Integer                                                                                                             ;
+----------------+-------+----------------------------------------------------------------------------------------------------------------------------+
Note: In order to hide this table in the UI and the text report file, please set the "Show Parameter Settings in Synthesis Report" option in "Analysis and Synthesis Settings -> More Settings" to "Off".


+-----------------------------------------------------------------------------------------------------------------------------------------------------+
; Parameter Settings for User Entity Instance: bdscnn_top:u_bdscnn|fc1_folded_top:u_fc1|fc1_folded_neuron:gen_fc1_neurons[25].u_neuron|popcount:pc_fm ;
+----------------+-------+----------------------------------------------------------------------------------------------------------------------------+
; Parameter Name ; Value ; Type                                                                                                                       ;
+----------------+-------+----------------------------------------------------------------------------------------------------------------------------+
; INPUT_WIDTH    ; 18    ; Signed Integer                                                                                                             ;
+----------------+-------+----------------------------------------------------------------------------------------------------------------------------+
Note: In order to hide this table in the UI and the text report file, please set the "Show Parameter Settings in Synthesis Report" option in "Analysis and Synthesis Settings -> More Settings" to "Off".


+-----------------------------------------------------------------------------------------------------------------------------------------------------+
; Parameter Settings for User Entity Instance: bdscnn_top:u_bdscnn|fc1_folded_top:u_fc1|fc1_folded_neuron:gen_fc1_neurons[25].u_neuron|popcount:pc_rr ;
+----------------+-------+----------------------------------------------------------------------------------------------------------------------------+
; Parameter Name ; Value ; Type                                                                                                                       ;
+----------------+-------+----------------------------------------------------------------------------------------------------------------------------+
; INPUT_WIDTH    ; 4     ; Signed Integer                                                                                                             ;
+----------------+-------+----------------------------------------------------------------------------------------------------------------------------+
Note: In order to hide this table in the UI and the text report file, please set the "Show Parameter Settings in Synthesis Report" option in "Analysis and Synthesis Settings -> More Settings" to "Off".


+-----------------------------------------------------------------------------------------------------------------------------------------------------+
; Parameter Settings for User Entity Instance: bdscnn_top:u_bdscnn|fc1_folded_top:u_fc1|fc1_folded_neuron:gen_fc1_neurons[26].u_neuron|popcount:pc_fm ;
+----------------+-------+----------------------------------------------------------------------------------------------------------------------------+
; Parameter Name ; Value ; Type                                                                                                                       ;
+----------------+-------+----------------------------------------------------------------------------------------------------------------------------+
; INPUT_WIDTH    ; 18    ; Signed Integer                                                                                                             ;
+----------------+-------+----------------------------------------------------------------------------------------------------------------------------+
Note: In order to hide this table in the UI and the text report file, please set the "Show Parameter Settings in Synthesis Report" option in "Analysis and Synthesis Settings -> More Settings" to "Off".


+-----------------------------------------------------------------------------------------------------------------------------------------------------+
; Parameter Settings for User Entity Instance: bdscnn_top:u_bdscnn|fc1_folded_top:u_fc1|fc1_folded_neuron:gen_fc1_neurons[26].u_neuron|popcount:pc_rr ;
+----------------+-------+----------------------------------------------------------------------------------------------------------------------------+
; Parameter Name ; Value ; Type                                                                                                                       ;
+----------------+-------+----------------------------------------------------------------------------------------------------------------------------+
; INPUT_WIDTH    ; 4     ; Signed Integer                                                                                                             ;
+----------------+-------+----------------------------------------------------------------------------------------------------------------------------+
Note: In order to hide this table in the UI and the text report file, please set the "Show Parameter Settings in Synthesis Report" option in "Analysis and Synthesis Settings -> More Settings" to "Off".


+-----------------------------------------------------------------------------------------------------------------------------------------------------+
; Parameter Settings for User Entity Instance: bdscnn_top:u_bdscnn|fc1_folded_top:u_fc1|fc1_folded_neuron:gen_fc1_neurons[27].u_neuron|popcount:pc_fm ;
+----------------+-------+----------------------------------------------------------------------------------------------------------------------------+
; Parameter Name ; Value ; Type                                                                                                                       ;
+----------------+-------+----------------------------------------------------------------------------------------------------------------------------+
; INPUT_WIDTH    ; 18    ; Signed Integer                                                                                                             ;
+----------------+-------+----------------------------------------------------------------------------------------------------------------------------+
Note: In order to hide this table in the UI and the text report file, please set the "Show Parameter Settings in Synthesis Report" option in "Analysis and Synthesis Settings -> More Settings" to "Off".


+-----------------------------------------------------------------------------------------------------------------------------------------------------+
; Parameter Settings for User Entity Instance: bdscnn_top:u_bdscnn|fc1_folded_top:u_fc1|fc1_folded_neuron:gen_fc1_neurons[27].u_neuron|popcount:pc_rr ;
+----------------+-------+----------------------------------------------------------------------------------------------------------------------------+
; Parameter Name ; Value ; Type                                                                                                                       ;
+----------------+-------+----------------------------------------------------------------------------------------------------------------------------+
; INPUT_WIDTH    ; 4     ; Signed Integer                                                                                                             ;
+----------------+-------+----------------------------------------------------------------------------------------------------------------------------+
Note: In order to hide this table in the UI and the text report file, please set the "Show Parameter Settings in Synthesis Report" option in "Analysis and Synthesis Settings -> More Settings" to "Off".


+-----------------------------------------------------------------------------------------------------------------------------------------------------+
; Parameter Settings for User Entity Instance: bdscnn_top:u_bdscnn|fc1_folded_top:u_fc1|fc1_folded_neuron:gen_fc1_neurons[28].u_neuron|popcount:pc_fm ;
+----------------+-------+----------------------------------------------------------------------------------------------------------------------------+
; Parameter Name ; Value ; Type                                                                                                                       ;
+----------------+-------+----------------------------------------------------------------------------------------------------------------------------+
; INPUT_WIDTH    ; 18    ; Signed Integer                                                                                                             ;
+----------------+-------+----------------------------------------------------------------------------------------------------------------------------+
Note: In order to hide this table in the UI and the text report file, please set the "Show Parameter Settings in Synthesis Report" option in "Analysis and Synthesis Settings -> More Settings" to "Off".


+-----------------------------------------------------------------------------------------------------------------------------------------------------+
; Parameter Settings for User Entity Instance: bdscnn_top:u_bdscnn|fc1_folded_top:u_fc1|fc1_folded_neuron:gen_fc1_neurons[28].u_neuron|popcount:pc_rr ;
+----------------+-------+----------------------------------------------------------------------------------------------------------------------------+
; Parameter Name ; Value ; Type                                                                                                                       ;
+----------------+-------+----------------------------------------------------------------------------------------------------------------------------+
; INPUT_WIDTH    ; 4     ; Signed Integer                                                                                                             ;
+----------------+-------+----------------------------------------------------------------------------------------------------------------------------+
Note: In order to hide this table in the UI and the text report file, please set the "Show Parameter Settings in Synthesis Report" option in "Analysis and Synthesis Settings -> More Settings" to "Off".


+-----------------------------------------------------------------------------------------------------------------------------------------------------+
; Parameter Settings for User Entity Instance: bdscnn_top:u_bdscnn|fc1_folded_top:u_fc1|fc1_folded_neuron:gen_fc1_neurons[29].u_neuron|popcount:pc_fm ;
+----------------+-------+----------------------------------------------------------------------------------------------------------------------------+
; Parameter Name ; Value ; Type                                                                                                                       ;
+----------------+-------+----------------------------------------------------------------------------------------------------------------------------+
; INPUT_WIDTH    ; 18    ; Signed Integer                                                                                                             ;
+----------------+-------+----------------------------------------------------------------------------------------------------------------------------+
Note: In order to hide this table in the UI and the text report file, please set the "Show Parameter Settings in Synthesis Report" option in "Analysis and Synthesis Settings -> More Settings" to "Off".


+-----------------------------------------------------------------------------------------------------------------------------------------------------+
; Parameter Settings for User Entity Instance: bdscnn_top:u_bdscnn|fc1_folded_top:u_fc1|fc1_folded_neuron:gen_fc1_neurons[29].u_neuron|popcount:pc_rr ;
+----------------+-------+----------------------------------------------------------------------------------------------------------------------------+
; Parameter Name ; Value ; Type                                                                                                                       ;
+----------------+-------+----------------------------------------------------------------------------------------------------------------------------+
; INPUT_WIDTH    ; 4     ; Signed Integer                                                                                                             ;
+----------------+-------+----------------------------------------------------------------------------------------------------------------------------+
Note: In order to hide this table in the UI and the text report file, please set the "Show Parameter Settings in Synthesis Report" option in "Analysis and Synthesis Settings -> More Settings" to "Off".


+-----------------------------------------------------------------------------------------------------------------------------------------------------+
; Parameter Settings for User Entity Instance: bdscnn_top:u_bdscnn|fc1_folded_top:u_fc1|fc1_folded_neuron:gen_fc1_neurons[30].u_neuron|popcount:pc_fm ;
+----------------+-------+----------------------------------------------------------------------------------------------------------------------------+
; Parameter Name ; Value ; Type                                                                                                                       ;
+----------------+-------+----------------------------------------------------------------------------------------------------------------------------+
; INPUT_WIDTH    ; 18    ; Signed Integer                                                                                                             ;
+----------------+-------+----------------------------------------------------------------------------------------------------------------------------+
Note: In order to hide this table in the UI and the text report file, please set the "Show Parameter Settings in Synthesis Report" option in "Analysis and Synthesis Settings -> More Settings" to "Off".


+-----------------------------------------------------------------------------------------------------------------------------------------------------+
; Parameter Settings for User Entity Instance: bdscnn_top:u_bdscnn|fc1_folded_top:u_fc1|fc1_folded_neuron:gen_fc1_neurons[30].u_neuron|popcount:pc_rr ;
+----------------+-------+----------------------------------------------------------------------------------------------------------------------------+
; Parameter Name ; Value ; Type                                                                                                                       ;
+----------------+-------+----------------------------------------------------------------------------------------------------------------------------+
; INPUT_WIDTH    ; 4     ; Signed Integer                                                                                                             ;
+----------------+-------+----------------------------------------------------------------------------------------------------------------------------+
Note: In order to hide this table in the UI and the text report file, please set the "Show Parameter Settings in Synthesis Report" option in "Analysis and Synthesis Settings -> More Settings" to "Off".


+-----------------------------------------------------------------------------------------------------------------------------------------------------+
; Parameter Settings for User Entity Instance: bdscnn_top:u_bdscnn|fc1_folded_top:u_fc1|fc1_folded_neuron:gen_fc1_neurons[31].u_neuron|popcount:pc_fm ;
+----------------+-------+----------------------------------------------------------------------------------------------------------------------------+
; Parameter Name ; Value ; Type                                                                                                                       ;
+----------------+-------+----------------------------------------------------------------------------------------------------------------------------+
; INPUT_WIDTH    ; 18    ; Signed Integer                                                                                                             ;
+----------------+-------+----------------------------------------------------------------------------------------------------------------------------+
Note: In order to hide this table in the UI and the text report file, please set the "Show Parameter Settings in Synthesis Report" option in "Analysis and Synthesis Settings -> More Settings" to "Off".


+-----------------------------------------------------------------------------------------------------------------------------------------------------+
; Parameter Settings for User Entity Instance: bdscnn_top:u_bdscnn|fc1_folded_top:u_fc1|fc1_folded_neuron:gen_fc1_neurons[31].u_neuron|popcount:pc_rr ;
+----------------+-------+----------------------------------------------------------------------------------------------------------------------------+
; Parameter Name ; Value ; Type                                                                                                                       ;
+----------------+-------+----------------------------------------------------------------------------------------------------------------------------+
; INPUT_WIDTH    ; 4     ; Signed Integer                                                                                                             ;
+----------------+-------+----------------------------------------------------------------------------------------------------------------------------+
Note: In order to hide this table in the UI and the text report file, please set the "Show Parameter Settings in Synthesis Report" option in "Analysis and Synthesis Settings -> More Settings" to "Off".


+----------------------------------------------------------------------------------------------+
; Parameter Settings for User Entity Instance: bdscnn_top:u_bdscnn|fc2_top:u_fc2|popcount:pc_0 ;
+----------------+-------+---------------------------------------------------------------------+
; Parameter Name ; Value ; Type                                                                ;
+----------------+-------+---------------------------------------------------------------------+
; INPUT_WIDTH    ; 32    ; Signed Integer                                                      ;
+----------------+-------+---------------------------------------------------------------------+
Note: In order to hide this table in the UI and the text report file, please set the "Show Parameter Settings in Synthesis Report" option in "Analysis and Synthesis Settings -> More Settings" to "Off".


+----------------------------------------------------------------------------------------------+
; Parameter Settings for User Entity Instance: bdscnn_top:u_bdscnn|fc2_top:u_fc2|popcount:pc_1 ;
+----------------+-------+---------------------------------------------------------------------+
; Parameter Name ; Value ; Type                                                                ;
+----------------+-------+---------------------------------------------------------------------+
; INPUT_WIDTH    ; 32    ; Signed Integer                                                      ;
+----------------+-------+---------------------------------------------------------------------+
Note: In order to hide this table in the UI and the text report file, please set the "Show Parameter Settings in Synthesis Report" option in "Analysis and Synthesis Settings -> More Settings" to "Off".


+----------------------------------------------------------------------------------------------+
; Parameter Settings for User Entity Instance: bdscnn_top:u_bdscnn|fc2_top:u_fc2|popcount:pc_2 ;
+----------------+-------+---------------------------------------------------------------------+
; Parameter Name ; Value ; Type                                                                ;
+----------------+-------+---------------------------------------------------------------------+
; INPUT_WIDTH    ; 32    ; Signed Integer                                                      ;
+----------------+-------+---------------------------------------------------------------------+
Note: In order to hide this table in the UI and the text report file, please set the "Show Parameter Settings in Synthesis Report" option in "Analysis and Synthesis Settings -> More Settings" to "Off".


+----------------------------------------------------------------------------------------------------------------------------------+
; Parameter Settings for Inferred Entity Instance: bdscnn_top:u_bdscnn|mcp_top:u_mcp|window4x4s2:u_window|altshift_taps:row1_rtl_0 ;
+----------------+----------------+------------------------------------------------------------------------------------------------+
; Parameter Name ; Value          ; Type                                                                                           ;
+----------------+----------------+------------------------------------------------------------------------------------------------+
; WIDTH_BYTEENA  ; 1              ; Untyped                                                                                        ;
; NUMBER_OF_TAPS ; 3              ; Untyped                                                                                        ;
; TAP_DISTANCE   ; 32             ; Untyped                                                                                        ;
; WIDTH          ; 1              ; Untyped                                                                                        ;
; POWER_UP_STATE ; CLEARED        ; Untyped                                                                                        ;
; CBXI_PARAMETER ; shift_taps_fgm ; Untyped                                                                                        ;
+----------------+----------------+------------------------------------------------------------------------------------------------+
Note: In order to hide this table in the UI and the text report file, please set the "Show Parameter Settings in Synthesis Report" option in "Analysis and Synthesis Settings -> More Settings" to "Off".


+-------------------------------------------------------------------------------------------------------------------------------------+
; Parameter Settings for Inferred Entity Instance: bdscnn_top:u_bdscnn|dw_top:u_dw|window3x3s1:u_window|altshift_taps:buff_row1_rtl_0 ;
+----------------+----------------+---------------------------------------------------------------------------------------------------+
; Parameter Name ; Value          ; Type                                                                                              ;
+----------------+----------------+---------------------------------------------------------------------------------------------------+
; WIDTH_BYTEENA  ; 1              ; Untyped                                                                                           ;
; NUMBER_OF_TAPS ; 2              ; Untyped                                                                                           ;
; TAP_DISTANCE   ; 15             ; Untyped                                                                                           ;
; WIDTH          ; 2              ; Untyped                                                                                           ;
; POWER_UP_STATE ; CLEARED        ; Untyped                                                                                           ;
; CBXI_PARAMETER ; shift_taps_ggm ; Untyped                                                                                           ;
+----------------+----------------+---------------------------------------------------------------------------------------------------+
Note: In order to hide this table in the UI and the text report file, please set the "Show Parameter Settings in Synthesis Report" option in "Analysis and Synthesis Settings -> More Settings" to "Off".


+-----------------------------------------------------------------------------------------------------------------+
; altshift_taps Parameter Settings by Entity Instance                                                             ;
+----------------------------+------------------------------------------------------------------------------------+
; Name                       ; Value                                                                              ;
+----------------------------+------------------------------------------------------------------------------------+
; Number of entity instances ; 2                                                                                  ;
; Entity Instance            ; bdscnn_top:u_bdscnn|mcp_top:u_mcp|window4x4s2:u_window|altshift_taps:row1_rtl_0    ;
;     -- NUMBER_OF_TAPS      ; 3                                                                                  ;
;     -- TAP_DISTANCE        ; 32                                                                                 ;
;     -- WIDTH               ; 1                                                                                  ;
; Entity Instance            ; bdscnn_top:u_bdscnn|dw_top:u_dw|window3x3s1:u_window|altshift_taps:buff_row1_rtl_0 ;
;     -- NUMBER_OF_TAPS      ; 2                                                                                  ;
;     -- TAP_DISTANCE        ; 15                                                                                 ;
;     -- WIDTH               ; 2                                                                                  ;
+----------------------------+------------------------------------------------------------------------------------+


+-----------------------------------------------------------------------------+
; Port Connectivity Checks: "bdscnn_top:u_bdscnn|fc2_top:u_fc2|popcount:pc_2" ;
+-----------------+-------+----------+----------------------------------------+
; Port            ; Type  ; Severity ; Details                                ;
+-----------------+-------+----------+----------------------------------------+
; data_in[30..29] ; Input ; Info     ; Stuck at GND                           ;
; data_in[27..19] ; Input ; Info     ; Stuck at GND                           ;
; data_in[15..13] ; Input ; Info     ; Stuck at GND                           ;
; data_in[9]      ; Input ; Info     ; Stuck at GND                           ;
; data_in[7]      ; Input ; Info     ; Stuck at GND                           ;
; data_in[5]      ; Input ; Info     ; Stuck at GND                           ;
; data_in[2]      ; Input ; Info     ; Stuck at GND                           ;
; data_in[0]      ; Input ; Info     ; Stuck at GND                           ;
+-----------------+-------+----------+----------------------------------------+


+-----------------------------------------------------------------------------+
; Port Connectivity Checks: "bdscnn_top:u_bdscnn|fc2_top:u_fc2|popcount:pc_1" ;
+-----------------+-------+----------+----------------------------------------+
; Port            ; Type  ; Severity ; Details                                ;
+-----------------+-------+----------+----------------------------------------+
; data_in[31..30] ; Input ; Info     ; Stuck at GND                           ;
; data_in[28..26] ; Input ; Info     ; Stuck at GND                           ;
; data_in[20..12] ; Input ; Info     ; Stuck at GND                           ;
; data_in[10..5]  ; Input ; Info     ; Stuck at GND                           ;
; data_in[3]      ; Input ; Info     ; Stuck at GND                           ;
; data_in[0]      ; Input ; Info     ; Stuck at GND                           ;
+-----------------+-------+----------+----------------------------------------+


+-----------------------------------------------------------------------------+
; Port Connectivity Checks: "bdscnn_top:u_bdscnn|fc2_top:u_fc2|popcount:pc_0" ;
+-----------------+-------+----------+----------------------------------------+
; Port            ; Type  ; Severity ; Details                                ;
+-----------------+-------+----------+----------------------------------------+
; data_in[29..28] ; Input ; Info     ; Stuck at GND                           ;
; data_in[26..25] ; Input ; Info     ; Stuck at GND                           ;
; data_in[22..21] ; Input ; Info     ; Stuck at GND                           ;
; data_in[19..15] ; Input ; Info     ; Stuck at GND                           ;
; data_in[12..8]  ; Input ; Info     ; Stuck at GND                           ;
; data_in[6..1]   ; Input ; Info     ; Stuck at GND                           ;
+-----------------+-------+----------+----------------------------------------+


+----------------------------------------------------------------------------------------------------------------------------+
; Port Connectivity Checks: "bdscnn_top:u_bdscnn|fc1_folded_top:u_fc1|fc1_folded_neuron:gen_fc1_neurons[31].u_neuron"        ;
+------------------+--------+----------+-------------------------------------------------------------------------------------+
; Port             ; Type   ; Severity ; Details                                                                             ;
+------------------+--------+----------+-------------------------------------------------------------------------------------+
; weight_rr[3..2]  ; Input  ; Info     ; Stuck at GND                                                                        ;
; weight_rr[1]     ; Input  ; Info     ; Stuck at VCC                                                                        ;
; weight_rr[0]     ; Input  ; Info     ; Stuck at GND                                                                        ;
; thresh_in[3..2]  ; Input  ; Info     ; Stuck at VCC                                                                        ;
; thresh_in[15..8] ; Input  ; Info     ; Stuck at GND                                                                        ;
; thresh_in[6..4]  ; Input  ; Info     ; Stuck at GND                                                                        ;
; thresh_in[16]    ; Input  ; Info     ; Stuck at VCC                                                                        ;
; thresh_in[7]     ; Input  ; Info     ; Stuck at VCC                                                                        ;
; thresh_in[1]     ; Input  ; Info     ; Stuck at GND                                                                        ;
; thresh_in[0]     ; Input  ; Info     ; Stuck at VCC                                                                        ;
; valid_out        ; Output ; Info     ; Connected to dangling logic. Logic that only feeds a dangling port will be removed. ;
+------------------+--------+----------+-------------------------------------------------------------------------------------+


+----------------------------------------------------------------------------------------------------------------------------+
; Port Connectivity Checks: "bdscnn_top:u_bdscnn|fc1_folded_top:u_fc1|fc1_folded_neuron:gen_fc1_neurons[30].u_neuron"        ;
+------------------+--------+----------+-------------------------------------------------------------------------------------+
; Port             ; Type   ; Severity ; Details                                                                             ;
+------------------+--------+----------+-------------------------------------------------------------------------------------+
; weight_rr[3]     ; Input  ; Info     ; Stuck at VCC                                                                        ;
; weight_rr[2]     ; Input  ; Info     ; Stuck at GND                                                                        ;
; weight_rr[1]     ; Input  ; Info     ; Stuck at VCC                                                                        ;
; weight_rr[0]     ; Input  ; Info     ; Stuck at GND                                                                        ;
; thresh_in[6..1]  ; Input  ; Info     ; Stuck at VCC                                                                        ;
; thresh_in[15..7] ; Input  ; Info     ; Stuck at GND                                                                        ;
; thresh_in[16]    ; Input  ; Info     ; Stuck at VCC                                                                        ;
; thresh_in[0]     ; Input  ; Info     ; Stuck at GND                                                                        ;
; valid_out        ; Output ; Info     ; Connected to dangling logic. Logic that only feeds a dangling port will be removed. ;
+------------------+--------+----------+-------------------------------------------------------------------------------------+


+----------------------------------------------------------------------------------------------------------------------------+
; Port Connectivity Checks: "bdscnn_top:u_bdscnn|fc1_folded_top:u_fc1|fc1_folded_neuron:gen_fc1_neurons[29].u_neuron"        ;
+------------------+--------+----------+-------------------------------------------------------------------------------------+
; Port             ; Type   ; Severity ; Details                                                                             ;
+------------------+--------+----------+-------------------------------------------------------------------------------------+
; weight_rr[3]     ; Input  ; Info     ; Stuck at GND                                                                        ;
; weight_rr[2]     ; Input  ; Info     ; Stuck at VCC                                                                        ;
; weight_rr[1]     ; Input  ; Info     ; Stuck at GND                                                                        ;
; weight_rr[0]     ; Input  ; Info     ; Stuck at VCC                                                                        ;
; thresh_in[6..2]  ; Input  ; Info     ; Stuck at VCC                                                                        ;
; thresh_in[15..7] ; Input  ; Info     ; Stuck at GND                                                                        ;
; thresh_in[1..0]  ; Input  ; Info     ; Stuck at GND                                                                        ;
; thresh_in[16]    ; Input  ; Info     ; Stuck at VCC                                                                        ;
; valid_out        ; Output ; Info     ; Connected to dangling logic. Logic that only feeds a dangling port will be removed. ;
+------------------+--------+----------+-------------------------------------------------------------------------------------+


+----------------------------------------------------------------------------------------------------------------------------+
; Port Connectivity Checks: "bdscnn_top:u_bdscnn|fc1_folded_top:u_fc1|fc1_folded_neuron:gen_fc1_neurons[28].u_neuron"        ;
+------------------+--------+----------+-------------------------------------------------------------------------------------+
; Port             ; Type   ; Severity ; Details                                                                             ;
+------------------+--------+----------+-------------------------------------------------------------------------------------+
; weight_rr[1..0]  ; Input  ; Info     ; Stuck at VCC                                                                        ;
; weight_rr[3..2]  ; Input  ; Info     ; Stuck at GND                                                                        ;
; thresh_in[5..4]  ; Input  ; Info     ; Stuck at VCC                                                                        ;
; thresh_in[15..8] ; Input  ; Info     ; Stuck at GND                                                                        ;
; thresh_in[3..1]  ; Input  ; Info     ; Stuck at GND                                                                        ;
; thresh_in[16]    ; Input  ; Info     ; Stuck at VCC                                                                        ;
; thresh_in[7]     ; Input  ; Info     ; Stuck at VCC                                                                        ;
; thresh_in[6]     ; Input  ; Info     ; Stuck at GND                                                                        ;
; thresh_in[0]     ; Input  ; Info     ; Stuck at VCC                                                                        ;
; valid_out        ; Output ; Info     ; Connected to dangling logic. Logic that only feeds a dangling port will be removed. ;
+------------------+--------+----------+-------------------------------------------------------------------------------------+


+----------------------------------------------------------------------------------------------------------------------------+
; Port Connectivity Checks: "bdscnn_top:u_bdscnn|fc1_folded_top:u_fc1|fc1_folded_neuron:gen_fc1_neurons[27].u_neuron"        ;
+------------------+--------+----------+-------------------------------------------------------------------------------------+
; Port             ; Type   ; Severity ; Details                                                                             ;
+------------------+--------+----------+-------------------------------------------------------------------------------------+
; weight_rr[3..2]  ; Input  ; Info     ; Stuck at VCC                                                                        ;
; weight_rr[1..0]  ; Input  ; Info     ; Stuck at GND                                                                        ;
; thresh_in[7..5]  ; Input  ; Info     ; Stuck at VCC                                                                        ;
; thresh_in[3..0]  ; Input  ; Info     ; Stuck at VCC                                                                        ;
; thresh_in[15..8] ; Input  ; Info     ; Stuck at GND                                                                        ;
; thresh_in[16]    ; Input  ; Info     ; Stuck at VCC                                                                        ;
; thresh_in[4]     ; Input  ; Info     ; Stuck at GND                                                                        ;
; valid_out        ; Output ; Info     ; Connected to dangling logic. Logic that only feeds a dangling port will be removed. ;
+------------------+--------+----------+-------------------------------------------------------------------------------------+


+-----------------------------------------------------------------------------------------------------------------------------+
; Port Connectivity Checks: "bdscnn_top:u_bdscnn|fc1_folded_top:u_fc1|fc1_folded_neuron:gen_fc1_neurons[26].u_neuron"         ;
+-------------------+--------+----------+-------------------------------------------------------------------------------------+
; Port              ; Type   ; Severity ; Details                                                                             ;
+-------------------+--------+----------+-------------------------------------------------------------------------------------+
; weight_rr[3..2]   ; Input  ; Info     ; Stuck at VCC                                                                        ;
; weight_rr[1]      ; Input  ; Info     ; Stuck at GND                                                                        ;
; weight_rr[0]      ; Input  ; Info     ; Stuck at VCC                                                                        ;
; thresh_in[15..10] ; Input  ; Info     ; Stuck at GND                                                                        ;
; thresh_in[8..3]   ; Input  ; Info     ; Stuck at GND                                                                        ;
; thresh_in[16]     ; Input  ; Info     ; Stuck at VCC                                                                        ;
; thresh_in[9]      ; Input  ; Info     ; Stuck at VCC                                                                        ;
; thresh_in[2]      ; Input  ; Info     ; Stuck at VCC                                                                        ;
; thresh_in[1]      ; Input  ; Info     ; Stuck at GND                                                                        ;
; thresh_in[0]      ; Input  ; Info     ; Stuck at VCC                                                                        ;
; valid_out         ; Output ; Info     ; Connected to dangling logic. Logic that only feeds a dangling port will be removed. ;
+-------------------+--------+----------+-------------------------------------------------------------------------------------+


+----------------------------------------------------------------------------------------------------------------------------+
; Port Connectivity Checks: "bdscnn_top:u_bdscnn|fc1_folded_top:u_fc1|fc1_folded_neuron:gen_fc1_neurons[25].u_neuron"        ;
+------------------+--------+----------+-------------------------------------------------------------------------------------+
; Port             ; Type   ; Severity ; Details                                                                             ;
+------------------+--------+----------+-------------------------------------------------------------------------------------+
; weight_rr[3..1]  ; Input  ; Info     ; Stuck at GND                                                                        ;
; weight_rr[0]     ; Input  ; Info     ; Stuck at VCC                                                                        ;
; thresh_in[15..8] ; Input  ; Info     ; Stuck at GND                                                                        ;
; thresh_in[4..3]  ; Input  ; Info     ; Stuck at GND                                                                        ;
; thresh_in[16]    ; Input  ; Info     ; Stuck at VCC                                                                        ;
; thresh_in[7]     ; Input  ; Info     ; Stuck at VCC                                                                        ;
; thresh_in[6]     ; Input  ; Info     ; Stuck at GND                                                                        ;
; thresh_in[5]     ; Input  ; Info     ; Stuck at VCC                                                                        ;
; thresh_in[2]     ; Input  ; Info     ; Stuck at VCC                                                                        ;
; thresh_in[1]     ; Input  ; Info     ; Stuck at GND                                                                        ;
; thresh_in[0]     ; Input  ; Info     ; Stuck at VCC                                                                        ;
; valid_out        ; Output ; Info     ; Connected to dangling logic. Logic that only feeds a dangling port will be removed. ;
+------------------+--------+----------+-------------------------------------------------------------------------------------+


+----------------------------------------------------------------------------------------------------------------------------+
; Port Connectivity Checks: "bdscnn_top:u_bdscnn|fc1_folded_top:u_fc1|fc1_folded_neuron:gen_fc1_neurons[24].u_neuron"        ;
+------------------+--------+----------+-------------------------------------------------------------------------------------+
; Port             ; Type   ; Severity ; Details                                                                             ;
+------------------+--------+----------+-------------------------------------------------------------------------------------+
; weight_rr[3..2]  ; Input  ; Info     ; Stuck at VCC                                                                        ;
; weight_rr[1..0]  ; Input  ; Info     ; Stuck at GND                                                                        ;
; thresh_in[2..0]  ; Input  ; Info     ; Stuck at VCC                                                                        ;
; thresh_in[15..7] ; Input  ; Info     ; Stuck at GND                                                                        ;
; thresh_in[16]    ; Input  ; Info     ; Stuck at VCC                                                                        ;
; thresh_in[6]     ; Input  ; Info     ; Stuck at VCC                                                                        ;
; thresh_in[5]     ; Input  ; Info     ; Stuck at GND                                                                        ;
; thresh_in[4]     ; Input  ; Info     ; Stuck at VCC                                                                        ;
; thresh_in[3]     ; Input  ; Info     ; Stuck at GND                                                                        ;
; valid_out        ; Output ; Info     ; Connected to dangling logic. Logic that only feeds a dangling port will be removed. ;
+------------------+--------+----------+-------------------------------------------------------------------------------------+


+----------------------------------------------------------------------------------------------------------------------------+
; Port Connectivity Checks: "bdscnn_top:u_bdscnn|fc1_folded_top:u_fc1|fc1_folded_neuron:gen_fc1_neurons[23].u_neuron"        ;
+------------------+--------+----------+-------------------------------------------------------------------------------------+
; Port             ; Type   ; Severity ; Details                                                                             ;
+------------------+--------+----------+-------------------------------------------------------------------------------------+
; weight_rr[3..2]  ; Input  ; Info     ; Stuck at VCC                                                                        ;
; weight_rr[1..0]  ; Input  ; Info     ; Stuck at GND                                                                        ;
; thresh_in[3..1]  ; Input  ; Info     ; Stuck at VCC                                                                        ;
; thresh_in[15..7] ; Input  ; Info     ; Stuck at GND                                                                        ;
; thresh_in[5..4]  ; Input  ; Info     ; Stuck at GND                                                                        ;
; thresh_in[16]    ; Input  ; Info     ; Stuck at VCC                                                                        ;
; thresh_in[6]     ; Input  ; Info     ; Stuck at VCC                                                                        ;
; thresh_in[0]     ; Input  ; Info     ; Stuck at GND                                                                        ;
; valid_out        ; Output ; Info     ; Connected to dangling logic. Logic that only feeds a dangling port will be removed. ;
+------------------+--------+----------+-------------------------------------------------------------------------------------+


+----------------------------------------------------------------------------------------------------------------------------+
; Port Connectivity Checks: "bdscnn_top:u_bdscnn|fc1_folded_top:u_fc1|fc1_folded_neuron:gen_fc1_neurons[22].u_neuron"        ;
+------------------+--------+----------+-------------------------------------------------------------------------------------+
; Port             ; Type   ; Severity ; Details                                                                             ;
+------------------+--------+----------+-------------------------------------------------------------------------------------+
; weight_rr[3]     ; Input  ; Info     ; Stuck at GND                                                                        ;
; weight_rr[2]     ; Input  ; Info     ; Stuck at VCC                                                                        ;
; weight_rr[1]     ; Input  ; Info     ; Stuck at GND                                                                        ;
; weight_rr[0]     ; Input  ; Info     ; Stuck at VCC                                                                        ;
; thresh_in[7..5]  ; Input  ; Info     ; Stuck at VCC                                                                        ;
; thresh_in[15..8] ; Input  ; Info     ; Stuck at GND                                                                        ;
; thresh_in[2..0]  ; Input  ; Info     ; Stuck at GND                                                                        ;
; thresh_in[16]    ; Input  ; Info     ; Stuck at VCC                                                                        ;
; thresh_in[4]     ; Input  ; Info     ; Stuck at GND                                                                        ;
; thresh_in[3]     ; Input  ; Info     ; Stuck at VCC                                                                        ;
; valid_out        ; Output ; Info     ; Connected to dangling logic. Logic that only feeds a dangling port will be removed. ;
+------------------+--------+----------+-------------------------------------------------------------------------------------+


+----------------------------------------------------------------------------------------------------------------------------+
; Port Connectivity Checks: "bdscnn_top:u_bdscnn|fc1_folded_top:u_fc1|fc1_folded_neuron:gen_fc1_neurons[21].u_neuron"        ;
+------------------+--------+----------+-------------------------------------------------------------------------------------+
; Port             ; Type   ; Severity ; Details                                                                             ;
+------------------+--------+----------+-------------------------------------------------------------------------------------+
; weight_rr[3..2]  ; Input  ; Info     ; Stuck at VCC                                                                        ;
; weight_rr[1]     ; Input  ; Info     ; Stuck at GND                                                                        ;
; weight_rr[0]     ; Input  ; Info     ; Stuck at VCC                                                                        ;
; thresh_in[15..8] ; Input  ; Info     ; Stuck at GND                                                                        ;
; thresh_in[4..1]  ; Input  ; Info     ; Stuck at GND                                                                        ;
; thresh_in[16]    ; Input  ; Info     ; Stuck at VCC                                                                        ;
; thresh_in[7]     ; Input  ; Info     ; Stuck at VCC                                                                        ;
; thresh_in[6]     ; Input  ; Info     ; Stuck at GND                                                                        ;
; thresh_in[5]     ; Input  ; Info     ; Stuck at VCC                                                                        ;
; thresh_in[0]     ; Input  ; Info     ; Stuck at VCC                                                                        ;
; valid_out        ; Output ; Info     ; Connected to dangling logic. Logic that only feeds a dangling port will be removed. ;
+------------------+--------+----------+-------------------------------------------------------------------------------------+


+----------------------------------------------------------------------------------------------------------------------------+
; Port Connectivity Checks: "bdscnn_top:u_bdscnn|fc1_folded_top:u_fc1|fc1_folded_neuron:gen_fc1_neurons[20].u_neuron"        ;
+------------------+--------+----------+-------------------------------------------------------------------------------------+
; Port             ; Type   ; Severity ; Details                                                                             ;
+------------------+--------+----------+-------------------------------------------------------------------------------------+
; weight_rr[3..2]  ; Input  ; Info     ; Stuck at VCC                                                                        ;
; weight_rr[1..0]  ; Input  ; Info     ; Stuck at GND                                                                        ;
; thresh_in[15..8] ; Input  ; Info     ; Stuck at GND                                                                        ;
; thresh_in[2..0]  ; Input  ; Info     ; Stuck at GND                                                                        ;
; thresh_in[16]    ; Input  ; Info     ; Stuck at VCC                                                                        ;
; thresh_in[7]     ; Input  ; Info     ; Stuck at VCC                                                                        ;
; thresh_in[6]     ; Input  ; Info     ; Stuck at GND                                                                        ;
; thresh_in[5]     ; Input  ; Info     ; Stuck at VCC                                                                        ;
; thresh_in[4]     ; Input  ; Info     ; Stuck at GND                                                                        ;
; thresh_in[3]     ; Input  ; Info     ; Stuck at VCC                                                                        ;
; valid_out        ; Output ; Info     ; Connected to dangling logic. Logic that only feeds a dangling port will be removed. ;
+------------------+--------+----------+-------------------------------------------------------------------------------------+


+-----------------------------------------------------------------------------------------------------------------------------+
; Port Connectivity Checks: "bdscnn_top:u_bdscnn|fc1_folded_top:u_fc1|fc1_folded_neuron:gen_fc1_neurons[19].u_neuron"         ;
+-------------------+--------+----------+-------------------------------------------------------------------------------------+
; Port              ; Type   ; Severity ; Details                                                                             ;
+-------------------+--------+----------+-------------------------------------------------------------------------------------+
; weight_rr         ; Input  ; Info     ; Stuck at GND                                                                        ;
; thresh_in[6..3]   ; Input  ; Info     ; Stuck at VCC                                                                        ;
; thresh_in[1..0]   ; Input  ; Info     ; Stuck at VCC                                                                        ;
; thresh_in[15..10] ; Input  ; Info     ; Stuck at GND                                                                        ;
; thresh_in[8..7]   ; Input  ; Info     ; Stuck at GND                                                                        ;
; thresh_in[16]     ; Input  ; Info     ; Stuck at VCC                                                                        ;
; thresh_in[9]      ; Input  ; Info     ; Stuck at VCC                                                                        ;
; thresh_in[2]      ; Input  ; Info     ; Stuck at GND                                                                        ;
; valid_out         ; Output ; Info     ; Connected to dangling logic. Logic that only feeds a dangling port will be removed. ;
+-------------------+--------+----------+-------------------------------------------------------------------------------------+


+----------------------------------------------------------------------------------------------------------------------------+
; Port Connectivity Checks: "bdscnn_top:u_bdscnn|fc1_folded_top:u_fc1|fc1_folded_neuron:gen_fc1_neurons[18].u_neuron"        ;
+------------------+--------+----------+-------------------------------------------------------------------------------------+
; Port             ; Type   ; Severity ; Details                                                                             ;
+------------------+--------+----------+-------------------------------------------------------------------------------------+
; weight_rr[3..2]  ; Input  ; Info     ; Stuck at GND                                                                        ;
; weight_rr[1]     ; Input  ; Info     ; Stuck at VCC                                                                        ;
; weight_rr[0]     ; Input  ; Info     ; Stuck at GND                                                                        ;
; thresh_in[6..4]  ; Input  ; Info     ; Stuck at VCC                                                                        ;
; thresh_in[15..7] ; Input  ; Info     ; Stuck at GND                                                                        ;
; thresh_in[1..0]  ; Input  ; Info     ; Stuck at GND                                                                        ;
; thresh_in[16]    ; Input  ; Info     ; Stuck at VCC                                                                        ;
; thresh_in[3]     ; Input  ; Info     ; Stuck at GND                                                                        ;
; thresh_in[2]     ; Input  ; Info     ; Stuck at VCC                                                                        ;
; valid_out        ; Output ; Info     ; Connected to dangling logic. Logic that only feeds a dangling port will be removed. ;
+------------------+--------+----------+-------------------------------------------------------------------------------------+


+----------------------------------------------------------------------------------------------------------------------------+
; Port Connectivity Checks: "bdscnn_top:u_bdscnn|fc1_folded_top:u_fc1|fc1_folded_neuron:gen_fc1_neurons[17].u_neuron"        ;
+------------------+--------+----------+-------------------------------------------------------------------------------------+
; Port             ; Type   ; Severity ; Details                                                                             ;
+------------------+--------+----------+-------------------------------------------------------------------------------------+
; weight_rr[1..0]  ; Input  ; Info     ; Stuck at VCC                                                                        ;
; weight_rr[3..2]  ; Input  ; Info     ; Stuck at GND                                                                        ;
; thresh_in[7..6]  ; Input  ; Info     ; Stuck at VCC                                                                        ;
; thresh_in[4..3]  ; Input  ; Info     ; Stuck at VCC                                                                        ;
; thresh_in[15..8] ; Input  ; Info     ; Stuck at GND                                                                        ;
; thresh_in[2..1]  ; Input  ; Info     ; Stuck at GND                                                                        ;
; thresh_in[16]    ; Input  ; Info     ; Stuck at VCC                                                                        ;
; thresh_in[5]     ; Input  ; Info     ; Stuck at GND                                                                        ;
; thresh_in[0]     ; Input  ; Info     ; Stuck at VCC                                                                        ;
; valid_out        ; Output ; Info     ; Connected to dangling logic. Logic that only feeds a dangling port will be removed. ;
+------------------+--------+----------+-------------------------------------------------------------------------------------+


+----------------------------------------------------------------------------------------------------------------------------+
; Port Connectivity Checks: "bdscnn_top:u_bdscnn|fc1_folded_top:u_fc1|fc1_folded_neuron:gen_fc1_neurons[16].u_neuron"        ;
+------------------+--------+----------+-------------------------------------------------------------------------------------+
; Port             ; Type   ; Severity ; Details                                                                             ;
+------------------+--------+----------+-------------------------------------------------------------------------------------+
; weight_rr[1..0]  ; Input  ; Info     ; Stuck at VCC                                                                        ;
; weight_rr[3..2]  ; Input  ; Info     ; Stuck at GND                                                                        ;
; thresh_in[7..5]  ; Input  ; Info     ; Stuck at VCC                                                                        ;
; thresh_in[15..8] ; Input  ; Info     ; Stuck at GND                                                                        ;
; thresh_in[4..3]  ; Input  ; Info     ; Stuck at GND                                                                        ;
; thresh_in[1..0]  ; Input  ; Info     ; Stuck at GND                                                                        ;
; thresh_in[16]    ; Input  ; Info     ; Stuck at VCC                                                                        ;
; thresh_in[2]     ; Input  ; Info     ; Stuck at VCC                                                                        ;
; valid_out        ; Output ; Info     ; Connected to dangling logic. Logic that only feeds a dangling port will be removed. ;
+------------------+--------+----------+-------------------------------------------------------------------------------------+


+-----------------------------------------------------------------------------------------------------------------------------+
; Port Connectivity Checks: "bdscnn_top:u_bdscnn|fc1_folded_top:u_fc1|fc1_folded_neuron:gen_fc1_neurons[15].u_neuron"         ;
+-------------------+--------+----------+-------------------------------------------------------------------------------------+
; Port              ; Type   ; Severity ; Details                                                                             ;
+-------------------+--------+----------+-------------------------------------------------------------------------------------+
; weight_rr[1..0]   ; Input  ; Info     ; Stuck at GND                                                                        ;
; weight_rr[3]      ; Input  ; Info     ; Stuck at GND                                                                        ;
; weight_rr[2]      ; Input  ; Info     ; Stuck at VCC                                                                        ;
; thresh_in[5..3]   ; Input  ; Info     ; Stuck at VCC                                                                        ;
; thresh_in[15..10] ; Input  ; Info     ; Stuck at GND                                                                        ;
; thresh_in[16]     ; Input  ; Info     ; Stuck at VCC                                                                        ;
; thresh_in[9]      ; Input  ; Info     ; Stuck at VCC                                                                        ;
; thresh_in[8]      ; Input  ; Info     ; Stuck at GND                                                                        ;
; thresh_in[7]      ; Input  ; Info     ; Stuck at VCC                                                                        ;
; thresh_in[6]      ; Input  ; Info     ; Stuck at GND                                                                        ;
; thresh_in[2]      ; Input  ; Info     ; Stuck at GND                                                                        ;
; thresh_in[1]      ; Input  ; Info     ; Stuck at VCC                                                                        ;
; thresh_in[0]      ; Input  ; Info     ; Stuck at GND                                                                        ;
; valid_out         ; Output ; Info     ; Connected to dangling logic. Logic that only feeds a dangling port will be removed. ;
+-------------------+--------+----------+-------------------------------------------------------------------------------------+


+----------------------------------------------------------------------------------------------------------------------------+
; Port Connectivity Checks: "bdscnn_top:u_bdscnn|fc1_folded_top:u_fc1|fc1_folded_neuron:gen_fc1_neurons[14].u_neuron"        ;
+------------------+--------+----------+-------------------------------------------------------------------------------------+
; Port             ; Type   ; Severity ; Details                                                                             ;
+------------------+--------+----------+-------------------------------------------------------------------------------------+
; weight_rr[3..2]  ; Input  ; Info     ; Stuck at VCC                                                                        ;
; weight_rr[1..0]  ; Input  ; Info     ; Stuck at GND                                                                        ;
; thresh_in[15..8] ; Input  ; Info     ; Stuck at GND                                                                        ;
; thresh_in[6..5]  ; Input  ; Info     ; Stuck at GND                                                                        ;
; thresh_in[16]    ; Input  ; Info     ; Stuck at VCC                                                                        ;
; thresh_in[7]     ; Input  ; Info     ; Stuck at VCC                                                                        ;
; thresh_in[4]     ; Input  ; Info     ; Stuck at VCC                                                                        ;
; thresh_in[3]     ; Input  ; Info     ; Stuck at GND                                                                        ;
; thresh_in[2]     ; Input  ; Info     ; Stuck at VCC                                                                        ;
; thresh_in[1]     ; Input  ; Info     ; Stuck at GND                                                                        ;
; thresh_in[0]     ; Input  ; Info     ; Stuck at VCC                                                                        ;
; valid_out        ; Output ; Info     ; Connected to dangling logic. Logic that only feeds a dangling port will be removed. ;
+------------------+--------+----------+-------------------------------------------------------------------------------------+


+----------------------------------------------------------------------------------------------------------------------------+
; Port Connectivity Checks: "bdscnn_top:u_bdscnn|fc1_folded_top:u_fc1|fc1_folded_neuron:gen_fc1_neurons[13].u_neuron"        ;
+------------------+--------+----------+-------------------------------------------------------------------------------------+
; Port             ; Type   ; Severity ; Details                                                                             ;
+------------------+--------+----------+-------------------------------------------------------------------------------------+
; weight_rr[3..1]  ; Input  ; Info     ; Stuck at VCC                                                                        ;
; weight_rr[0]     ; Input  ; Info     ; Stuck at GND                                                                        ;
; thresh_in[2..1]  ; Input  ; Info     ; Stuck at VCC                                                                        ;
; thresh_in[15..8] ; Input  ; Info     ; Stuck at GND                                                                        ;
; thresh_in[4..3]  ; Input  ; Info     ; Stuck at GND                                                                        ;
; thresh_in[16]    ; Input  ; Info     ; Stuck at VCC                                                                        ;
; thresh_in[7]     ; Input  ; Info     ; Stuck at VCC                                                                        ;
; thresh_in[6]     ; Input  ; Info     ; Stuck at GND                                                                        ;
; thresh_in[5]     ; Input  ; Info     ; Stuck at VCC                                                                        ;
; thresh_in[0]     ; Input  ; Info     ; Stuck at GND                                                                        ;
; valid_out        ; Output ; Info     ; Connected to dangling logic. Logic that only feeds a dangling port will be removed. ;
+------------------+--------+----------+-------------------------------------------------------------------------------------+


+----------------------------------------------------------------------------------------------------------------------------+
; Port Connectivity Checks: "bdscnn_top:u_bdscnn|fc1_folded_top:u_fc1|fc1_folded_neuron:gen_fc1_neurons[12].u_neuron"        ;
+------------------+--------+----------+-------------------------------------------------------------------------------------+
; Port             ; Type   ; Severity ; Details                                                                             ;
+------------------+--------+----------+-------------------------------------------------------------------------------------+
; weight_rr[1..0]  ; Input  ; Info     ; Stuck at VCC                                                                        ;
; weight_rr[3..2]  ; Input  ; Info     ; Stuck at GND                                                                        ;
; thresh_in[6..4]  ; Input  ; Info     ; Stuck at VCC                                                                        ;
; thresh_in[15..7] ; Input  ; Info     ; Stuck at GND                                                                        ;
; thresh_in[3..0]  ; Input  ; Info     ; Stuck at GND                                                                        ;
; thresh_in[16]    ; Input  ; Info     ; Stuck at VCC                                                                        ;
; valid_out        ; Output ; Info     ; Connected to dangling logic. Logic that only feeds a dangling port will be removed. ;
+------------------+--------+----------+-------------------------------------------------------------------------------------+


+----------------------------------------------------------------------------------------------------------------------------+
; Port Connectivity Checks: "bdscnn_top:u_bdscnn|fc1_folded_top:u_fc1|fc1_folded_neuron:gen_fc1_neurons[11].u_neuron"        ;
+------------------+--------+----------+-------------------------------------------------------------------------------------+
; Port             ; Type   ; Severity ; Details                                                                             ;
+------------------+--------+----------+-------------------------------------------------------------------------------------+
; weight_rr[1..0]  ; Input  ; Info     ; Stuck at VCC                                                                        ;
; weight_rr[3..2]  ; Input  ; Info     ; Stuck at GND                                                                        ;
; thresh_in[7..6]  ; Input  ; Info     ; Stuck at VCC                                                                        ;
; thresh_in[15..8] ; Input  ; Info     ; Stuck at GND                                                                        ;
; thresh_in[5..4]  ; Input  ; Info     ; Stuck at GND                                                                        ;
; thresh_in[2..0]  ; Input  ; Info     ; Stuck at GND                                                                        ;
; thresh_in[16]    ; Input  ; Info     ; Stuck at VCC                                                                        ;
; thresh_in[3]     ; Input  ; Info     ; Stuck at VCC                                                                        ;
; valid_out        ; Output ; Info     ; Connected to dangling logic. Logic that only feeds a dangling port will be removed. ;
+------------------+--------+----------+-------------------------------------------------------------------------------------+


+----------------------------------------------------------------------------------------------------------------------------+
; Port Connectivity Checks: "bdscnn_top:u_bdscnn|fc1_folded_top:u_fc1|fc1_folded_neuron:gen_fc1_neurons[10].u_neuron"        ;
+------------------+--------+----------+-------------------------------------------------------------------------------------+
; Port             ; Type   ; Severity ; Details                                                                             ;
+------------------+--------+----------+-------------------------------------------------------------------------------------+
; weight_rr[1..0]  ; Input  ; Info     ; Stuck at VCC                                                                        ;
; weight_rr[3..2]  ; Input  ; Info     ; Stuck at GND                                                                        ;
; thresh_in[3..2]  ; Input  ; Info     ; Stuck at VCC                                                                        ;
; thresh_in[15..8] ; Input  ; Info     ; Stuck at GND                                                                        ;
; thresh_in[6..4]  ; Input  ; Info     ; Stuck at GND                                                                        ;
; thresh_in[1..0]  ; Input  ; Info     ; Stuck at GND                                                                        ;
; thresh_in[16]    ; Input  ; Info     ; Stuck at VCC                                                                        ;
; thresh_in[7]     ; Input  ; Info     ; Stuck at VCC                                                                        ;
; valid_out        ; Output ; Info     ; Connected to dangling logic. Logic that only feeds a dangling port will be removed. ;
+------------------+--------+----------+-------------------------------------------------------------------------------------+


+-----------------------------------------------------------------------------------------------------------------------------+
; Port Connectivity Checks: "bdscnn_top:u_bdscnn|fc1_folded_top:u_fc1|fc1_folded_neuron:gen_fc1_neurons[9].u_neuron"          ;
+-------------------+--------+----------+-------------------------------------------------------------------------------------+
; Port              ; Type   ; Severity ; Details                                                                             ;
+-------------------+--------+----------+-------------------------------------------------------------------------------------+
; weight_rr[3]      ; Input  ; Info     ; Stuck at VCC                                                                        ;
; weight_rr[2]      ; Input  ; Info     ; Stuck at GND                                                                        ;
; weight_rr[1]      ; Input  ; Info     ; Stuck at VCC                                                                        ;
; weight_rr[0]      ; Input  ; Info     ; Stuck at GND                                                                        ;
; thresh_in[6..4]   ; Input  ; Info     ; Stuck at VCC                                                                        ;
; thresh_in[15..10] ; Input  ; Info     ; Stuck at GND                                                                        ;
; thresh_in[8..7]   ; Input  ; Info     ; Stuck at GND                                                                        ;
; thresh_in[3..2]   ; Input  ; Info     ; Stuck at GND                                                                        ;
; thresh_in[16]     ; Input  ; Info     ; Stuck at VCC                                                                        ;
; thresh_in[9]      ; Input  ; Info     ; Stuck at VCC                                                                        ;
; thresh_in[1]      ; Input  ; Info     ; Stuck at VCC                                                                        ;
; thresh_in[0]      ; Input  ; Info     ; Stuck at GND                                                                        ;
; valid_out         ; Output ; Info     ; Connected to dangling logic. Logic that only feeds a dangling port will be removed. ;
+-------------------+--------+----------+-------------------------------------------------------------------------------------+


+----------------------------------------------------------------------------------------------------------------------------+
; Port Connectivity Checks: "bdscnn_top:u_bdscnn|fc1_folded_top:u_fc1|fc1_folded_neuron:gen_fc1_neurons[8].u_neuron"         ;
+------------------+--------+----------+-------------------------------------------------------------------------------------+
; Port             ; Type   ; Severity ; Details                                                                             ;
+------------------+--------+----------+-------------------------------------------------------------------------------------+
; weight_rr[1..0]  ; Input  ; Info     ; Stuck at VCC                                                                        ;
; weight_rr[3..2]  ; Input  ; Info     ; Stuck at GND                                                                        ;
; thresh_in[5..4]  ; Input  ; Info     ; Stuck at VCC                                                                        ;
; thresh_in[2..0]  ; Input  ; Info     ; Stuck at VCC                                                                        ;
; thresh_in[15..8] ; Input  ; Info     ; Stuck at GND                                                                        ;
; thresh_in[16]    ; Input  ; Info     ; Stuck at VCC                                                                        ;
; thresh_in[7]     ; Input  ; Info     ; Stuck at VCC                                                                        ;
; thresh_in[6]     ; Input  ; Info     ; Stuck at GND                                                                        ;
; thresh_in[3]     ; Input  ; Info     ; Stuck at GND                                                                        ;
; valid_out        ; Output ; Info     ; Connected to dangling logic. Logic that only feeds a dangling port will be removed. ;
+------------------+--------+----------+-------------------------------------------------------------------------------------+


+----------------------------------------------------------------------------------------------------------------------------+
; Port Connectivity Checks: "bdscnn_top:u_bdscnn|fc1_folded_top:u_fc1|fc1_folded_neuron:gen_fc1_neurons[7].u_neuron"         ;
+------------------+--------+----------+-------------------------------------------------------------------------------------+
; Port             ; Type   ; Severity ; Details                                                                             ;
+------------------+--------+----------+-------------------------------------------------------------------------------------+
; weight_rr[3..2]  ; Input  ; Info     ; Stuck at VCC                                                                        ;
; weight_rr[1..0]  ; Input  ; Info     ; Stuck at GND                                                                        ;
; thresh_in[3..2]  ; Input  ; Info     ; Stuck at VCC                                                                        ;
; thresh_in[15..8] ; Input  ; Info     ; Stuck at GND                                                                        ;
; thresh_in[6..4]  ; Input  ; Info     ; Stuck at GND                                                                        ;
; thresh_in[16]    ; Input  ; Info     ; Stuck at VCC                                                                        ;
; thresh_in[7]     ; Input  ; Info     ; Stuck at VCC                                                                        ;
; thresh_in[1]     ; Input  ; Info     ; Stuck at GND                                                                        ;
; thresh_in[0]     ; Input  ; Info     ; Stuck at VCC                                                                        ;
; valid_out        ; Output ; Info     ; Connected to dangling logic. Logic that only feeds a dangling port will be removed. ;
+------------------+--------+----------+-------------------------------------------------------------------------------------+


+----------------------------------------------------------------------------------------------------------------------------+
; Port Connectivity Checks: "bdscnn_top:u_bdscnn|fc1_folded_top:u_fc1|fc1_folded_neuron:gen_fc1_neurons[6].u_neuron"         ;
+------------------+--------+----------+-------------------------------------------------------------------------------------+
; Port             ; Type   ; Severity ; Details                                                                             ;
+------------------+--------+----------+-------------------------------------------------------------------------------------+
; weight_rr[3..2]  ; Input  ; Info     ; Stuck at GND                                                                        ;
; weight_rr[1]     ; Input  ; Info     ; Stuck at VCC                                                                        ;
; weight_rr[0]     ; Input  ; Info     ; Stuck at GND                                                                        ;
; thresh_in[15..8] ; Input  ; Info     ; Stuck at GND                                                                        ;
; thresh_in[6..5]  ; Input  ; Info     ; Stuck at GND                                                                        ;
; thresh_in[3..1]  ; Input  ; Info     ; Stuck at GND                                                                        ;
; thresh_in[16]    ; Input  ; Info     ; Stuck at VCC                                                                        ;
; thresh_in[7]     ; Input  ; Info     ; Stuck at VCC                                                                        ;
; thresh_in[4]     ; Input  ; Info     ; Stuck at VCC                                                                        ;
; thresh_in[0]     ; Input  ; Info     ; Stuck at VCC                                                                        ;
; valid_out        ; Output ; Info     ; Connected to dangling logic. Logic that only feeds a dangling port will be removed. ;
+------------------+--------+----------+-------------------------------------------------------------------------------------+


+----------------------------------------------------------------------------------------------------------------------------+
; Port Connectivity Checks: "bdscnn_top:u_bdscnn|fc1_folded_top:u_fc1|fc1_folded_neuron:gen_fc1_neurons[5].u_neuron"         ;
+------------------+--------+----------+-------------------------------------------------------------------------------------+
; Port             ; Type   ; Severity ; Details                                                                             ;
+------------------+--------+----------+-------------------------------------------------------------------------------------+
; weight_rr[3..2]  ; Input  ; Info     ; Stuck at GND                                                                        ;
; weight_rr[1]     ; Input  ; Info     ; Stuck at VCC                                                                        ;
; weight_rr[0]     ; Input  ; Info     ; Stuck at GND                                                                        ;
; thresh_in[5..4]  ; Input  ; Info     ; Stuck at VCC                                                                        ;
; thresh_in[2..1]  ; Input  ; Info     ; Stuck at VCC                                                                        ;
; thresh_in[15..9] ; Input  ; Info     ; Stuck at GND                                                                        ;
; thresh_in[7..6]  ; Input  ; Info     ; Stuck at GND                                                                        ;
; thresh_in[16]    ; Input  ; Info     ; Stuck at VCC                                                                        ;
; thresh_in[8]     ; Input  ; Info     ; Stuck at VCC                                                                        ;
; thresh_in[3]     ; Input  ; Info     ; Stuck at GND                                                                        ;
; thresh_in[0]     ; Input  ; Info     ; Stuck at GND                                                                        ;
; valid_out        ; Output ; Info     ; Connected to dangling logic. Logic that only feeds a dangling port will be removed. ;
+------------------+--------+----------+-------------------------------------------------------------------------------------+


+----------------------------------------------------------------------------------------------------------------------------+
; Port Connectivity Checks: "bdscnn_top:u_bdscnn|fc1_folded_top:u_fc1|fc1_folded_neuron:gen_fc1_neurons[4].u_neuron"         ;
+------------------+--------+----------+-------------------------------------------------------------------------------------+
; Port             ; Type   ; Severity ; Details                                                                             ;
+------------------+--------+----------+-------------------------------------------------------------------------------------+
; weight_rr[3]     ; Input  ; Info     ; Stuck at GND                                                                        ;
; weight_rr[2]     ; Input  ; Info     ; Stuck at VCC                                                                        ;
; weight_rr[1]     ; Input  ; Info     ; Stuck at GND                                                                        ;
; weight_rr[0]     ; Input  ; Info     ; Stuck at VCC                                                                        ;
; thresh_in[6..3]  ; Input  ; Info     ; Stuck at VCC                                                                        ;
; thresh_in[15..7] ; Input  ; Info     ; Stuck at GND                                                                        ;
; thresh_in[16]    ; Input  ; Info     ; Stuck at VCC                                                                        ;
; thresh_in[2]     ; Input  ; Info     ; Stuck at GND                                                                        ;
; thresh_in[1]     ; Input  ; Info     ; Stuck at VCC                                                                        ;
; thresh_in[0]     ; Input  ; Info     ; Stuck at GND                                                                        ;
; valid_out        ; Output ; Info     ; Connected to dangling logic. Logic that only feeds a dangling port will be removed. ;
+------------------+--------+----------+-------------------------------------------------------------------------------------+


+----------------------------------------------------------------------------------------------------------------------------+
; Port Connectivity Checks: "bdscnn_top:u_bdscnn|fc1_folded_top:u_fc1|fc1_folded_neuron:gen_fc1_neurons[3].u_neuron"         ;
+------------------+--------+----------+-------------------------------------------------------------------------------------+
; Port             ; Type   ; Severity ; Details                                                                             ;
+------------------+--------+----------+-------------------------------------------------------------------------------------+
; weight_rr[1..0]  ; Input  ; Info     ; Stuck at VCC                                                                        ;
; weight_rr[3..2]  ; Input  ; Info     ; Stuck at GND                                                                        ;
; thresh_in[6..3]  ; Input  ; Info     ; Stuck at VCC                                                                        ;
; thresh_in[15..7] ; Input  ; Info     ; Stuck at GND                                                                        ;
; thresh_in[2..0]  ; Input  ; Info     ; Stuck at GND                                                                        ;
; thresh_in[16]    ; Input  ; Info     ; Stuck at VCC                                                                        ;
; valid_out        ; Output ; Info     ; Connected to dangling logic. Logic that only feeds a dangling port will be removed. ;
+------------------+--------+----------+-------------------------------------------------------------------------------------+


+----------------------------------------------------------------------------------------------------------------------------+
; Port Connectivity Checks: "bdscnn_top:u_bdscnn|fc1_folded_top:u_fc1|fc1_folded_neuron:gen_fc1_neurons[2].u_neuron"         ;
+------------------+--------+----------+-------------------------------------------------------------------------------------+
; Port             ; Type   ; Severity ; Details                                                                             ;
+------------------+--------+----------+-------------------------------------------------------------------------------------+
; weight_rr[2..1]  ; Input  ; Info     ; Stuck at GND                                                                        ;
; weight_rr[3]     ; Input  ; Info     ; Stuck at VCC                                                                        ;
; weight_rr[0]     ; Input  ; Info     ; Stuck at VCC                                                                        ;
; thresh_in[6..4]  ; Input  ; Info     ; Stuck at VCC                                                                        ;
; thresh_in[2..1]  ; Input  ; Info     ; Stuck at VCC                                                                        ;
; thresh_in[15..7] ; Input  ; Info     ; Stuck at GND                                                                        ;
; thresh_in[16]    ; Input  ; Info     ; Stuck at VCC                                                                        ;
; thresh_in[3]     ; Input  ; Info     ; Stuck at GND                                                                        ;
; thresh_in[0]     ; Input  ; Info     ; Stuck at GND                                                                        ;
; valid_out        ; Output ; Info     ; Connected to dangling logic. Logic that only feeds a dangling port will be removed. ;
+------------------+--------+----------+-------------------------------------------------------------------------------------+


+----------------------------------------------------------------------------------------------------------------------------+
; Port Connectivity Checks: "bdscnn_top:u_bdscnn|fc1_folded_top:u_fc1|fc1_folded_neuron:gen_fc1_neurons[1].u_neuron"         ;
+------------------+--------+----------+-------------------------------------------------------------------------------------+
; Port             ; Type   ; Severity ; Details                                                                             ;
+------------------+--------+----------+-------------------------------------------------------------------------------------+
; weight_rr[3]     ; Input  ; Info     ; Stuck at GND                                                                        ;
; weight_rr[2]     ; Input  ; Info     ; Stuck at VCC                                                                        ;
; weight_rr[1]     ; Input  ; Info     ; Stuck at GND                                                                        ;
; weight_rr[0]     ; Input  ; Info     ; Stuck at VCC                                                                        ;
; thresh_in[6..3]  ; Input  ; Info     ; Stuck at VCC                                                                        ;
; thresh_in[15..7] ; Input  ; Info     ; Stuck at GND                                                                        ;
; thresh_in[2..1]  ; Input  ; Info     ; Stuck at GND                                                                        ;
; thresh_in[16]    ; Input  ; Info     ; Stuck at VCC                                                                        ;
; thresh_in[0]     ; Input  ; Info     ; Stuck at VCC                                                                        ;
; valid_out        ; Output ; Info     ; Connected to dangling logic. Logic that only feeds a dangling port will be removed. ;
+------------------+--------+----------+-------------------------------------------------------------------------------------+


+--------------------------------------------------------------------------------------------------------------------+
; Port Connectivity Checks: "bdscnn_top:u_bdscnn|fc1_folded_top:u_fc1|fc1_folded_neuron:gen_fc1_neurons[0].u_neuron" ;
+------------------+-------+----------+------------------------------------------------------------------------------+
; Port             ; Type  ; Severity ; Details                                                                      ;
+------------------+-------+----------+------------------------------------------------------------------------------+
; weight_rr[3..1]  ; Input ; Info     ; Stuck at VCC                                                                 ;
; weight_rr[0]     ; Input ; Info     ; Stuck at GND                                                                 ;
; thresh_in[15..8] ; Input ; Info     ; Stuck at GND                                                                 ;
; thresh_in[16]    ; Input ; Info     ; Stuck at VCC                                                                 ;
; thresh_in[7]     ; Input ; Info     ; Stuck at VCC                                                                 ;
; thresh_in[6]     ; Input ; Info     ; Stuck at GND                                                                 ;
; thresh_in[5]     ; Input ; Info     ; Stuck at VCC                                                                 ;
; thresh_in[4]     ; Input ; Info     ; Stuck at GND                                                                 ;
; thresh_in[3]     ; Input ; Info     ; Stuck at VCC                                                                 ;
; thresh_in[2]     ; Input ; Info     ; Stuck at GND                                                                 ;
; thresh_in[1]     ; Input ; Info     ; Stuck at VCC                                                                 ;
; thresh_in[0]     ; Input ; Info     ; Stuck at GND                                                                 ;
+------------------+-------+----------+------------------------------------------------------------------------------+


+----------------------------------------------------------------------------------------------------------------------------+
; Port Connectivity Checks: "bdscnn_top:u_bdscnn|pw_top:u_pw|pw_pe:gen_pw_neurons[17].u_pe"                                  ;
+------------------+--------+----------+-------------------------------------------------------------------------------------+
; Port             ; Type   ; Severity ; Details                                                                             ;
+------------------+--------+----------+-------------------------------------------------------------------------------------+
; weight_in[2..1]  ; Input  ; Info     ; Stuck at GND                                                                        ;
; weight_in[0]     ; Input  ; Info     ; Stuck at VCC                                                                        ;
; thresh_in[15..1] ; Input  ; Info     ; Stuck at GND                                                                        ;
; thresh_in[16]    ; Input  ; Info     ; Stuck at VCC                                                                        ;
; thresh_in[0]     ; Input  ; Info     ; Stuck at VCC                                                                        ;
; valid_out        ; Output ; Info     ; Connected to dangling logic. Logic that only feeds a dangling port will be removed. ;
+------------------+--------+----------+-------------------------------------------------------------------------------------+


+----------------------------------------------------------------------------------------------------------------------------+
; Port Connectivity Checks: "bdscnn_top:u_bdscnn|pw_top:u_pw|pw_pe:gen_pw_neurons[16].u_pe"                                  ;
+------------------+--------+----------+-------------------------------------------------------------------------------------+
; Port             ; Type   ; Severity ; Details                                                                             ;
+------------------+--------+----------+-------------------------------------------------------------------------------------+
; weight_in        ; Input  ; Info     ; Stuck at GND                                                                        ;
; thresh_in[15..1] ; Input  ; Info     ; Stuck at GND                                                                        ;
; thresh_in[16]    ; Input  ; Info     ; Stuck at VCC                                                                        ;
; thresh_in[0]     ; Input  ; Info     ; Stuck at VCC                                                                        ;
; valid_out        ; Output ; Info     ; Connected to dangling logic. Logic that only feeds a dangling port will be removed. ;
+------------------+--------+----------+-------------------------------------------------------------------------------------+


+----------------------------------------------------------------------------------------------------------------------------+
; Port Connectivity Checks: "bdscnn_top:u_bdscnn|pw_top:u_pw|pw_pe:gen_pw_neurons[15].u_pe"                                  ;
+------------------+--------+----------+-------------------------------------------------------------------------------------+
; Port             ; Type   ; Severity ; Details                                                                             ;
+------------------+--------+----------+-------------------------------------------------------------------------------------+
; weight_in        ; Input  ; Info     ; Stuck at GND                                                                        ;
; thresh_in[15..1] ; Input  ; Info     ; Stuck at GND                                                                        ;
; thresh_in[16]    ; Input  ; Info     ; Stuck at VCC                                                                        ;
; thresh_in[0]     ; Input  ; Info     ; Stuck at VCC                                                                        ;
; valid_out        ; Output ; Info     ; Connected to dangling logic. Logic that only feeds a dangling port will be removed. ;
+------------------+--------+----------+-------------------------------------------------------------------------------------+


+----------------------------------------------------------------------------------------------------------------------------+
; Port Connectivity Checks: "bdscnn_top:u_bdscnn|pw_top:u_pw|pw_pe:gen_pw_neurons[14].u_pe"                                  ;
+------------------+--------+----------+-------------------------------------------------------------------------------------+
; Port             ; Type   ; Severity ; Details                                                                             ;
+------------------+--------+----------+-------------------------------------------------------------------------------------+
; weight_in[2]     ; Input  ; Info     ; Stuck at GND                                                                        ;
; weight_in[1]     ; Input  ; Info     ; Stuck at VCC                                                                        ;
; weight_in[0]     ; Input  ; Info     ; Stuck at GND                                                                        ;
; thresh_in[15..2] ; Input  ; Info     ; Stuck at GND                                                                        ;
; thresh_in[16]    ; Input  ; Info     ; Stuck at VCC                                                                        ;
; thresh_in[1]     ; Input  ; Info     ; Stuck at VCC                                                                        ;
; thresh_in[0]     ; Input  ; Info     ; Stuck at GND                                                                        ;
; valid_out        ; Output ; Info     ; Connected to dangling logic. Logic that only feeds a dangling port will be removed. ;
+------------------+--------+----------+-------------------------------------------------------------------------------------+


+----------------------------------------------------------------------------------------------------------------------------+
; Port Connectivity Checks: "bdscnn_top:u_bdscnn|pw_top:u_pw|pw_pe:gen_pw_neurons[13].u_pe"                                  ;
+------------------+--------+----------+-------------------------------------------------------------------------------------+
; Port             ; Type   ; Severity ; Details                                                                             ;
+------------------+--------+----------+-------------------------------------------------------------------------------------+
; weight_in[1..0]  ; Input  ; Info     ; Stuck at GND                                                                        ;
; weight_in[2]     ; Input  ; Info     ; Stuck at VCC                                                                        ;
; thresh_in[15..2] ; Input  ; Info     ; Stuck at GND                                                                        ;
; thresh_in[16]    ; Input  ; Info     ; Stuck at VCC                                                                        ;
; thresh_in[1]     ; Input  ; Info     ; Stuck at VCC                                                                        ;
; thresh_in[0]     ; Input  ; Info     ; Stuck at GND                                                                        ;
; valid_out        ; Output ; Info     ; Connected to dangling logic. Logic that only feeds a dangling port will be removed. ;
+------------------+--------+----------+-------------------------------------------------------------------------------------+


+----------------------------------------------------------------------------------------------------------------------------+
; Port Connectivity Checks: "bdscnn_top:u_bdscnn|pw_top:u_pw|pw_pe:gen_pw_neurons[12].u_pe"                                  ;
+------------------+--------+----------+-------------------------------------------------------------------------------------+
; Port             ; Type   ; Severity ; Details                                                                             ;
+------------------+--------+----------+-------------------------------------------------------------------------------------+
; weight_in[2..1]  ; Input  ; Info     ; Stuck at VCC                                                                        ;
; weight_in[0]     ; Input  ; Info     ; Stuck at GND                                                                        ;
; thresh_in[16..1] ; Input  ; Info     ; Stuck at VCC                                                                        ;
; thresh_in[0]     ; Input  ; Info     ; Stuck at GND                                                                        ;
; valid_out        ; Output ; Info     ; Connected to dangling logic. Logic that only feeds a dangling port will be removed. ;
+------------------+--------+----------+-------------------------------------------------------------------------------------+


+----------------------------------------------------------------------------------------------------------------------------+
; Port Connectivity Checks: "bdscnn_top:u_bdscnn|pw_top:u_pw|pw_pe:gen_pw_neurons[11].u_pe"                                  ;
+------------------+--------+----------+-------------------------------------------------------------------------------------+
; Port             ; Type   ; Severity ; Details                                                                             ;
+------------------+--------+----------+-------------------------------------------------------------------------------------+
; weight_in[1..0]  ; Input  ; Info     ; Stuck at GND                                                                        ;
; weight_in[2]     ; Input  ; Info     ; Stuck at VCC                                                                        ;
; thresh_in[15..1] ; Input  ; Info     ; Stuck at GND                                                                        ;
; thresh_in[16]    ; Input  ; Info     ; Stuck at VCC                                                                        ;
; thresh_in[0]     ; Input  ; Info     ; Stuck at VCC                                                                        ;
; valid_out        ; Output ; Info     ; Connected to dangling logic. Logic that only feeds a dangling port will be removed. ;
+------------------+--------+----------+-------------------------------------------------------------------------------------+


+----------------------------------------------------------------------------------------------------------------------------+
; Port Connectivity Checks: "bdscnn_top:u_bdscnn|pw_top:u_pw|pw_pe:gen_pw_neurons[10].u_pe"                                  ;
+------------------+--------+----------+-------------------------------------------------------------------------------------+
; Port             ; Type   ; Severity ; Details                                                                             ;
+------------------+--------+----------+-------------------------------------------------------------------------------------+
; weight_in[1..0]  ; Input  ; Info     ; Stuck at GND                                                                        ;
; weight_in[2]     ; Input  ; Info     ; Stuck at VCC                                                                        ;
; thresh_in[15..1] ; Input  ; Info     ; Stuck at GND                                                                        ;
; thresh_in[16]    ; Input  ; Info     ; Stuck at VCC                                                                        ;
; thresh_in[0]     ; Input  ; Info     ; Stuck at VCC                                                                        ;
; valid_out        ; Output ; Info     ; Connected to dangling logic. Logic that only feeds a dangling port will be removed. ;
+------------------+--------+----------+-------------------------------------------------------------------------------------+


+----------------------------------------------------------------------------------------------------------------------------+
; Port Connectivity Checks: "bdscnn_top:u_bdscnn|pw_top:u_pw|pw_pe:gen_pw_neurons[9].u_pe"                                   ;
+------------------+--------+----------+-------------------------------------------------------------------------------------+
; Port             ; Type   ; Severity ; Details                                                                             ;
+------------------+--------+----------+-------------------------------------------------------------------------------------+
; weight_in        ; Input  ; Info     ; Stuck at VCC                                                                        ;
; thresh_in[15..3] ; Input  ; Info     ; Stuck at GND                                                                        ;
; thresh_in[16]    ; Input  ; Info     ; Stuck at VCC                                                                        ;
; thresh_in[2]     ; Input  ; Info     ; Stuck at VCC                                                                        ;
; thresh_in[1]     ; Input  ; Info     ; Stuck at GND                                                                        ;
; thresh_in[0]     ; Input  ; Info     ; Stuck at VCC                                                                        ;
; valid_out        ; Output ; Info     ; Connected to dangling logic. Logic that only feeds a dangling port will be removed. ;
+------------------+--------+----------+-------------------------------------------------------------------------------------+


+----------------------------------------------------------------------------------------------------------------------------+
; Port Connectivity Checks: "bdscnn_top:u_bdscnn|pw_top:u_pw|pw_pe:gen_pw_neurons[8].u_pe"                                   ;
+------------------+--------+----------+-------------------------------------------------------------------------------------+
; Port             ; Type   ; Severity ; Details                                                                             ;
+------------------+--------+----------+-------------------------------------------------------------------------------------+
; weight_in[1..0]  ; Input  ; Info     ; Stuck at GND                                                                        ;
; weight_in[2]     ; Input  ; Info     ; Stuck at VCC                                                                        ;
; thresh_in[15..1] ; Input  ; Info     ; Stuck at GND                                                                        ;
; thresh_in[16]    ; Input  ; Info     ; Stuck at VCC                                                                        ;
; thresh_in[0]     ; Input  ; Info     ; Stuck at VCC                                                                        ;
; valid_out        ; Output ; Info     ; Connected to dangling logic. Logic that only feeds a dangling port will be removed. ;
+------------------+--------+----------+-------------------------------------------------------------------------------------+


+----------------------------------------------------------------------------------------------------------------------------+
; Port Connectivity Checks: "bdscnn_top:u_bdscnn|pw_top:u_pw|pw_pe:gen_pw_neurons[7].u_pe"                                   ;
+------------------+--------+----------+-------------------------------------------------------------------------------------+
; Port             ; Type   ; Severity ; Details                                                                             ;
+------------------+--------+----------+-------------------------------------------------------------------------------------+
; weight_in[2..1]  ; Input  ; Info     ; Stuck at GND                                                                        ;
; weight_in[0]     ; Input  ; Info     ; Stuck at VCC                                                                        ;
; thresh_in[15..0] ; Input  ; Info     ; Stuck at GND                                                                        ;
; thresh_in[16]    ; Input  ; Info     ; Stuck at VCC                                                                        ;
; valid_out        ; Output ; Info     ; Connected to dangling logic. Logic that only feeds a dangling port will be removed. ;
+------------------+--------+----------+-------------------------------------------------------------------------------------+


+----------------------------------------------------------------------------------------------------------------------------+
; Port Connectivity Checks: "bdscnn_top:u_bdscnn|pw_top:u_pw|pw_pe:gen_pw_neurons[6].u_pe"                                   ;
+------------------+--------+----------+-------------------------------------------------------------------------------------+
; Port             ; Type   ; Severity ; Details                                                                             ;
+------------------+--------+----------+-------------------------------------------------------------------------------------+
; weight_in[1..0]  ; Input  ; Info     ; Stuck at GND                                                                        ;
; weight_in[2]     ; Input  ; Info     ; Stuck at VCC                                                                        ;
; thresh_in[15..2] ; Input  ; Info     ; Stuck at GND                                                                        ;
; thresh_in[16]    ; Input  ; Info     ; Stuck at VCC                                                                        ;
; thresh_in[1]     ; Input  ; Info     ; Stuck at VCC                                                                        ;
; thresh_in[0]     ; Input  ; Info     ; Stuck at GND                                                                        ;
; valid_out        ; Output ; Info     ; Connected to dangling logic. Logic that only feeds a dangling port will be removed. ;
+------------------+--------+----------+-------------------------------------------------------------------------------------+


+----------------------------------------------------------------------------------------------------------------------------+
; Port Connectivity Checks: "bdscnn_top:u_bdscnn|pw_top:u_pw|pw_pe:gen_pw_neurons[5].u_pe"                                   ;
+------------------+--------+----------+-------------------------------------------------------------------------------------+
; Port             ; Type   ; Severity ; Details                                                                             ;
+------------------+--------+----------+-------------------------------------------------------------------------------------+
; weight_in[2]     ; Input  ; Info     ; Stuck at GND                                                                        ;
; weight_in[1]     ; Input  ; Info     ; Stuck at VCC                                                                        ;
; weight_in[0]     ; Input  ; Info     ; Stuck at GND                                                                        ;
; thresh_in[15..0] ; Input  ; Info     ; Stuck at GND                                                                        ;
; thresh_in[16]    ; Input  ; Info     ; Stuck at VCC                                                                        ;
; valid_out        ; Output ; Info     ; Connected to dangling logic. Logic that only feeds a dangling port will be removed. ;
+------------------+--------+----------+-------------------------------------------------------------------------------------+


+----------------------------------------------------------------------------------------------------------------------------+
; Port Connectivity Checks: "bdscnn_top:u_bdscnn|pw_top:u_pw|pw_pe:gen_pw_neurons[4].u_pe"                                   ;
+------------------+--------+----------+-------------------------------------------------------------------------------------+
; Port             ; Type   ; Severity ; Details                                                                             ;
+------------------+--------+----------+-------------------------------------------------------------------------------------+
; weight_in[2]     ; Input  ; Info     ; Stuck at GND                                                                        ;
; weight_in[1]     ; Input  ; Info     ; Stuck at VCC                                                                        ;
; weight_in[0]     ; Input  ; Info     ; Stuck at GND                                                                        ;
; thresh_in[15..3] ; Input  ; Info     ; Stuck at GND                                                                        ;
; thresh_in[16]    ; Input  ; Info     ; Stuck at VCC                                                                        ;
; thresh_in[2]     ; Input  ; Info     ; Stuck at VCC                                                                        ;
; thresh_in[1]     ; Input  ; Info     ; Stuck at GND                                                                        ;
; thresh_in[0]     ; Input  ; Info     ; Stuck at VCC                                                                        ;
; valid_out        ; Output ; Info     ; Connected to dangling logic. Logic that only feeds a dangling port will be removed. ;
+------------------+--------+----------+-------------------------------------------------------------------------------------+


+----------------------------------------------------------------------------------------------------------------------------+
; Port Connectivity Checks: "bdscnn_top:u_bdscnn|pw_top:u_pw|pw_pe:gen_pw_neurons[3].u_pe"                                   ;
+------------------+--------+----------+-------------------------------------------------------------------------------------+
; Port             ; Type   ; Severity ; Details                                                                             ;
+------------------+--------+----------+-------------------------------------------------------------------------------------+
; weight_in        ; Input  ; Info     ; Stuck at GND                                                                        ;
; thresh_in[15..1] ; Input  ; Info     ; Stuck at GND                                                                        ;
; thresh_in[16]    ; Input  ; Info     ; Stuck at VCC                                                                        ;
; thresh_in[0]     ; Input  ; Info     ; Stuck at VCC                                                                        ;
; valid_out        ; Output ; Info     ; Connected to dangling logic. Logic that only feeds a dangling port will be removed. ;
+------------------+--------+----------+-------------------------------------------------------------------------------------+


+----------------------------------------------------------------------------------------------------------------------------+
; Port Connectivity Checks: "bdscnn_top:u_bdscnn|pw_top:u_pw|pw_pe:gen_pw_neurons[2].u_pe"                                   ;
+------------------+--------+----------+-------------------------------------------------------------------------------------+
; Port             ; Type   ; Severity ; Details                                                                             ;
+------------------+--------+----------+-------------------------------------------------------------------------------------+
; weight_in        ; Input  ; Info     ; Stuck at VCC                                                                        ;
; thresh_in[15..3] ; Input  ; Info     ; Stuck at GND                                                                        ;
; thresh_in[16]    ; Input  ; Info     ; Stuck at VCC                                                                        ;
; thresh_in[2]     ; Input  ; Info     ; Stuck at VCC                                                                        ;
; thresh_in[1]     ; Input  ; Info     ; Stuck at GND                                                                        ;
; thresh_in[0]     ; Input  ; Info     ; Stuck at VCC                                                                        ;
; valid_out        ; Output ; Info     ; Connected to dangling logic. Logic that only feeds a dangling port will be removed. ;
+------------------+--------+----------+-------------------------------------------------------------------------------------+


+----------------------------------------------------------------------------------------------------------------------------+
; Port Connectivity Checks: "bdscnn_top:u_bdscnn|pw_top:u_pw|pw_pe:gen_pw_neurons[1].u_pe"                                   ;
+------------------+--------+----------+-------------------------------------------------------------------------------------+
; Port             ; Type   ; Severity ; Details                                                                             ;
+------------------+--------+----------+-------------------------------------------------------------------------------------+
; weight_in[2..1]  ; Input  ; Info     ; Stuck at GND                                                                        ;
; weight_in[0]     ; Input  ; Info     ; Stuck at VCC                                                                        ;
; thresh_in[15..1] ; Input  ; Info     ; Stuck at GND                                                                        ;
; thresh_in[16]    ; Input  ; Info     ; Stuck at VCC                                                                        ;
; thresh_in[0]     ; Input  ; Info     ; Stuck at VCC                                                                        ;
; valid_out        ; Output ; Info     ; Connected to dangling logic. Logic that only feeds a dangling port will be removed. ;
+------------------+--------+----------+-------------------------------------------------------------------------------------+


+------------------------------------------------------------------------------------------+
; Port Connectivity Checks: "bdscnn_top:u_bdscnn|pw_top:u_pw|pw_pe:gen_pw_neurons[0].u_pe" ;
+------------------+-------+----------+----------------------------------------------------+
; Port             ; Type  ; Severity ; Details                                            ;
+------------------+-------+----------+----------------------------------------------------+
; weight_in[2..1]  ; Input ; Info     ; Stuck at GND                                       ;
; weight_in[0]     ; Input ; Info     ; Stuck at VCC                                       ;
; thresh_in[15..1] ; Input ; Info     ; Stuck at GND                                       ;
; thresh_in[16]    ; Input ; Info     ; Stuck at VCC                                       ;
; thresh_in[0]     ; Input ; Info     ; Stuck at VCC                                       ;
+------------------+-------+----------+----------------------------------------------------+


+---------------------------------------------------------------------------------------------------------------------------+
; Port Connectivity Checks: "bdscnn_top:u_bdscnn|dw_top:u_dw|dw_pe:pe_ch2"                                                  ;
+-----------------+--------+----------+-------------------------------------------------------------------------------------+
; Port            ; Type   ; Severity ; Details                                                                             ;
+-----------------+--------+----------+-------------------------------------------------------------------------------------+
; weight_in[8..7] ; Input  ; Info     ; Stuck at VCC                                                                        ;
; weight_in[4..3] ; Input  ; Info     ; Stuck at GND                                                                        ;
; weight_in[1..0] ; Input  ; Info     ; Stuck at GND                                                                        ;
; weight_in[6]    ; Input  ; Info     ; Stuck at GND                                                                        ;
; weight_in[5]    ; Input  ; Info     ; Stuck at VCC                                                                        ;
; weight_in[2]    ; Input  ; Info     ; Stuck at VCC                                                                        ;
; valid_out       ; Output ; Info     ; Connected to dangling logic. Logic that only feeds a dangling port will be removed. ;
+-----------------+--------+----------+-------------------------------------------------------------------------------------+


+---------------------------------------------------------------------------------------------------------------------------+
; Port Connectivity Checks: "bdscnn_top:u_bdscnn|dw_top:u_dw|dw_pe:pe_ch1"                                                  ;
+-----------------+--------+----------+-------------------------------------------------------------------------------------+
; Port            ; Type   ; Severity ; Details                                                                             ;
+-----------------+--------+----------+-------------------------------------------------------------------------------------+
; weight_in[8..7] ; Input  ; Info     ; Stuck at VCC                                                                        ;
; weight_in[6..5] ; Input  ; Info     ; Stuck at GND                                                                        ;
; weight_in[3..0] ; Input  ; Info     ; Stuck at GND                                                                        ;
; weight_in[4]    ; Input  ; Info     ; Stuck at VCC                                                                        ;
; valid_out       ; Output ; Info     ; Connected to dangling logic. Logic that only feeds a dangling port will be removed. ;
+-----------------+--------+----------+-------------------------------------------------------------------------------------+


+--------------------------------------------------------------------------+
; Port Connectivity Checks: "bdscnn_top:u_bdscnn|dw_top:u_dw|dw_pe:pe_ch0" ;
+-----------------+-------+----------+-------------------------------------+
; Port            ; Type  ; Severity ; Details                             ;
+-----------------+-------+----------+-------------------------------------+
; weight_in[7..6] ; Input ; Info     ; Stuck at VCC                        ;
; weight_in[3..2] ; Input ; Info     ; Stuck at VCC                        ;
; weight_in[5..4] ; Input ; Info     ; Stuck at GND                        ;
; weight_in[1..0] ; Input ; Info     ; Stuck at GND                        ;
; weight_in[8]    ; Input ; Info     ; Stuck at GND                        ;
+-----------------+-------+----------+-------------------------------------+


+-----------------------------------------------------------------------------------------------------------------------------+
; Port Connectivity Checks: "bdscnn_top:u_bdscnn|mcp_top:u_mcp|mcp_pe:gen_mcp_filters[2].u_pe"                                ;
+-------------------+--------+----------+-------------------------------------------------------------------------------------+
; Port              ; Type   ; Severity ; Details                                                                             ;
+-------------------+--------+----------+-------------------------------------------------------------------------------------+
; weight_in[13..12] ; Input  ; Info     ; Stuck at VCC                                                                        ;
; weight_in[9..8]   ; Input  ; Info     ; Stuck at VCC                                                                        ;
; weight_in[15..14] ; Input  ; Info     ; Stuck at GND                                                                        ;
; weight_in[11..10] ; Input  ; Info     ; Stuck at GND                                                                        ;
; weight_in[7..6]   ; Input  ; Info     ; Stuck at GND                                                                        ;
; weight_in[4..0]   ; Input  ; Info     ; Stuck at GND                                                                        ;
; weight_in[5]      ; Input  ; Info     ; Stuck at VCC                                                                        ;
; thresh_in[15..1]  ; Input  ; Info     ; Stuck at GND                                                                        ;
; thresh_in[16]     ; Input  ; Info     ; Stuck at VCC                                                                        ;
; thresh_in[0]      ; Input  ; Info     ; Stuck at VCC                                                                        ;
; valid_out         ; Output ; Info     ; Connected to dangling logic. Logic that only feeds a dangling port will be removed. ;
+-------------------+--------+----------+-------------------------------------------------------------------------------------+


+-----------------------------------------------------------------------------------------------------------------------------+
; Port Connectivity Checks: "bdscnn_top:u_bdscnn|mcp_top:u_mcp|mcp_pe:gen_mcp_filters[1].u_pe"                                ;
+-------------------+--------+----------+-------------------------------------------------------------------------------------+
; Port              ; Type   ; Severity ; Details                                                                             ;
+-------------------+--------+----------+-------------------------------------------------------------------------------------+
; weight_in[14..13] ; Input  ; Info     ; Stuck at GND                                                                        ;
; weight_in[7..5]   ; Input  ; Info     ; Stuck at GND                                                                        ;
; weight_in[3..1]   ; Input  ; Info     ; Stuck at GND                                                                        ;
; weight_in[15]     ; Input  ; Info     ; Stuck at VCC                                                                        ;
; weight_in[12]     ; Input  ; Info     ; Stuck at VCC                                                                        ;
; weight_in[11]     ; Input  ; Info     ; Stuck at GND                                                                        ;
; weight_in[10]     ; Input  ; Info     ; Stuck at VCC                                                                        ;
; weight_in[9]      ; Input  ; Info     ; Stuck at GND                                                                        ;
; weight_in[8]      ; Input  ; Info     ; Stuck at VCC                                                                        ;
; weight_in[4]      ; Input  ; Info     ; Stuck at VCC                                                                        ;
; weight_in[0]      ; Input  ; Info     ; Stuck at VCC                                                                        ;
; thresh_in[15..2]  ; Input  ; Info     ; Stuck at GND                                                                        ;
; thresh_in[16]     ; Input  ; Info     ; Stuck at VCC                                                                        ;
; thresh_in[1]      ; Input  ; Info     ; Stuck at VCC                                                                        ;
; thresh_in[0]      ; Input  ; Info     ; Stuck at GND                                                                        ;
; valid_out         ; Output ; Info     ; Connected to dangling logic. Logic that only feeds a dangling port will be removed. ;
+-------------------+--------+----------+-------------------------------------------------------------------------------------+


+----------------------------------------------------------------------------------------------+
; Port Connectivity Checks: "bdscnn_top:u_bdscnn|mcp_top:u_mcp|mcp_pe:gen_mcp_filters[0].u_pe" ;
+-------------------+-------+----------+-------------------------------------------------------+
; Port              ; Type  ; Severity ; Details                                               ;
+-------------------+-------+----------+-------------------------------------------------------+
; weight_in[15..13] ; Input ; Info     ; Stuck at VCC                                          ;
; weight_in[11..8]  ; Input ; Info     ; Stuck at VCC                                          ;
; weight_in[6..4]   ; Input ; Info     ; Stuck at VCC                                          ;
; weight_in[2..0]   ; Input ; Info     ; Stuck at VCC                                          ;
; weight_in[12]     ; Input ; Info     ; Stuck at GND                                          ;
; weight_in[7]      ; Input ; Info     ; Stuck at GND                                          ;
; weight_in[3]      ; Input ; Info     ; Stuck at GND                                          ;
; thresh_in[15..2]  ; Input ; Info     ; Stuck at GND                                          ;
; thresh_in[16]     ; Input ; Info     ; Stuck at VCC                                          ;
; thresh_in[1]      ; Input ; Info     ; Stuck at VCC                                          ;
; thresh_in[0]      ; Input ; Info     ; Stuck at GND                                          ;
+-------------------+-------+----------+-------------------------------------------------------+


+-------------------------------------------------+
; Port Connectivity Checks: "bdscnn_top:u_bdscnn" ;
+---------------+-------+----------+--------------+
; Port          ; Type  ; Severity ; Details      ;
+---------------+-------+----------+--------------+
; rr_data[3..2] ; Input ; Info     ; Stuck at GND ;
; rr_data[1]    ; Input ; Info     ; Stuck at VCC ;
; rr_data[0]    ; Input ; Info     ; Stuck at GND ;
+---------------+-------+----------+--------------+


+-----------------------------------------------------+
; Post-Synthesis Netlist Statistics for Top Partition ;
+-----------------------+-----------------------------+
; Type                  ; Count                       ;
+-----------------------+-----------------------------+
; boundary_port         ; 10                          ;
; cycloneiii_ff         ; 938                         ;
;     CLR               ; 108                         ;
;     CLR SCLR          ; 2                           ;
;     ENA               ; 9                           ;
;     ENA CLR           ; 495                         ;
;     ENA CLR SLD       ; 324                         ;
; cycloneiii_lcell_comb ; 10224                       ;
;     arith             ; 1156                        ;
;         1 data inputs ; 1                           ;
;         2 data inputs ; 518                         ;
;         3 data inputs ; 637                         ;
;     normal            ; 9068                        ;
;         0 data inputs ; 94                          ;
;         1 data inputs ; 79                          ;
;         2 data inputs ; 279                         ;
;         3 data inputs ; 808                         ;
;         4 data inputs ; 7808                        ;
; cycloneiii_ram_block  ; 7                           ;
;                       ;                             ;
; Max LUT depth         ; 16.10                       ;
; Average LUT depth     ; 10.96                       ;
+-----------------------+-----------------------------+


+-------------------------------+
; Elapsed Time Per Partition    ;
+----------------+--------------+
; Partition Name ; Elapsed Time ;
+----------------+--------------+
; Top            ; 00:01:28     ;
+----------------+--------------+


+-------------------------------+
; Analysis & Synthesis Messages ;
+-------------------------------+
Info: *******************************************************************
Info: Running Quartus Prime Analysis & Synthesis
    Info: Version 20.1.1 Build 720 11/11/2020 SJ Lite Edition
    Info: Processing started: Fri Jun 26 16:11:16 2026
Info: Command: quartus_map --read_settings_files=on --write_settings_files=off bdscnn_ecg -c bdscnn_top
Warning (18236): Number of processors has not been specified which may cause overloading on shared machines.  Set the global assignment NUM_PARALLEL_PROCESSORS in your QSF to an appropriate value for best performance.
Info (20030): Parallel compilation is enabled and will use 4 of the 4 processors detected
Info (12021): Found 1 design units, including 1 entities, in source file bdscnn_ecg_tb.sv
    Info (12023): Found entity 1: bdscnn_ecg_tb File: /home/ctw-fpga/Desktop/project/ecg_disease/RTL/rtl/bdscnn_ecg_tb.sv Line: 1
Info (12021): Found 1 design units, including 0 entities, in source file hw_stimulus.sv
    Info (12022): Found design unit 1: hw_stimulus (SystemVerilog) File: /home/ctw-fpga/Desktop/project/ecg_disease/RTL/rtl/hw_stimulus.sv Line: 1
Info (12021): Found 1 design units, including 1 entities, in source file fc1_folded_top_test.sv
    Info (12023): Found entity 1: fc1_folded_top_test File: /home/ctw-fpga/Desktop/project/ecg_disease/RTL/rtl/fc1_folded_top_test.sv Line: 1
Info (12021): Found 1 design units, including 1 entities, in source file uart_rx.sv
    Info (12023): Found entity 1: uart_rx File: /home/ctw-fpga/Desktop/project/ecg_disease/RTL/rtl/uart_rx.sv Line: 14
Info (12021): Found 1 design units, including 1 entities, in source file bdscnn_ecg.sv
    Info (12023): Found entity 1: bdscnn_ecg File: /home/ctw-fpga/Desktop/project/ecg_disease/RTL/rtl/bdscnn_ecg.sv Line: 1
Info (12021): Found 1 design units, including 1 entities, in source file fc1_folded_neuron.sv
    Info (12023): Found entity 1: fc1_folded_neuron File: /home/ctw-fpga/Desktop/project/ecg_disease/RTL/rtl/fc1_folded_neuron.sv Line: 1
Info (12021): Found 1 design units, including 1 entities, in source file fc1_folded_top.sv
    Info (12023): Found entity 1: fc1_folded_top File: /home/ctw-fpga/Desktop/project/ecg_disease/RTL/rtl/fc1_folded_top.sv Line: 1
Info (12021): Found 1 design units, including 0 entities, in source file fc1_constants.sv
    Info (12022): Found design unit 1: fc1_constants (SystemVerilog) File: /home/ctw-fpga/Desktop/project/ecg_disease/RTL/rtl/fc1_constants.sv Line: 1
Info (12021): Found 1 design units, including 1 entities, in source file dw_top.sv
    Info (12023): Found entity 1: dw_top File: /home/ctw-fpga/Desktop/project/ecg_disease/RTL/rtl/dw_top.sv Line: 1
Info (12021): Found 1 design units, including 1 entities, in source file fc1_top.sv
    Info (12023): Found entity 1: fc1_top File: /home/ctw-fpga/Desktop/project/ecg_disease/RTL/rtl/fc1_top.sv Line: 1
Info (12021): Found 1 design units, including 1 entities, in source file fc1_neuron.sv
    Info (12023): Found entity 1: fc1_neuron File: /home/ctw-fpga/Desktop/project/ecg_disease/RTL/rtl/fc1_neuron.sv Line: 1
Info (12021): Found 1 design units, including 1 entities, in source file mcp_pe.sv
    Info (12023): Found entity 1: mcp_pe File: /home/ctw-fpga/Desktop/project/ecg_disease/RTL/rtl/mcp_pe.sv Line: 1
Info (12021): Found 1 design units, including 1 entities, in source file bdscnn_top.sv
    Info (12023): Found entity 1: bdscnn_top File: /home/ctw-fpga/Desktop/project/ecg_disease/RTL/rtl/bdscnn_top.sv Line: 2
Info (12021): Found 1 design units, including 1 entities, in source file fc2_top.sv
    Info (12023): Found entity 1: fc2_top File: /home/ctw-fpga/Desktop/project/ecg_disease/RTL/rtl/fc2_top.sv Line: 1
Info (12021): Found 1 design units, including 1 entities, in source file popcount.sv
    Info (12023): Found entity 1: popcount File: /home/ctw-fpga/Desktop/project/ecg_disease/RTL/rtl/popcount.sv Line: 1
Info (12021): Found 1 design units, including 1 entities, in source file window3x3s1.sv
    Info (12023): Found entity 1: window3x3s1 File: /home/ctw-fpga/Desktop/project/ecg_disease/RTL/rtl/window3x3s1.sv Line: 1
Info (12021): Found 1 design units, including 1 entities, in source file mcp_top.sv
    Info (12023): Found entity 1: mcp_top File: /home/ctw-fpga/Desktop/project/ecg_disease/RTL/rtl/mcp_top.sv Line: 1
Info (12021): Found 1 design units, including 1 entities, in source file pw_top.sv
    Info (12023): Found entity 1: pw_top File: /home/ctw-fpga/Desktop/project/ecg_disease/RTL/rtl/pw_top.sv Line: 1
Info (12021): Found 1 design units, including 1 entities, in source file window4x4s2.sv
    Info (12023): Found entity 1: window4x4s2 File: /home/ctw-fpga/Desktop/project/ecg_disease/RTL/rtl/window4x4s2.sv Line: 1
Info (12021): Found 1 design units, including 1 entities, in source file pw_pe.sv
    Info (12023): Found entity 1: pw_pe File: /home/ctw-fpga/Desktop/project/ecg_disease/RTL/rtl/pw_pe.sv Line: 1
Info (12021): Found 1 design units, including 1 entities, in source file dw_pe.sv
    Info (12023): Found entity 1: dw_pe File: /home/ctw-fpga/Desktop/project/ecg_disease/RTL/rtl/dw_pe.sv Line: 1
Info (12127): Elaborating entity "bdscnn_ecg_tb" for the top level hierarchy
Info (12128): Elaborating entity "bdscnn_top" for hierarchy "bdscnn_top:u_bdscnn" File: /home/ctw-fpga/Desktop/project/ecg_disease/RTL/rtl/bdscnn_ecg_tb.sv Line: 31
Info (12128): Elaborating entity "mcp_top" for hierarchy "bdscnn_top:u_bdscnn|mcp_top:u_mcp" File: /home/ctw-fpga/Desktop/project/ecg_disease/RTL/rtl/bdscnn_top.sv Line: 39
Info (12128): Elaborating entity "window4x4s2" for hierarchy "bdscnn_top:u_bdscnn|mcp_top:u_mcp|window4x4s2:u_window" File: /home/ctw-fpga/Desktop/project/ecg_disease/RTL/rtl/mcp_top.sv Line: 27
Info (12128): Elaborating entity "mcp_pe" for hierarchy "bdscnn_top:u_bdscnn|mcp_top:u_mcp|mcp_pe:gen_mcp_filters[0].u_pe" File: /home/ctw-fpga/Desktop/project/ecg_disease/RTL/rtl/mcp_top.sv Line: 63
Info (12128): Elaborating entity "popcount" for hierarchy "bdscnn_top:u_bdscnn|mcp_top:u_mcp|mcp_pe:gen_mcp_filters[0].u_pe|popcount:u_pop" File: /home/ctw-fpga/Desktop/project/ecg_disease/RTL/rtl/mcp_pe.sv Line: 34
Info (12128): Elaborating entity "dw_top" for hierarchy "bdscnn_top:u_bdscnn|dw_top:u_dw" File: /home/ctw-fpga/Desktop/project/ecg_disease/RTL/rtl/bdscnn_top.sv Line: 49
Info (12128): Elaborating entity "window3x3s1" for hierarchy "bdscnn_top:u_bdscnn|dw_top:u_dw|window3x3s1:u_window" File: /home/ctw-fpga/Desktop/project/ecg_disease/RTL/rtl/dw_top.sv Line: 30
Warning (10230): Verilog HDL assignment warning at window3x3s1.sv(82): truncated value with size 32 to match size of target (4) File: /home/ctw-fpga/Desktop/project/ecg_disease/RTL/rtl/window3x3s1.sv Line: 82
Warning (10230): Verilog HDL assignment warning at window3x3s1.sv(85): truncated value with size 32 to match size of target (4) File: /home/ctw-fpga/Desktop/project/ecg_disease/RTL/rtl/window3x3s1.sv Line: 85
Info (12128): Elaborating entity "dw_pe" for hierarchy "bdscnn_top:u_bdscnn|dw_top:u_dw|dw_pe:pe_ch0" File: /home/ctw-fpga/Desktop/project/ecg_disease/RTL/rtl/dw_top.sv Line: 71
Info (12128): Elaborating entity "popcount" for hierarchy "bdscnn_top:u_bdscnn|dw_top:u_dw|dw_pe:pe_ch0|popcount:popcount" File: /home/ctw-fpga/Desktop/project/ecg_disease/RTL/rtl/dw_pe.sv Line: 44
Info (12128): Elaborating entity "pw_top" for hierarchy "bdscnn_top:u_bdscnn|pw_top:u_pw" File: /home/ctw-fpga/Desktop/project/ecg_disease/RTL/rtl/bdscnn_top.sv Line: 59
Info (12128): Elaborating entity "pw_pe" for hierarchy "bdscnn_top:u_bdscnn|pw_top:u_pw|pw_pe:gen_pw_neurons[0].u_pe" File: /home/ctw-fpga/Desktop/project/ecg_disease/RTL/rtl/pw_top.sv Line: 76
Info (12128): Elaborating entity "fc1_folded_top" for hierarchy "bdscnn_top:u_bdscnn|fc1_folded_top:u_fc1" File: /home/ctw-fpga/Desktop/project/ecg_disease/RTL/rtl/bdscnn_top.sv Line: 70
Info (12128): Elaborating entity "fc1_folded_neuron" for hierarchy "bdscnn_top:u_bdscnn|fc1_folded_top:u_fc1|fc1_folded_neuron:gen_fc1_neurons[0].u_neuron" File: /home/ctw-fpga/Desktop/project/ecg_disease/RTL/rtl/fc1_folded_top.sv Line: 62
Info (12128): Elaborating entity "popcount" for hierarchy "bdscnn_top:u_bdscnn|fc1_folded_top:u_fc1|fc1_folded_neuron:gen_fc1_neurons[0].u_neuron|popcount:pc_fm" File: /home/ctw-fpga/Desktop/project/ecg_disease/RTL/rtl/fc1_folded_neuron.sv Line: 29
Info (12128): Elaborating entity "popcount" for hierarchy "bdscnn_top:u_bdscnn|fc1_folded_top:u_fc1|fc1_folded_neuron:gen_fc1_neurons[0].u_neuron|popcount:pc_rr" File: /home/ctw-fpga/Desktop/project/ecg_disease/RTL/rtl/fc1_folded_neuron.sv Line: 36
Info (12128): Elaborating entity "fc2_top" for hierarchy "bdscnn_top:u_bdscnn|fc2_top:u_fc2" File: /home/ctw-fpga/Desktop/project/ecg_disease/RTL/rtl/bdscnn_top.sv Line: 80
Info (12128): Elaborating entity "popcount" for hierarchy "bdscnn_top:u_bdscnn|fc2_top:u_fc2|popcount:pc_0" File: /home/ctw-fpga/Desktop/project/ecg_disease/RTL/rtl/fc2_top.sv Line: 142
Info (19000): Inferred 2 megafunctions from design logic
    Info (276034): Inferred altshift_taps megafunction from the following design logic: "bdscnn_top:u_bdscnn|mcp_top:u_mcp|window4x4s2:u_window|row1_rtl_0"
        Info (286033): Parameter NUMBER_OF_TAPS set to 3
        Info (286033): Parameter TAP_DISTANCE set to 32
        Info (286033): Parameter WIDTH set to 1
    Info (276034): Inferred altshift_taps megafunction from the following design logic: "bdscnn_top:u_bdscnn|dw_top:u_dw|window3x3s1:u_window|buff_row1_rtl_0"
        Info (286033): Parameter NUMBER_OF_TAPS set to 2
        Info (286033): Parameter TAP_DISTANCE set to 15
        Info (286033): Parameter WIDTH set to 2
Info (12130): Elaborated megafunction instantiation "bdscnn_top:u_bdscnn|mcp_top:u_mcp|window4x4s2:u_window|altshift_taps:row1_rtl_0"
Info (12133): Instantiated megafunction "bdscnn_top:u_bdscnn|mcp_top:u_mcp|window4x4s2:u_window|altshift_taps:row1_rtl_0" with the following parameter:
    Info (12134): Parameter "NUMBER_OF_TAPS" = "3"
    Info (12134): Parameter "TAP_DISTANCE" = "32"
    Info (12134): Parameter "WIDTH" = "1"
Info (12021): Found 1 design units, including 1 entities, in source file db/shift_taps_fgm.tdf
    Info (12023): Found entity 1: shift_taps_fgm File: /home/ctw-fpga/Desktop/project/ecg_disease/RTL/rtl/db/shift_taps_fgm.tdf Line: 29
Info (12021): Found 1 design units, including 1 entities, in source file db/altsyncram_kca1.tdf
    Info (12023): Found entity 1: altsyncram_kca1 File: /home/ctw-fpga/Desktop/project/ecg_disease/RTL/rtl/db/altsyncram_kca1.tdf Line: 28
Info (12021): Found 1 design units, including 1 entities, in source file db/cntr_f5f.tdf
    Info (12023): Found entity 1: cntr_f5f File: /home/ctw-fpga/Desktop/project/ecg_disease/RTL/rtl/db/cntr_f5f.tdf Line: 28
Info (12021): Found 1 design units, including 1 entities, in source file db/cmpr_hrb.tdf
    Info (12023): Found entity 1: cmpr_hrb File: /home/ctw-fpga/Desktop/project/ecg_disease/RTL/rtl/db/cmpr_hrb.tdf Line: 23
Info (12021): Found 1 design units, including 1 entities, in source file db/cntr_5lg.tdf
    Info (12023): Found entity 1: cntr_5lg File: /home/ctw-fpga/Desktop/project/ecg_disease/RTL/rtl/db/cntr_5lg.tdf Line: 26
Info (12130): Elaborated megafunction instantiation "bdscnn_top:u_bdscnn|dw_top:u_dw|window3x3s1:u_window|altshift_taps:buff_row1_rtl_0"
Info (12133): Instantiated megafunction "bdscnn_top:u_bdscnn|dw_top:u_dw|window3x3s1:u_window|altshift_taps:buff_row1_rtl_0" with the following parameter:
    Info (12134): Parameter "NUMBER_OF_TAPS" = "2"
    Info (12134): Parameter "TAP_DISTANCE" = "15"
    Info (12134): Parameter "WIDTH" = "2"
Info (12021): Found 1 design units, including 1 entities, in source file db/shift_taps_ggm.tdf
    Info (12023): Found entity 1: shift_taps_ggm File: /home/ctw-fpga/Desktop/project/ecg_disease/RTL/rtl/db/shift_taps_ggm.tdf Line: 29
Info (12021): Found 1 design units, including 1 entities, in source file db/altsyncram_mca1.tdf
    Info (12023): Found entity 1: altsyncram_mca1 File: /home/ctw-fpga/Desktop/project/ecg_disease/RTL/rtl/db/altsyncram_mca1.tdf Line: 28
Info (12021): Found 1 design units, including 1 entities, in source file db/cntr_g5f.tdf
    Info (12023): Found entity 1: cntr_g5f File: /home/ctw-fpga/Desktop/project/ecg_disease/RTL/rtl/db/cntr_g5f.tdf Line: 28
Info (12021): Found 1 design units, including 1 entities, in source file db/cmpr_grb.tdf
    Info (12023): Found entity 1: cmpr_grb File: /home/ctw-fpga/Desktop/project/ecg_disease/RTL/rtl/db/cmpr_grb.tdf Line: 23
Info (12021): Found 1 design units, including 1 entities, in source file db/cntr_6lg.tdf
    Info (12023): Found entity 1: cntr_6lg File: /home/ctw-fpga/Desktop/project/ecg_disease/RTL/rtl/db/cntr_6lg.tdf Line: 26
Info (13000): Registers with preset signals will power-up high File: /home/ctw-fpga/Desktop/project/ecg_disease/RTL/rtl/db/shift_taps_ggm.tdf Line: 40
Info (13003): DEV_CLRn pin will set, and not reset, register with preset signal due to NOT Gate Push-Back
Warning (13024): Output pins are stuck at VCC or GND
    Warning (13410): Pin "ledr[3]" is stuck at GND File: /home/ctw-fpga/Desktop/project/ecg_disease/RTL/rtl/bdscnn_ecg_tb.sv Line: 5
    Warning (13410): Pin "ledr[4]" is stuck at GND File: /home/ctw-fpga/Desktop/project/ecg_disease/RTL/rtl/bdscnn_ecg_tb.sv Line: 5
    Warning (13410): Pin "ledr[5]" is stuck at GND File: /home/ctw-fpga/Desktop/project/ecg_disease/RTL/rtl/bdscnn_ecg_tb.sv Line: 5
    Warning (13410): Pin "ledr[6]" is stuck at GND File: /home/ctw-fpga/Desktop/project/ecg_disease/RTL/rtl/bdscnn_ecg_tb.sv Line: 5
Info (286030): Timing-Driven Synthesis is running
Info (17049): 27 registers lost all their fanouts during netlist optimizations.
Info (16010): Generating hard_block partition "hard_block:auto_generated_inst"
    Info (16011): Adding 0 node(s), including 0 DDIO, 0 PLL, 0 transceiver and 0 LCELL
Info (21057): Implemented 10660 device resources after synthesis - the final resource count might be different
    Info (21058): Implemented 2 input pins
    Info (21059): Implemented 8 output pins
    Info (21061): Implemented 10643 logic cells
    Info (21064): Implemented 7 RAM segments
Info: Quartus Prime Analysis & Synthesis was successful. 0 errors, 8 warnings
    Info: Peak virtual memory: 815 megabytes
    Info: Processing ended: Fri Jun 26 16:12:55 2026
    Info: Elapsed time: 00:01:39
    Info: Total CPU time (on all processors): 00:01:50


