Fitter report for bdscnn_quickdraw
Fri Jul 10 23:00:17 2026
Quartus Prime Version 20.1.1 Build 720 11/11/2020 SJ Lite Edition


---------------------
; Table of Contents ;
---------------------
  1. Legal Notice
  2. Fitter Summary
  3. Fitter Settings
  4. Parallel Compilation
  5. Ignored Assignments
  6. Incremental Compilation Preservation Summary
  7. Incremental Compilation Partition Settings
  8. Incremental Compilation Placement Preservation
  9. Pin-Out File
 10. Fitter Resource Usage Summary
 11. Fitter Partition Statistics
 12. Input Pins
 13. Output Pins
 14. Dual Purpose and Dedicated Pins
 15. I/O Bank Usage
 16. All Package Pins
 17. I/O Assignment Warnings
 18. Fitter Resource Utilization by Entity
 19. Delay Chain Summary
 20. Pad To Core Delay Chain Fanout
 21. Control Signals
 22. Global & Other Fast Signals
 23. Non-Global High Fan-Out Signals
 24. Fitter RAM Summary
 25. Routing Usage Summary
 26. LAB Logic Elements
 27. LAB-wide Signals
 28. LAB Signals Sourced
 29. LAB Signals Sourced Out
 30. LAB Distinct Inputs
 31. I/O Rules Summary
 32. I/O Rules Details
 33. I/O Rules Matrix
 34. Fitter Device Options
 35. Operating Settings and Conditions
 36. Estimated Delay Added for Hold Timing Summary
 37. Estimated Delay Added for Hold Timing Details
 38. Fitter Messages
 39. Fitter Suppressed Messages



----------------
; Legal Notice ;
----------------
Copyright (C) 2020  Intel Corporation. All rights reserved.
Your use of Intel Corporation's design tools, logic functions 
and other software and tools, and any partner logic 
functions, and any output files from any of the foregoing 
(including device programming or simulation files), and any 
associated documentation or information are expressly subject 
to the terms and conditions of the Intel Program License 
Subscription Agreement, the Intel Quartus Prime License Agreement,
the Intel FPGA IP License Agreement, or other applicable license
agreement, including, without limitation, that your use is for
the sole purpose of programming logic devices manufactured by
Intel and sold by Intel or its authorized distributors.  Please
refer to the applicable agreement for further details, at
https://fpgasoftware.intel.com/eula.



+----------------------------------------------------------------------------------+
; Fitter Summary                                                                   ;
+------------------------------------+---------------------------------------------+
; Fitter Status                      ; Successful - Fri Jul 10 23:00:16 2026       ;
; Quartus Prime Version              ; 20.1.1 Build 720 11/11/2020 SJ Lite Edition ;
; Revision Name                      ; bdscnn_quickdraw                            ;
; Top-level Entity Name              ; bdscnn_top                                  ;
; Family                             ; MAX 10                                      ;
; Device                             ; 10M50DAF484C7G                              ;
; Timing Models                      ; Final                                       ;
; Total logic elements               ; 18,325 / 49,760 ( 37 % )                    ;
;     Total combinational functions  ; 17,943 / 49,760 ( 36 % )                    ;
;     Dedicated logic registers      ; 2,241 / 49,760 ( 5 % )                      ;
; Total registers                    ; 2241                                        ;
; Total pins                         ; 9 / 360 ( 3 % )                             ;
; Total virtual pins                 ; 0                                           ;
; Total memory bits                  ; 112 / 1,677,312 ( < 1 % )                   ;
; Embedded Multiplier 9-bit elements ; 0 / 288 ( 0 % )                             ;
; Total PLLs                         ; 0 / 4 ( 0 % )                               ;
; UFM blocks                         ; 0 / 1 ( 0 % )                               ;
; ADC blocks                         ; 0 / 2 ( 0 % )                               ;
+------------------------------------+---------------------------------------------+


+----------------------------------------------------------------------------------------------------------------------------------------------------+
; Fitter Settings                                                                                                                                    ;
+--------------------------------------------------------------------+---------------------------------------+---------------------------------------+
; Option                                                             ; Setting                               ; Default Value                         ;
+--------------------------------------------------------------------+---------------------------------------+---------------------------------------+
; Device                                                             ; 10M50DAF484C7G                        ;                                       ;
; Minimum Core Junction Temperature                                  ; 0                                     ;                                       ;
; Maximum Core Junction Temperature                                  ; 85                                    ;                                       ;
; Fit Attempts to Skip                                               ; 0                                     ; 0.0                                   ;
; Use smart compilation                                              ; Off                                   ; Off                                   ;
; Enable parallel Assembler and Timing Analyzer during compilation   ; On                                    ; On                                    ;
; Enable compact report table                                        ; Off                                   ; Off                                   ;
; Auto Merge PLLs                                                    ; On                                    ; On                                    ;
; Router Timing Optimization Level                                   ; Normal                                ; Normal                                ;
; Perform Clocking Topology Analysis During Routing                  ; Off                                   ; Off                                   ;
; Placement Effort Multiplier                                        ; 1.0                                   ; 1.0                                   ;
; Router Effort Multiplier                                           ; 1.0                                   ; 1.0                                   ;
; Optimize Hold Timing                                               ; All Paths                             ; All Paths                             ;
; Optimize Multi-Corner Timing                                       ; On                                    ; On                                    ;
; Power Optimization During Fitting                                  ; Normal compilation                    ; Normal compilation                    ;
; SSN Optimization                                                   ; Off                                   ; Off                                   ;
; Optimize Timing                                                    ; Normal compilation                    ; Normal compilation                    ;
; Optimize Timing for ECOs                                           ; Off                                   ; Off                                   ;
; Regenerate Full Fit Report During ECO Compiles                     ; Off                                   ; Off                                   ;
; Optimize IOC Register Placement for Timing                         ; Normal                                ; Normal                                ;
; Final Placement Optimizations                                      ; Automatically                         ; Automatically                         ;
; Fitter Initial Placement Seed                                      ; 1                                     ; 1                                     ;
; Periphery to Core Placement and Routing Optimization               ; Off                                   ; Off                                   ;
; PCI I/O                                                            ; Off                                   ; Off                                   ;
; Weak Pull-Up Resistor                                              ; Off                                   ; Off                                   ;
; Enable Bus-Hold Circuitry                                          ; Off                                   ; Off                                   ;
; Auto Packed Registers                                              ; Auto                                  ; Auto                                  ;
; Auto Delay Chains                                                  ; On                                    ; On                                    ;
; Auto Delay Chains for High Fanout Input Pins                       ; Off                                   ; Off                                   ;
; Allow Single-ended Buffer for Differential-XSTL Input              ; Off                                   ; Off                                   ;
; Treat Bidirectional Pin as Output Pin                              ; Off                                   ; Off                                   ;
; Perform Physical Synthesis for Combinational Logic for Fitting     ; Off                                   ; Off                                   ;
; Perform Physical Synthesis for Combinational Logic for Performance ; Off                                   ; Off                                   ;
; Perform Register Duplication for Performance                       ; Off                                   ; Off                                   ;
; Perform Logic to Memory Mapping for Fitting                        ; Off                                   ; Off                                   ;
; Perform Register Retiming for Performance                          ; Off                                   ; Off                                   ;
; Perform Asynchronous Signal Pipelining                             ; Off                                   ; Off                                   ;
; Fitter Effort                                                      ; Auto Fit                              ; Auto Fit                              ;
; Physical Synthesis Effort Level                                    ; Normal                                ; Normal                                ;
; Logic Cell Insertion - Logic Duplication                           ; Auto                                  ; Auto                                  ;
; Auto Register Duplication                                          ; Auto                                  ; Auto                                  ;
; Auto Global Clock                                                  ; On                                    ; On                                    ;
; Auto Global Register Control Signals                               ; On                                    ; On                                    ;
; Reserve all unused pins                                            ; As input tri-stated with weak pull-up ; As input tri-stated with weak pull-up ;
; Synchronizer Identification                                        ; Auto                                  ; Auto                                  ;
; Enable Beneficial Skew Optimization                                ; On                                    ; On                                    ;
; Optimize Design for Metastability                                  ; On                                    ; On                                    ;
; Force Fitter to Avoid Periphery Placement Warnings                 ; Off                                   ; Off                                   ;
; Enable input tri-state on active configuration pins in user mode   ; Off                                   ; Off                                   ;
+--------------------------------------------------------------------+---------------------------------------+---------------------------------------+


+------------------------------------------+
; Parallel Compilation                     ;
+----------------------------+-------------+
; Processors                 ; Number      ;
+----------------------------+-------------+
; Number detected on machine ; 8           ;
; Maximum allowed            ; 4           ;
;                            ;             ;
; Average used               ; 1.41        ;
; Maximum used               ; 4           ;
;                            ;             ;
; Usage by Processor         ; % Time Used ;
;     Processor 1            ; 100.0%      ;
;     Processor 2            ;  13.8%      ;
;     Processor 3            ;  13.7%      ;
;     Processor 4            ;  13.6%      ;
+----------------------------+-------------+


+----------------------------------------------------------------------------------------+
; Ignored Assignments                                                                    ;
+----------+----------------+--------------+------------+---------------+----------------+
; Name     ; Ignored Entity ; Ignored From ; Ignored To ; Ignored Value ; Ignored Source ;
+----------+----------------+--------------+------------+---------------+----------------+
; Location ;                ;              ; hex0[0]    ; PIN_C14       ; QSF Assignment ;
; Location ;                ;              ; hex0[1]    ; PIN_E15       ; QSF Assignment ;
; Location ;                ;              ; hex0[2]    ; PIN_C15       ; QSF Assignment ;
; Location ;                ;              ; hex0[3]    ; PIN_C16       ; QSF Assignment ;
; Location ;                ;              ; hex0[4]    ; PIN_E16       ; QSF Assignment ;
; Location ;                ;              ; hex0[5]    ; PIN_D17       ; QSF Assignment ;
; Location ;                ;              ; hex0[6]    ; PIN_C17       ; QSF Assignment ;
; Location ;                ;              ; hex1[0]    ; PIN_C18       ; QSF Assignment ;
; Location ;                ;              ; hex1[1]    ; PIN_D18       ; QSF Assignment ;
; Location ;                ;              ; hex1[2]    ; PIN_E18       ; QSF Assignment ;
; Location ;                ;              ; hex1[3]    ; PIN_B16       ; QSF Assignment ;
; Location ;                ;              ; hex1[4]    ; PIN_A17       ; QSF Assignment ;
; Location ;                ;              ; hex1[5]    ; PIN_A18       ; QSF Assignment ;
; Location ;                ;              ; hex1[6]    ; PIN_B17       ; QSF Assignment ;
; Location ;                ;              ; hex2[0]    ; PIN_B20       ; QSF Assignment ;
; Location ;                ;              ; hex2[1]    ; PIN_A20       ; QSF Assignment ;
; Location ;                ;              ; hex2[2]    ; PIN_B19       ; QSF Assignment ;
; Location ;                ;              ; hex2[3]    ; PIN_A21       ; QSF Assignment ;
; Location ;                ;              ; hex2[4]    ; PIN_B21       ; QSF Assignment ;
; Location ;                ;              ; hex2[5]    ; PIN_C22       ; QSF Assignment ;
; Location ;                ;              ; hex2[6]    ; PIN_B22       ; QSF Assignment ;
; Location ;                ;              ; hex3[0]    ; PIN_F21       ; QSF Assignment ;
; Location ;                ;              ; hex3[1]    ; PIN_E22       ; QSF Assignment ;
; Location ;                ;              ; hex3[2]    ; PIN_E21       ; QSF Assignment ;
; Location ;                ;              ; hex3[3]    ; PIN_C19       ; QSF Assignment ;
; Location ;                ;              ; hex3[4]    ; PIN_C20       ; QSF Assignment ;
; Location ;                ;              ; hex3[5]    ; PIN_D19       ; QSF Assignment ;
; Location ;                ;              ; hex3[6]    ; PIN_E17       ; QSF Assignment ;
; Location ;                ;              ; hex4[0]    ; PIN_F18       ; QSF Assignment ;
; Location ;                ;              ; hex4[1]    ; PIN_E20       ; QSF Assignment ;
; Location ;                ;              ; hex4[2]    ; PIN_E19       ; QSF Assignment ;
; Location ;                ;              ; hex4[3]    ; PIN_J18       ; QSF Assignment ;
; Location ;                ;              ; hex4[4]    ; PIN_H19       ; QSF Assignment ;
; Location ;                ;              ; hex4[5]    ; PIN_F19       ; QSF Assignment ;
; Location ;                ;              ; hex4[6]    ; PIN_F20       ; QSF Assignment ;
; Location ;                ;              ; hex5[0]    ; PIN_J20       ; QSF Assignment ;
; Location ;                ;              ; hex5[1]    ; PIN_K20       ; QSF Assignment ;
; Location ;                ;              ; hex5[2]    ; PIN_L18       ; QSF Assignment ;
; Location ;                ;              ; hex5[3]    ; PIN_N18       ; QSF Assignment ;
; Location ;                ;              ; hex5[4]    ; PIN_M20       ; QSF Assignment ;
; Location ;                ;              ; hex5[5]    ; PIN_N19       ; QSF Assignment ;
; Location ;                ;              ; hex5[6]    ; PIN_N20       ; QSF Assignment ;
; Location ;                ;              ; ledr[0]    ; PIN_A8        ; QSF Assignment ;
; Location ;                ;              ; ledr[1]    ; PIN_A9        ; QSF Assignment ;
; Location ;                ;              ; ledr[2]    ; PIN_A10       ; QSF Assignment ;
; Location ;                ;              ; ledr[3]    ; PIN_B10       ; QSF Assignment ;
; Location ;                ;              ; ledr[4]    ; PIN_D13       ; QSF Assignment ;
; Location ;                ;              ; ledr[5]    ; PIN_C13       ; QSF Assignment ;
; Location ;                ;              ; ledr[6]    ; PIN_E14       ; QSF Assignment ;
; Location ;                ;              ; ledr[7]    ; PIN_D14       ; QSF Assignment ;
; Location ;                ;              ; ledr[8]    ; PIN_A11       ; QSF Assignment ;
; Location ;                ;              ; ledr[9]    ; PIN_B11       ; QSF Assignment ;
+----------+----------------+--------------+------------+---------------+----------------+


+----------------------------------------------------------------------------------------------------+
; Incremental Compilation Preservation Summary                                                       ;
+---------------------+----------------------+----------------------------+--------------------------+
; Type                ; Total [A + B]        ; From Design Partitions [A] ; From Rapid Recompile [B] ;
+---------------------+----------------------+----------------------------+--------------------------+
; Placement (by node) ;                      ;                            ;                          ;
;     -- Requested    ; 0.00 % ( 0 / 19840 ) ; 0.00 % ( 0 / 19840 )       ; 0.00 % ( 0 / 19840 )     ;
;     -- Achieved     ; 0.00 % ( 0 / 19840 ) ; 0.00 % ( 0 / 19840 )       ; 0.00 % ( 0 / 19840 )     ;
;                     ;                      ;                            ;                          ;
; Routing (by net)    ;                      ;                            ;                          ;
;     -- Requested    ; 0.00 % ( 0 / 0 )     ; 0.00 % ( 0 / 0 )           ; 0.00 % ( 0 / 0 )         ;
;     -- Achieved     ; 0.00 % ( 0 / 0 )     ; 0.00 % ( 0 / 0 )           ; 0.00 % ( 0 / 0 )         ;
+---------------------+----------------------+----------------------------+--------------------------+


+----------------------------------------------------------------------------------------------------------------------------------------------------------------------------------------+
; Incremental Compilation Partition Settings                                                                                                                                             ;
+--------------------------------+----------------+-------------------+-------------------------+------------------------+------------------------------+--------------------------------+
; Partition Name                 ; Partition Type ; Netlist Type Used ; Preservation Level Used ; Netlist Type Requested ; Preservation Level Requested ; Contents                       ;
+--------------------------------+----------------+-------------------+-------------------------+------------------------+------------------------------+--------------------------------+
; Top                            ; User-created   ; Source File       ; N/A                     ; Source File            ; N/A                          ;                                ;
; hard_block:auto_generated_inst ; Auto-generated ; Source File       ; N/A                     ; Source File            ; N/A                          ; hard_block:auto_generated_inst ;
+--------------------------------+----------------+-------------------+-------------------------+------------------------+------------------------------+--------------------------------+


+------------------------------------------------------------------------------------------------------------------------------------+
; Incremental Compilation Placement Preservation                                                                                     ;
+--------------------------------+-----------------------+-------------------------+-------------------+---------------------+-------+
; Partition Name                 ; Preservation Achieved ; Preservation Level Used ; Netlist Type Used ; Preservation Method ; Notes ;
+--------------------------------+-----------------------+-------------------------+-------------------+---------------------+-------+
; Top                            ; 0.00 % ( 0 / 19824 )  ; N/A                     ; Source File       ; N/A                 ;       ;
; hard_block:auto_generated_inst ; 0.00 % ( 0 / 16 )     ; N/A                     ; Source File       ; N/A                 ;       ;
+--------------------------------+-----------------------+-------------------------+-------------------+---------------------+-------+


+--------------+
; Pin-Out File ;
+--------------+
The pin-out file can be found in /home/huyatieo/Desktop/project/BNN/quick_draw/RTL/rtl/output_files/bdscnn_quickdraw.pin.


+--------------------------------------------------------------------------+
; Fitter Resource Usage Summary                                            ;
+---------------------------------------------+----------------------------+
; Resource                                    ; Usage                      ;
+---------------------------------------------+----------------------------+
; Total logic elements                        ; 18,325 / 49,760 ( 37 % )   ;
;     -- Combinational with no register       ; 16084                      ;
;     -- Register only                        ; 382                        ;
;     -- Combinational with a register        ; 1859                       ;
;                                             ;                            ;
; Logic element usage by number of LUT inputs ;                            ;
;     -- 4 input functions                    ; 12226                      ;
;     -- 3 input functions                    ; 3534                       ;
;     -- <=2 input functions                  ; 2183                       ;
;     -- Register only                        ; 382                        ;
;                                             ;                            ;
; Logic elements by mode                      ;                            ;
;     -- normal mode                          ; 15607                      ;
;     -- arithmetic mode                      ; 2336                       ;
;                                             ;                            ;
; Total registers*                            ; 2,241 / 51,509 ( 4 % )     ;
;     -- Dedicated logic registers            ; 2,241 / 49,760 ( 5 % )     ;
;     -- I/O registers                        ; 0 / 1,749 ( 0 % )          ;
;                                             ;                            ;
; Total LABs:  partially or completely used   ; 1,341 / 3,110 ( 43 % )     ;
; Virtual pins                                ; 0                          ;
; I/O pins                                    ; 9 / 360 ( 3 % )            ;
;     -- Clock pins                           ; 1 / 8 ( 13 % )             ;
;     -- Dedicated input pins                 ; 1 / 1 ( 100 % )            ;
;                                             ;                            ;
; M9Ks                                        ; 2 / 182 ( 1 % )            ;
; UFM blocks                                  ; 0 / 1 ( 0 % )              ;
; ADC blocks                                  ; 0 / 2 ( 0 % )              ;
; Total block memory bits                     ; 112 / 1,677,312 ( < 1 % )  ;
; Total block memory implementation bits      ; 18,432 / 1,677,312 ( 1 % ) ;
; Embedded Multiplier 9-bit elements          ; 0 / 288 ( 0 % )            ;
; PLLs                                        ; 0 / 4 ( 0 % )              ;
; Global signals                              ; 1                          ;
;     -- Global clocks                        ; 1 / 20 ( 5 % )             ;
; JTAGs                                       ; 0 / 1 ( 0 % )              ;
; CRC blocks                                  ; 0 / 1 ( 0 % )              ;
; Remote update blocks                        ; 0 / 1 ( 0 % )              ;
; Oscillator blocks                           ; 0 / 1 ( 0 % )              ;
; Impedance control blocks                    ; 0 / 1 ( 0 % )              ;
; Average interconnect usage (total/H/V)      ; 11.9% / 11.5% / 12.5%      ;
; Peak interconnect usage (total/H/V)         ; 46.1% / 45.5% / 47.0%      ;
; Maximum fan-out                             ; 4647                       ;
; Highest non-global fan-out                  ; 4647                       ;
; Total fan-out                               ; 73624                      ;
; Average fan-out                             ; 3.59                       ;
+---------------------------------------------+----------------------------+
*  Register count does not include registers inside RAM blocks or DSP blocks.



+-------------------------------------------------------------------------------------------------------+
; Fitter Partition Statistics                                                                           ;
+---------------------------------------------+------------------------+--------------------------------+
; Statistic                                   ; Top                    ; hard_block:auto_generated_inst ;
+---------------------------------------------+------------------------+--------------------------------+
; Difficulty Clustering Region                ; Low                    ; Low                            ;
;                                             ;                        ;                                ;
; Total logic elements                        ; 18325 / 49760 ( 37 % ) ; 0 / 49760 ( 0 % )              ;
;     -- Combinational with no register       ; 16084                  ; 0                              ;
;     -- Register only                        ; 382                    ; 0                              ;
;     -- Combinational with a register        ; 1859                   ; 0                              ;
;                                             ;                        ;                                ;
; Logic element usage by number of LUT inputs ;                        ;                                ;
;     -- 4 input functions                    ; 12226                  ; 0                              ;
;     -- 3 input functions                    ; 3534                   ; 0                              ;
;     -- <=2 input functions                  ; 2183                   ; 0                              ;
;     -- Register only                        ; 382                    ; 0                              ;
;                                             ;                        ;                                ;
; Logic elements by mode                      ;                        ;                                ;
;     -- normal mode                          ; 15607                  ; 0                              ;
;     -- arithmetic mode                      ; 2336                   ; 0                              ;
;                                             ;                        ;                                ;
; Total registers                             ; 2241                   ; 0                              ;
;     -- Dedicated logic registers            ; 2241 / 49760 ( 5 % )   ; 0 / 49760 ( 0 % )              ;
;     -- I/O registers                        ; 0                      ; 0                              ;
;                                             ;                        ;                                ;
; Total LABs:  partially or completely used   ; 1341 / 3110 ( 43 % )   ; 0 / 3110 ( 0 % )               ;
;                                             ;                        ;                                ;
; Virtual pins                                ; 0                      ; 0                              ;
; I/O pins                                    ; 9                      ; 0                              ;
; Embedded Multiplier 9-bit elements          ; 0 / 288 ( 0 % )        ; 0 / 288 ( 0 % )                ;
; Total memory bits                           ; 112                    ; 0                              ;
; Total RAM block bits                        ; 18432                  ; 0                              ;
; M9K                                         ; 2 / 182 ( 1 % )        ; 0 / 182 ( 0 % )                ;
; Clock control block                         ; 1 / 24 ( 4 % )         ; 0 / 24 ( 0 % )                 ;
; User Flash Memory                           ; 1 / 1 ( 100 % )        ; 0 / 1 ( 0 % )                  ;
; Analog-to-Digital Converter                 ; 2 / 2 ( 100 % )        ; 0 / 2 ( 0 % )                  ;
;                                             ;                        ;                                ;
; Connections                                 ;                        ;                                ;
;     -- Input Connections                    ; 0                      ; 0                              ;
;     -- Registered Input Connections         ; 0                      ; 0                              ;
;     -- Output Connections                   ; 0                      ; 0                              ;
;     -- Registered Output Connections        ; 0                      ; 0                              ;
;                                             ;                        ;                                ;
; Internal Connections                        ;                        ;                                ;
;     -- Total Connections                    ; 73640                  ; 8                              ;
;     -- Registered Connections               ; 41242                  ; 0                              ;
;                                             ;                        ;                                ;
; External Connections                        ;                        ;                                ;
;     -- Top                                  ; 0                      ; 0                              ;
;     -- hard_block:auto_generated_inst       ; 0                      ; 0                              ;
;                                             ;                        ;                                ;
; Partition Interface                         ;                        ;                                ;
;     -- Input Ports                          ; 4                      ; 0                              ;
;     -- Output Ports                         ; 5                      ; 0                              ;
;     -- Bidir Ports                          ; 0                      ; 0                              ;
;                                             ;                        ;                                ;
; Registered Ports                            ;                        ;                                ;
;     -- Registered Input Ports               ; 0                      ; 0                              ;
;     -- Registered Output Ports              ; 0                      ; 0                              ;
;                                             ;                        ;                                ;
; Port Connectivity                           ;                        ;                                ;
;     -- Input Ports driven by GND            ; 0                      ; 0                              ;
;     -- Output Ports driven by GND           ; 0                      ; 0                              ;
;     -- Input Ports driven by VCC            ; 0                      ; 0                              ;
;     -- Output Ports driven by VCC           ; 0                      ; 0                              ;
;     -- Input Ports with no Source           ; 0                      ; 0                              ;
;     -- Output Ports with no Source          ; 0                      ; 0                              ;
;     -- Input Ports with no Fanout           ; 0                      ; 0                              ;
;     -- Output Ports with no Fanout          ; 0                      ; 0                              ;
+---------------------------------------------+------------------------+--------------------------------+


+--------------------------------------------------------------------------------------------------------------------------------------------------------------------------------------------------------------------------------------------------------------------------------------------+
; Input Pins                                                                                                                                                                                                                                                                                 ;
+-----------+-------+----------+--------------+--------------+--------------+-----------------------+--------------------+--------+----------------+---------------+-----------------+----------+--------------+--------------+---------------------------+----------------------+-----------+
; Name      ; Pin # ; I/O Bank ; X coordinate ; Y coordinate ; Z coordinate ; Combinational Fan-Out ; Registered Fan-Out ; Global ; Input Register ; Power Up High ; PCI I/O Enabled ; Bus Hold ; Weak Pull Up ; I/O Standard ; Termination Control Block ; Location assigned by ; Slew Rate ;
+-----------+-------+----------+--------------+--------------+--------------+-----------------------+--------------------+--------+----------------+---------------+-----------------+----------+--------------+--------------+---------------------------+----------------------+-----------+
; clk       ; P11   ; 3        ; 34           ; 0            ; 28           ; 2243                  ; 0                  ; yes    ; no             ; no            ; yes             ; no       ; Off          ; 2.5 V        ; --                        ; User                 ; 0         ;
; img_data  ; B12   ; 7        ; 49           ; 54           ; 0            ; 2                     ; 0                  ; no     ; no             ; no            ; yes             ; no       ; Off          ; 2.5 V        ; --                        ; Fitter               ; 0         ;
; img_valid ; A11   ; 7        ; 51           ; 54           ; 7            ; 58                    ; 0                  ; no     ; no             ; no            ; yes             ; no       ; Off          ; 2.5 V        ; --                        ; Fitter               ; 0         ;
; rst_n     ; C10   ; 7        ; 51           ; 54           ; 28           ; 2232                  ; 0                  ; no     ; no             ; no            ; yes             ; no       ; Off          ; 2.5 V        ; --                        ; User                 ; 0         ;
+-----------+-------+----------+--------------+--------------+--------------+-----------------------+--------------------+--------+----------------+---------------+-----------------+----------+--------------+--------------+---------------------------+----------------------+-----------+


+---------------------------------------------------------------------------------------------------------------------------------------------------------------------------------------------------------------------------------------------------------------------------------------------------------------------------------------------------------------------------------------------------------------------------------------------------------------+
; Output Pins                                                                                                                                                                                                                                                                                                                                                                                                                                                   ;
+--------------+-------+----------+--------------+--------------+--------------+-----------------+------------------------+---------------+-----------+-----------------+------------+---------------+----------+--------------+--------------+------------------+-----------------------------------+---------------------------+----------------------------+-----------------------------+----------------------+----------------------+---------------------+
; Name         ; Pin # ; I/O Bank ; X coordinate ; Y coordinate ; Z coordinate ; Output Register ; Output Enable Register ; Power Up High ; Slew Rate ; PCI I/O Enabled ; Open Drain ; TRI Primitive ; Bus Hold ; Weak Pull Up ; I/O Standard ; Current Strength ; Termination                       ; Termination Control Block ; Output Buffer Pre-emphasis ; Voltage Output Differential ; Location assigned by ; Output Enable Source ; Output Enable Group ;
+--------------+-------+----------+--------------+--------------+--------------+-----------------+------------------------+---------------+-----------+-----------------+------------+---------------+----------+--------------+--------------+------------------+-----------------------------------+---------------------------+----------------------------+-----------------------------+----------------------+----------------------+---------------------+
; class_out[0] ; J11   ; 7        ; 49           ; 54           ; 21           ; no              ; no                     ; no            ; 2         ; no              ; no         ; no            ; no       ; Off          ; 2.5 V        ; Default          ; Series 50 Ohm without Calibration ; --                        ; no                         ; no                          ; Fitter               ; -                    ; -                   ;
; class_out[1] ; E13   ; 7        ; 56           ; 54           ; 14           ; no              ; no                     ; no            ; 2         ; no              ; no         ; no            ; no       ; Off          ; 2.5 V        ; Default          ; Series 50 Ohm without Calibration ; --                        ; no                         ; no                          ; Fitter               ; -                    ; -                   ;
; class_out[2] ; D14   ; 7        ; 56           ; 54           ; 7            ; no              ; no                     ; no            ; 2         ; no              ; no         ; no            ; no       ; Off          ; 2.5 V        ; Default          ; Series 50 Ohm without Calibration ; --                        ; no                         ; no                          ; Fitter               ; -                    ; -                   ;
; class_out[3] ; C13   ; 7        ; 58           ; 54           ; 21           ; no              ; no                     ; no            ; 2         ; no              ; no         ; no            ; no       ; Off          ; 2.5 V        ; Default          ; Series 50 Ohm without Calibration ; --                        ; no                         ; no                          ; Fitter               ; -                    ; -                   ;
; sys_valid    ; C14   ; 7        ; 58           ; 54           ; 14           ; no              ; no                     ; no            ; 2         ; no              ; no         ; no            ; no       ; Off          ; 2.5 V        ; Default          ; Series 50 Ohm without Calibration ; --                        ; no                         ; no                          ; Fitter               ; -                    ; -                   ;
+--------------+-------+----------+--------------+--------------+--------------+-----------------+------------------------+---------------+-----------+-----------------+------------+---------------+----------+--------------+--------------+------------------+-----------------------------------+---------------------------+----------------------------+-----------------------------+----------------------+----------------------+---------------------+


+-----------------------------------------------------------------------------------------------------------------------------------------+
; Dual Purpose and Dedicated Pins                                                                                                         ;
+----------+----------------------------------------------------+--------------------------------+---------------------+------------------+
; Location ; Pin Name                                           ; Reserved As                    ; User Signal Name    ; Pin Type         ;
+----------+----------------------------------------------------+--------------------------------+---------------------+------------------+
; H2       ; DIFFIO_RX_L17n, DIFFOUT_L17n, TMS, Low_Speed       ; Reserved as secondary function ; ~ALTERA_TMS~        ; Dual Purpose Pin ;
; G2       ; DIFFIO_RX_L17p, DIFFOUT_L17p, TCK, Low_Speed       ; Reserved as secondary function ; ~ALTERA_TCK~        ; Dual Purpose Pin ;
; L4       ; DIFFIO_RX_L18n, DIFFOUT_L18n, TDI, Low_Speed       ; Reserved as secondary function ; ~ALTERA_TDI~        ; Dual Purpose Pin ;
; M5       ; DIFFIO_RX_L18p, DIFFOUT_L18p, TDO, Low_Speed       ; Reserved as secondary function ; ~ALTERA_TDO~        ; Dual Purpose Pin ;
; H10      ; CONFIG_SEL, Low_Speed                              ; Reserved as secondary function ; ~ALTERA_CONFIG_SEL~ ; Dual Purpose Pin ;
; H9       ; nCONFIG, Low_Speed                                 ; Reserved as secondary function ; ~ALTERA_nCONFIG~    ; Dual Purpose Pin ;
; G9       ; DIFFIO_RX_T50p, DIFFOUT_T50p, nSTATUS, Low_Speed   ; Reserved as secondary function ; ~ALTERA_nSTATUS~    ; Dual Purpose Pin ;
; F8       ; DIFFIO_RX_T50n, DIFFOUT_T50n, CONF_DONE, Low_Speed ; Reserved as secondary function ; ~ALTERA_CONF_DONE~  ; Dual Purpose Pin ;
+----------+----------------------------------------------------+--------------------------------+---------------------+------------------+


+-----------------------------------------------------------+
; I/O Bank Usage                                            ;
+----------+-----------------+---------------+--------------+
; I/O Bank ; Usage           ; VCCIO Voltage ; VREF Voltage ;
+----------+-----------------+---------------+--------------+
; 1A       ; 0 / 16 ( 0 % )  ; 2.5V          ; --           ;
; 1B       ; 4 / 24 ( 17 % ) ; 2.5V          ; --           ;
; 2        ; 0 / 36 ( 0 % )  ; 2.5V          ; --           ;
; 3        ; 1 / 48 ( 2 % )  ; 2.5V          ; --           ;
; 4        ; 0 / 48 ( 0 % )  ; 2.5V          ; --           ;
; 5        ; 0 / 40 ( 0 % )  ; 2.5V          ; --           ;
; 6        ; 0 / 60 ( 0 % )  ; 2.5V          ; --           ;
; 7        ; 8 / 52 ( 15 % ) ; 2.5V          ; --           ;
; 8        ; 4 / 36 ( 11 % ) ; 2.5V          ; --           ;
+----------+-----------------+---------------+--------------+


+---------------------------------------------------------------------------------------------------------------------------------------------------------------------------------------+
; All Package Pins                                                                                                                                                                      ;
+----------+------------+----------+------------------------------------------------+--------+-----------------------+---------+------------+-----------------+----------+--------------+
; Location ; Pad Number ; I/O Bank ; Pin Name/Usage                                 ; Dir.   ; I/O Standard          ; Voltage ; I/O Type   ; User Assignment ; Bus Hold ; Weak Pull Up ;
+----------+------------+----------+------------------------------------------------+--------+-----------------------+---------+------------+-----------------+----------+--------------+
; A1       ;            ;          ; GND                                            ; gnd    ;                       ;         ; --         ;                 ; --       ; --           ;
; A2       ; 481        ; 8        ; RESERVED_INPUT_WITH_WEAK_PULLUP                ;        ;                       ;         ; Column I/O ;                 ; no       ; On           ;
; A3       ; 483        ; 8        ; RESERVED_INPUT_WITH_WEAK_PULLUP                ;        ;                       ;         ; Column I/O ;                 ; no       ; On           ;
; A4       ; 475        ; 8        ; RESERVED_INPUT_WITH_WEAK_PULLUP                ;        ;                       ;         ; Column I/O ;                 ; no       ; On           ;
; A5       ; 473        ; 8        ; RESERVED_INPUT_WITH_WEAK_PULLUP                ;        ;                       ;         ; Column I/O ;                 ; no       ; On           ;
; A6       ; 471        ; 8        ; RESERVED_INPUT_WITH_WEAK_PULLUP                ;        ;                       ;         ; Column I/O ;                 ; no       ; On           ;
; A7       ; 445        ; 7        ; RESERVED_INPUT_WITH_WEAK_PULLUP                ;        ;                       ;         ; Column I/O ;                 ; no       ; On           ;
; A8       ; 447        ; 7        ; RESERVED_INPUT_WITH_WEAK_PULLUP                ;        ;                       ;         ; Column I/O ;                 ; no       ; On           ;
; A9       ; 449        ; 7        ; RESERVED_INPUT_WITH_WEAK_PULLUP                ;        ;                       ;         ; Column I/O ;                 ; no       ; On           ;
; A10      ; 439        ; 7        ; RESERVED_INPUT_WITH_WEAK_PULLUP                ;        ;                       ;         ; Column I/O ;                 ; no       ; On           ;
; A11      ; 437        ; 7        ; img_valid                                      ; input  ; 2.5 V                 ;         ; Column I/O ; N               ; no       ; Off          ;
; A12      ; 435        ; 7        ; RESERVED_INPUT_WITH_WEAK_PULLUP                ;        ;                       ;         ; Column I/O ;                 ; no       ; On           ;
; A13      ; 433        ; 7        ; RESERVED_INPUT_WITH_WEAK_PULLUP                ;        ;                       ;         ; Column I/O ;                 ; no       ; On           ;
; A14      ; 425        ; 7        ; RESERVED_INPUT_WITH_WEAK_PULLUP                ;        ;                       ;         ; Column I/O ;                 ; no       ; On           ;
; A15      ; 421        ; 7        ; RESERVED_INPUT_WITH_WEAK_PULLUP                ;        ;                       ;         ; Column I/O ;                 ; no       ; On           ;
; A16      ; 419        ; 7        ; RESERVED_INPUT_WITH_WEAK_PULLUP                ;        ;                       ;         ; Column I/O ;                 ; no       ; On           ;
; A17      ; 407        ; 7        ; RESERVED_INPUT_WITH_WEAK_PULLUP                ;        ;                       ;         ; Column I/O ;                 ; no       ; On           ;
; A18      ; 405        ; 7        ; RESERVED_INPUT_WITH_WEAK_PULLUP                ;        ;                       ;         ; Column I/O ;                 ; no       ; On           ;
; A19      ; 403        ; 7        ; RESERVED_INPUT_WITH_WEAK_PULLUP                ;        ;                       ;         ; Column I/O ;                 ; no       ; On           ;
; A20      ; 401        ; 7        ; RESERVED_INPUT_WITH_WEAK_PULLUP                ;        ;                       ;         ; Column I/O ;                 ; no       ; On           ;
; A21      ; 371        ; 6        ; RESERVED_INPUT_WITH_WEAK_PULLUP                ;        ;                       ;         ; Row I/O    ;                 ; no       ; On           ;
; A22      ;            ;          ; GND                                            ; gnd    ;                       ;         ; --         ;                 ; --       ; --           ;
; AA1      ; 133        ; 3        ; RESERVED_INPUT_WITH_WEAK_PULLUP                ;        ;                       ;         ; Column I/O ;                 ; no       ; On           ;
; AA2      ; 135        ; 3        ; RESERVED_INPUT_WITH_WEAK_PULLUP                ;        ;                       ;         ; Column I/O ;                 ; no       ; On           ;
; AA3      ; 153        ; 3        ; RESERVED_INPUT_WITH_WEAK_PULLUP                ;        ;                       ;         ; Column I/O ;                 ; --       ; --           ;
; AA4      ;            ;          ; GND                                            ; gnd    ;                       ;         ; --         ;                 ; --       ; --           ;
; AA5      ; 157        ; 3        ; RESERVED_INPUT_WITH_WEAK_PULLUP                ;        ;                       ;         ; Column I/O ;                 ; no       ; On           ;
; AA6      ; 156        ; 3        ; RESERVED_INPUT_WITH_WEAK_PULLUP                ;        ;                       ;         ; Column I/O ;                 ; no       ; On           ;
; AA7      ; 158        ; 3        ; RESERVED_INPUT_WITH_WEAK_PULLUP                ;        ;                       ;         ; Column I/O ;                 ; no       ; On           ;
; AA8      ; 165        ; 3        ; RESERVED_INPUT_WITH_WEAK_PULLUP                ;        ;                       ;         ; Column I/O ;                 ; no       ; On           ;
; AA9      ; 169        ; 3        ; RESERVED_INPUT_WITH_WEAK_PULLUP                ;        ;                       ;         ; Column I/O ;                 ; no       ; On           ;
; AA10     ; 170        ; 3        ; RESERVED_INPUT_WITH_WEAK_PULLUP                ;        ;                       ;         ; Column I/O ;                 ; no       ; On           ;
; AA11     ; 180        ; 4        ; RESERVED_INPUT_WITH_WEAK_PULLUP                ;        ;                       ;         ; Column I/O ;                 ; no       ; On           ;
; AA12     ; 182        ; 4        ; RESERVED_INPUT_WITH_WEAK_PULLUP                ;        ;                       ;         ; Column I/O ;                 ; no       ; On           ;
; AA13     ; 197        ; 4        ; RESERVED_INPUT_WITH_WEAK_PULLUP                ;        ;                       ;         ; Column I/O ;                 ; --       ; --           ;
; AA14     ; 201        ; 4        ; RESERVED_INPUT_WITH_WEAK_PULLUP                ;        ;                       ;         ; Column I/O ;                 ; no       ; On           ;
; AA15     ; 205        ; 4        ; RESERVED_INPUT_WITH_WEAK_PULLUP                ;        ;                       ;         ; Column I/O ;                 ; no       ; On           ;
; AA16     ; 211        ; 4        ; RESERVED_INPUT_WITH_WEAK_PULLUP                ;        ;                       ;         ; Column I/O ;                 ; no       ; On           ;
; AA17     ; 212        ; 4        ; RESERVED_INPUT_WITH_WEAK_PULLUP                ;        ;                       ;         ; Column I/O ;                 ; no       ; On           ;
; AA18     ;            ;          ; GND                                            ; gnd    ;                       ;         ; --         ;                 ; --       ; --           ;
; AA19     ; 217        ; 4        ; RESERVED_INPUT_WITH_WEAK_PULLUP                ;        ;                       ;         ; Column I/O ;                 ; no       ; On           ;
; AA20     ; 227        ; 4        ; RESERVED_INPUT_WITH_WEAK_PULLUP                ;        ;                       ;         ; Column I/O ;                 ; no       ; On           ;
; AA21     ; 245        ; 5        ; RESERVED_INPUT_WITH_WEAK_PULLUP                ;        ;                       ;         ; Row I/O    ;                 ; no       ; On           ;
; AA22     ; 247        ; 5        ; RESERVED_INPUT_WITH_WEAK_PULLUP                ;        ;                       ;         ; Row I/O    ;                 ; no       ; On           ;
; AB1      ;            ;          ; GND                                            ; gnd    ;                       ;         ; --         ;                 ; --       ; --           ;
; AB2      ; 145        ; 3        ; RESERVED_INPUT_WITH_WEAK_PULLUP                ;        ;                       ;         ; Column I/O ;                 ; no       ; On           ;
; AB3      ; 147        ; 3        ; RESERVED_INPUT_WITH_WEAK_PULLUP                ;        ;                       ;         ; Column I/O ;                 ; no       ; On           ;
; AB4      ; 155        ; 3        ; RESERVED_INPUT_WITH_WEAK_PULLUP                ;        ;                       ;         ; Column I/O ;                 ; no       ; On           ;
; AB5      ; 159        ; 3        ; RESERVED_INPUT_WITH_WEAK_PULLUP                ;        ;                       ;         ; Column I/O ;                 ; no       ; On           ;
; AB6      ; 161        ; 3        ; RESERVED_INPUT_WITH_WEAK_PULLUP                ;        ;                       ;         ; Column I/O ;                 ; no       ; On           ;
; AB7      ; 163        ; 3        ; RESERVED_INPUT_WITH_WEAK_PULLUP                ;        ;                       ;         ; Column I/O ;                 ; no       ; On           ;
; AB8      ; 167        ; 3        ; RESERVED_INPUT_WITH_WEAK_PULLUP                ;        ;                       ;         ; Column I/O ;                 ; no       ; On           ;
; AB9      ; 171        ; 3        ; RESERVED_INPUT_WITH_WEAK_PULLUP                ;        ;                       ;         ; Column I/O ;                 ; no       ; On           ;
; AB10     ; 177        ; 4        ; RESERVED_INPUT_WITH_WEAK_PULLUP                ;        ;                       ;         ; Column I/O ;                 ; no       ; On           ;
; AB11     ; 179        ; 4        ; RESERVED_INPUT_WITH_WEAK_PULLUP                ;        ;                       ;         ; Column I/O ;                 ; no       ; On           ;
; AB12     ; 181        ; 4        ; RESERVED_INPUT_WITH_WEAK_PULLUP                ;        ;                       ;         ; Column I/O ;                 ; no       ; On           ;
; AB13     ; 183        ; 4        ; RESERVED_INPUT_WITH_WEAK_PULLUP                ;        ;                       ;         ; Column I/O ;                 ; no       ; On           ;
; AB14     ; 199        ; 4        ; RESERVED_INPUT_WITH_WEAK_PULLUP                ;        ;                       ;         ; Column I/O ;                 ; no       ; On           ;
; AB15     ; 203        ; 4        ; RESERVED_INPUT_WITH_WEAK_PULLUP                ;        ;                       ;         ; Column I/O ;                 ; no       ; On           ;
; AB16     ; 209        ; 4        ; RESERVED_INPUT_WITH_WEAK_PULLUP                ;        ;                       ;         ; Column I/O ;                 ; no       ; On           ;
; AB17     ; 241        ; 4        ; RESERVED_INPUT_WITH_WEAK_PULLUP                ;        ;                       ;         ; Column I/O ;                 ; no       ; On           ;
; AB18     ; 243        ; 4        ; RESERVED_INPUT_WITH_WEAK_PULLUP                ;        ;                       ;         ; Column I/O ;                 ; no       ; On           ;
; AB19     ; 213        ; 4        ; RESERVED_INPUT_WITH_WEAK_PULLUP                ;        ;                       ;         ; Column I/O ;                 ; no       ; On           ;
; AB20     ; 215        ; 4        ; RESERVED_INPUT_WITH_WEAK_PULLUP                ;        ;                       ;         ; Column I/O ;                 ; no       ; On           ;
; AB21     ; 225        ; 4        ; RESERVED_INPUT_WITH_WEAK_PULLUP                ;        ;                       ;         ; Column I/O ;                 ; no       ; On           ;
; AB22     ;            ;          ; GND                                            ; gnd    ;                       ;         ; --         ;                 ; --       ; --           ;
; B1       ; 495        ; 8        ; RESERVED_INPUT_WITH_WEAK_PULLUP                ;        ;                       ;         ; Column I/O ;                 ; no       ; On           ;
; B2       ; 493        ; 8        ; RESERVED_INPUT_WITH_WEAK_PULLUP                ;        ;                       ;         ; Column I/O ;                 ; no       ; On           ;
; B3       ; 484        ; 8        ; RESERVED_INPUT_WITH_WEAK_PULLUP                ;        ;                       ;         ; Column I/O ;                 ; no       ; On           ;
; B4       ; 486        ; 8        ; RESERVED_INPUT_WITH_WEAK_PULLUP                ;        ;                       ;         ; Column I/O ;                 ; no       ; On           ;
; B5       ; 485        ; 8        ; RESERVED_INPUT_WITH_WEAK_PULLUP                ;        ;                       ;         ; Column I/O ;                 ; no       ; On           ;
; B6       ;            ;          ; GND                                            ; gnd    ;                       ;         ; --         ;                 ; --       ; --           ;
; B7       ; 469        ; 8        ; RESERVED_INPUT_WITH_WEAK_PULLUP                ;        ;                       ;         ; Column I/O ;                 ; no       ; On           ;
; B8       ; 451        ; 7        ; RESERVED_INPUT_WITH_WEAK_PULLUP                ;        ;                       ;         ; Column I/O ;                 ; no       ; On           ;
; B9       ;            ;          ; GND                                            ; gnd    ;                       ;         ; --         ;                 ; --       ; --           ;
; B10      ; 448        ; 7        ; RESERVED_INPUT_WITH_WEAK_PULLUP                ;        ;                       ;         ; Column I/O ;                 ; no       ; On           ;
; B11      ; 443        ; 7        ; RESERVED_INPUT_WITH_WEAK_PULLUP                ;        ;                       ;         ; Column I/O ;                 ; no       ; On           ;
; B12      ; 441        ; 7        ; img_data                                       ; input  ; 2.5 V                 ;         ; Column I/O ; N               ; no       ; Off          ;
; B13      ;            ;          ; GND                                            ; gnd    ;                       ;         ; --         ;                 ; --       ; --           ;
; B14      ; 427        ; 7        ; RESERVED_INPUT_WITH_WEAK_PULLUP                ;        ;                       ;         ; Column I/O ;                 ; no       ; On           ;
; B15      ; 423        ; 7        ; RESERVED_INPUT_WITH_WEAK_PULLUP                ;        ;                       ;         ; Column I/O ;                 ; --       ; --           ;
; B16      ; 417        ; 7        ; RESERVED_INPUT_WITH_WEAK_PULLUP                ;        ;                       ;         ; Column I/O ;                 ; no       ; On           ;
; B17      ; 402        ; 7        ; RESERVED_INPUT_WITH_WEAK_PULLUP                ;        ;                       ;         ; Column I/O ;                 ; no       ; On           ;
; B18      ;            ;          ; GND                                            ; gnd    ;                       ;         ; --         ;                 ; --       ; --           ;
; B19      ; 399        ; 7        ; RESERVED_INPUT_WITH_WEAK_PULLUP                ;        ;                       ;         ; Column I/O ;                 ; no       ; On           ;
; B20      ; 369        ; 6        ; RESERVED_INPUT_WITH_WEAK_PULLUP                ;        ;                       ;         ; Row I/O    ;                 ; no       ; On           ;
; B21      ; 367        ; 6        ; RESERVED_INPUT_WITH_WEAK_PULLUP                ;        ;                       ;         ; Row I/O    ;                 ; no       ; On           ;
; B22      ; 365        ; 6        ; RESERVED_INPUT_WITH_WEAK_PULLUP                ;        ;                       ;         ; Row I/O    ;                 ; no       ; On           ;
; C1       ; 33         ; 1B       ; RESERVED_INPUT_WITH_WEAK_PULLUP                ;        ;                       ;         ; Row I/O    ;                 ; --       ; --           ;
; C2       ; 499        ; 8        ; RESERVED_INPUT_WITH_WEAK_PULLUP                ;        ;                       ;         ; Column I/O ;                 ; no       ; On           ;
; C3       ; 497        ; 8        ; RESERVED_INPUT_WITH_WEAK_PULLUP                ;        ;                       ;         ; Column I/O ;                 ; no       ; On           ;
; C4       ; 487        ; 8        ; RESERVED_INPUT_WITH_WEAK_PULLUP                ;        ;                       ;         ; Column I/O ;                 ; no       ; On           ;
; C5       ; 489        ; 8        ; RESERVED_INPUT_WITH_WEAK_PULLUP                ;        ;                       ;         ; Column I/O ;                 ; no       ; On           ;
; C6       ; 477        ; 8        ; RESERVED_INPUT_WITH_WEAK_PULLUP                ;        ;                       ;         ; Column I/O ;                 ; no       ; On           ;
; C7       ; 467        ; 8        ; RESERVED_INPUT_WITH_WEAK_PULLUP                ;        ;                       ;         ; Column I/O ;                 ; no       ; On           ;
; C8       ; 465        ; 8        ; RESERVED_INPUT_WITH_WEAK_PULLUP                ;        ;                       ;         ; Column I/O ;                 ; no       ; On           ;
; C9       ; 450        ; 7        ; RESERVED_INPUT_WITH_WEAK_PULLUP                ;        ;                       ;         ; Column I/O ;                 ; no       ; On           ;
; C10      ; 442        ; 7        ; rst_n                                          ; input  ; 2.5 V                 ;         ; Column I/O ; Y               ; no       ; Off          ;
; C11      ; 440        ; 7        ; RESERVED_INPUT_WITH_WEAK_PULLUP                ;        ;                       ;         ; Column I/O ;                 ; no       ; On           ;
; C12      ; 436        ; 7        ; RESERVED_INPUT_WITH_WEAK_PULLUP                ;        ;                       ;         ; Column I/O ;                 ; no       ; On           ;
; C13      ; 426        ; 7        ; class_out[3]                                   ; output ; 2.5 V                 ;         ; Column I/O ; N               ; no       ; Off          ;
; C14      ; 424        ; 7        ; sys_valid                                      ; output ; 2.5 V                 ;         ; Column I/O ; N               ; no       ; Off          ;
; C15      ; 418        ; 7        ; RESERVED_INPUT_WITH_WEAK_PULLUP                ;        ;                       ;         ; Column I/O ;                 ; no       ; On           ;
; C16      ; 416        ; 7        ; RESERVED_INPUT_WITH_WEAK_PULLUP                ;        ;                       ;         ; Column I/O ;                 ; no       ; On           ;
; C17      ; 391        ; 7        ; RESERVED_INPUT_WITH_WEAK_PULLUP                ;        ;                       ;         ; Column I/O ;                 ; no       ; On           ;
; C18      ; 400        ; 7        ; RESERVED_INPUT_WITH_WEAK_PULLUP                ;        ;                       ;         ; Column I/O ;                 ; no       ; On           ;
; C19      ; 397        ; 7        ; RESERVED_INPUT_WITH_WEAK_PULLUP                ;        ;                       ;         ; Column I/O ;                 ; no       ; On           ;
; C20      ; 357        ; 6        ; RESERVED_INPUT_WITH_WEAK_PULLUP                ;        ;                       ;         ; Row I/O    ;                 ; no       ; On           ;
; C21      ; 347        ; 6        ; RESERVED_INPUT_WITH_WEAK_PULLUP                ;        ;                       ;         ; Row I/O    ;                 ; no       ; On           ;
; C22      ; 343        ; 6        ; RESERVED_INPUT_WITH_WEAK_PULLUP                ;        ;                       ;         ; Row I/O    ;                 ; no       ; On           ;
; D1       ; 35         ; 1B       ; RESERVED_INPUT_WITH_WEAK_PULLUP                ;        ;                       ;         ; Row I/O    ;                 ; no       ; On           ;
; D2       ; 31         ; 1B       ; RESERVED_INPUT_WITH_WEAK_PULLUP                ;        ;                       ;         ; Row I/O    ;                 ; no       ; On           ;
; D3       ; 29         ; 1B       ; RESERVED_INPUT_WITH_WEAK_PULLUP                ;        ;                       ;         ; Row I/O    ;                 ; no       ; On           ;
; D4       ;            ;          ; GND                                            ; gnd    ;                       ;         ; --         ;                 ; --       ; --           ;
; D5       ; 491        ; 8        ; RESERVED_INPUT_WITH_WEAK_PULLUP                ;        ;                       ;         ; Column I/O ;                 ; no       ; On           ;
; D6       ; 496        ; 8        ; RESERVED_INPUT_WITH_WEAK_PULLUP                ;        ;                       ;         ; Column I/O ;                 ; no       ; On           ;
; D7       ; 479        ; 8        ; RESERVED_INPUT_WITH_WEAK_PULLUP                ;        ;                       ;         ; Column I/O ;                 ; --       ; --           ;
; D8       ; 472        ; 8        ; RESERVED_INPUT_WITH_WEAK_PULLUP                ;        ;                       ;         ; Column I/O ;                 ; no       ; On           ;
; D9       ; 474        ; 8        ; RESERVED_INPUT_WITH_WEAK_PULLUP                ;        ;                       ;         ; Column I/O ;                 ; no       ; On           ;
; D10      ; 476        ; 8        ; RESERVED_INPUT_WITH_WEAK_PULLUP                ;        ;                       ;         ; Column I/O ;                 ; no       ; On           ;
; D11      ;            ;          ; GND                                            ; gnd    ;                       ;         ; --         ;                 ; --       ; --           ;
; D12      ; 438        ; 7        ; RESERVED_INPUT_WITH_WEAK_PULLUP                ;        ;                       ;         ; Column I/O ;                 ; no       ; On           ;
; D13      ; 431        ; 7        ; RESERVED_INPUT_WITH_WEAK_PULLUP                ;        ;                       ;         ; Column I/O ;                 ; no       ; On           ;
; D14      ; 428        ; 7        ; class_out[2]                                   ; output ; 2.5 V                 ;         ; Column I/O ; N               ; no       ; Off          ;
; D15      ; 404        ; 7        ; RESERVED_INPUT_WITH_WEAK_PULLUP                ;        ;                       ;         ; Column I/O ;                 ; no       ; On           ;
; D16      ;            ;          ; GND                                            ; gnd    ;                       ;         ; --         ;                 ; --       ; --           ;
; D17      ; 389        ; 7        ; RESERVED_INPUT_WITH_WEAK_PULLUP                ;        ;                       ;         ; Column I/O ;                 ; no       ; On           ;
; D18      ; 385        ; 6        ; RESERVED_INPUT_WITH_WEAK_PULLUP                ;        ;                       ;         ; Row I/O    ;                 ; no       ; On           ;
; D19      ; 359        ; 6        ; RESERVED_INPUT_WITH_WEAK_PULLUP                ;        ;                       ;         ; Row I/O    ;                 ; no       ; On           ;
; D20      ;            ;          ; GND                                            ; gnd    ;                       ;         ; --         ;                 ; --       ; --           ;
; D21      ; 345        ; 6        ; RESERVED_INPUT_WITH_WEAK_PULLUP                ;        ;                       ;         ; Row I/O    ;                 ; --       ; --           ;
; D22      ; 341        ; 6        ; RESERVED_INPUT_WITH_WEAK_PULLUP                ;        ;                       ;         ; Row I/O    ;                 ; no       ; On           ;
; E1       ; 41         ; 1B       ; RESERVED_INPUT_WITH_WEAK_PULLUP                ;        ;                       ;         ; Row I/O    ;                 ; no       ; On           ;
; E2       ;            ;          ; GND                                            ; gnd    ;                       ;         ; --         ;                 ; --       ; --           ;
; E3       ; 3          ; 1A       ; RESERVED_INPUT_WITH_WEAK_PULLUP                ;        ;                       ;         ; Row I/O    ;                 ; no       ; On           ;
; E4       ; 1          ; 1A       ; RESERVED_INPUT_WITH_WEAK_PULLUP                ;        ;                       ;         ; Row I/O    ;                 ; no       ; On           ;
; E5       ;            ;          ; NC                                             ;        ;                       ;         ; --         ;                 ; --       ; --           ;
; E6       ; 498        ; 8        ; RESERVED_INPUT_WITH_WEAK_PULLUP                ;        ;                       ;         ; Column I/O ;                 ; no       ; On           ;
; E7       ;            ;          ; GND                                            ; gnd    ;                       ;         ; --         ;                 ; --       ; --           ;
; E8       ; 488        ; 8        ; RESERVED_INPUT_WITH_WEAK_PULLUP                ;        ;                       ;         ; Column I/O ;                 ; no       ; On           ;
; E9       ; 478        ; 8        ; RESERVED_INPUT_WITH_WEAK_PULLUP                ;        ;                       ;         ; Column I/O ;                 ; no       ; On           ;
; E10      ; 466        ; 8        ; RESERVED_INPUT_WITH_WEAK_PULLUP                ;        ;                       ;         ; Column I/O ;                 ; no       ; On           ;
; E11      ; 464        ; 8        ; RESERVED_INPUT_WITH_WEAK_PULLUP                ;        ;                       ;         ; Column I/O ;                 ; no       ; On           ;
; E12      ; 429        ; 7        ; RESERVED_INPUT_WITH_WEAK_PULLUP                ;        ;                       ;         ; Column I/O ;                 ; no       ; On           ;
; E13      ; 430        ; 7        ; class_out[1]                                   ; output ; 2.5 V                 ;         ; Column I/O ; N               ; no       ; Off          ;
; E14      ; 406        ; 7        ; RESERVED_INPUT_WITH_WEAK_PULLUP                ;        ;                       ;         ; Column I/O ;                 ; no       ; On           ;
; E15      ; 390        ; 7        ; RESERVED_INPUT_WITH_WEAK_PULLUP                ;        ;                       ;         ; Column I/O ;                 ; no       ; On           ;
; E16      ; 388        ; 7        ; RESERVED_INPUT_WITH_WEAK_PULLUP                ;        ;                       ;         ; Column I/O ;                 ; no       ; On           ;
; E17      ; 366        ; 6        ; RESERVED_INPUT_WITH_WEAK_PULLUP                ;        ;                       ;         ; Row I/O    ;                 ; no       ; On           ;
; E18      ; 387        ; 6        ; RESERVED_INPUT_WITH_WEAK_PULLUP                ;        ;                       ;         ; Row I/O    ;                 ; no       ; On           ;
; E19      ; 352        ; 6        ; RESERVED_INPUT_WITH_WEAK_PULLUP                ;        ;                       ;         ; Row I/O    ;                 ; no       ; On           ;
; E20      ; 355        ; 6        ; RESERVED_INPUT_WITH_WEAK_PULLUP                ;        ;                       ;         ; Row I/O    ;                 ; no       ; On           ;
; E21      ; 335        ; 6        ; RESERVED_INPUT_WITH_WEAK_PULLUP                ;        ;                       ;         ; Row I/O    ;                 ; no       ; On           ;
; E22      ; 333        ; 6        ; RESERVED_INPUT_WITH_WEAK_PULLUP                ;        ;                       ;         ; Row I/O    ;                 ; no       ; On           ;
; F1       ; 47         ; 1B       ; RESERVED_INPUT_WITH_WEAK_PULLUP                ;        ;                       ;         ; Row I/O    ;                 ; no       ; On           ;
; F2       ; 43         ; 1B       ; RESERVED_INPUT_WITH_WEAK_PULLUP                ;        ;                       ;         ; Row I/O    ;                 ; no       ; On           ;
; F3       ; 7          ; 1A       ; RESERVED_INPUT_WITH_WEAK_PULLUP                ;        ;                       ;         ; Row I/O    ;                 ; no       ; On           ;
; F4       ; 2          ; 1A       ; RESERVED_INPUT_WITH_WEAK_PULLUP                ;        ;                       ;         ; Row I/O    ;                 ; no       ; On           ;
; F5       ; 0          ; 1A       ; RESERVED_INPUT_WITH_WEAK_PULLUP                ;        ;                       ;         ; Row I/O    ;                 ; no       ; On           ;
; F6       ;            ;          ; NC                                             ;        ;                       ;         ; --         ;                 ; --       ; --           ;
; F7       ; 490        ; 8        ; RESERVED_INPUT_WITH_WEAK_PULLUP                ;        ;                       ;         ; Column I/O ;                 ; no       ; On           ;
; F8       ; 494        ; 8        ; ~ALTERA_CONF_DONE~ / RESERVED_INPUT            ; input  ; 2.5 V Schmitt Trigger ;         ; Column I/O ; N               ; no       ; Off          ;
; F9       ;            ; 8        ; VCCIO8                                         ; power  ;                       ; 2.5V    ; --         ;                 ; --       ; --           ;
; F10      ;            ;          ; GND                                            ; gnd    ;                       ;         ; --         ;                 ; --       ; --           ;
; F11      ;            ; 8        ; VCCIO8                                         ; power  ;                       ; 2.5V    ; --         ;                 ; --       ; --           ;
; F12      ;            ; 7        ; VCCIO7                                         ; power  ;                       ; 2.5V    ; --         ;                 ; --       ; --           ;
; F13      ;            ;          ; GND                                            ; gnd    ;                       ;         ; --         ;                 ; --       ; --           ;
; F14      ;            ; 7        ; VCCIO7                                         ; power  ;                       ; 2.5V    ; --         ;                 ; --       ; --           ;
; F15      ; 398        ; 7        ; RESERVED_INPUT_WITH_WEAK_PULLUP                ;        ;                       ;         ; Column I/O ;                 ; no       ; On           ;
; F16      ; 396        ; 7        ; RESERVED_INPUT_WITH_WEAK_PULLUP                ;        ;                       ;         ; Column I/O ;                 ; no       ; On           ;
; F17      ; 364        ; 6        ; RESERVED_INPUT_WITH_WEAK_PULLUP                ;        ;                       ;         ; Row I/O    ;                 ; no       ; On           ;
; F18      ; 354        ; 6        ; RESERVED_INPUT_WITH_WEAK_PULLUP                ;        ;                       ;         ; Row I/O    ;                 ; no       ; On           ;
; F19      ; 353        ; 6        ; RESERVED_INPUT_WITH_WEAK_PULLUP                ;        ;                       ;         ; Row I/O    ;                 ; no       ; On           ;
; F20      ; 342        ; 6        ; RESERVED_INPUT_WITH_WEAK_PULLUP                ;        ;                       ;         ; Row I/O    ;                 ; no       ; On           ;
; F21      ; 340        ; 6        ; RESERVED_INPUT_WITH_WEAK_PULLUP                ;        ;                       ;         ; Row I/O    ;                 ; no       ; On           ;
; F22      ; 331        ; 6        ; RESERVED_INPUT_WITH_WEAK_PULLUP                ;        ;                       ;         ; Row I/O    ;                 ; no       ; On           ;
; G1       ; 45         ; 1B       ; RESERVED_INPUT_WITH_WEAK_PULLUP                ;        ;                       ;         ; Row I/O    ;                 ; no       ; On           ;
; G2       ; 34         ; 1B       ; ~ALTERA_TCK~ / RESERVED_INPUT                  ; input  ; 2.5 V Schmitt Trigger ;         ; Row I/O    ; N               ; no       ; Off          ;
; G3       ; 11         ; 1A       ; RESERVED_INPUT_WITH_WEAK_PULLUP                ;        ;                       ;         ; Row I/O    ;                 ; no       ; On           ;
; G4       ; 5          ; 1A       ; RESERVED_INPUT_WITH_WEAK_PULLUP                ;        ;                       ;         ; Row I/O    ;                 ; no       ; On           ;
; G5       ;            ;          ; ANAIN1                                         ;        ;                       ;         ; --         ;                 ; --       ; --           ;
; G6       ;            ;          ; GND                                            ; gnd    ;                       ;         ; --         ;                 ; --       ; --           ;
; G7       ;            ;          ; VCCD_PLL3                                      ; power  ;                       ; 1.2V    ; --         ;                 ; --       ; --           ;
; G8       ;            ;          ; GND                                            ; gnd    ;                       ;         ; --         ;                 ; --       ; --           ;
; G9       ; 492        ; 8        ; ~ALTERA_nSTATUS~ / RESERVED_INPUT              ; input  ; 2.5 V Schmitt Trigger ;         ; Column I/O ; N               ; no       ; Off          ;
; G10      ;            ; 8        ; VCCIO8                                         ; power  ;                       ; 2.5V    ; --         ;                 ; --       ; --           ;
; G11      ;            ; 8        ; VCCIO8                                         ; power  ;                       ; 2.5V    ; --         ;                 ; --       ; --           ;
; G12      ;            ; 7        ; VCCIO7                                         ; power  ;                       ; 2.5V    ; --         ;                 ; --       ; --           ;
; G13      ;            ; 7        ; VCCIO7                                         ; power  ;                       ; 2.5V    ; --         ;                 ; --       ; --           ;
; G14      ;            ; 7        ; VCCIO7                                         ; power  ;                       ; 2.5V    ; --         ;                 ; --       ; --           ;
; G15      ;            ;          ; GND                                            ; gnd    ;                       ;         ; --         ;                 ; --       ; --           ;
; G16      ;            ;          ; VCCD_PLL2                                      ; power  ;                       ; 1.2V    ; --         ;                 ; --       ; --           ;
; G17      ; 386        ; 6        ; RESERVED_INPUT_WITH_WEAK_PULLUP                ;        ;                       ;         ; Row I/O    ;                 ; no       ; On           ;
; G18      ;            ;          ; GND                                            ; gnd    ;                       ;         ; --         ;                 ; --       ; --           ;
; G19      ; 330        ; 6        ; RESERVED_INPUT_WITH_WEAK_PULLUP                ;        ;                       ;         ; Row I/O    ;                 ; no       ; On           ;
; G20      ; 328        ; 6        ; RESERVED_INPUT_WITH_WEAK_PULLUP                ;        ;                       ;         ; Row I/O    ;                 ; no       ; On           ;
; G21      ;            ;          ; GND                                            ; gnd    ;                       ;         ; --         ;                 ; --       ; --           ;
; G22      ; 329        ; 6        ; RESERVED_INPUT_WITH_WEAK_PULLUP                ;        ;                       ;         ; Row I/O    ;                 ; no       ; On           ;
; H1       ; 44         ; 1B       ; RESERVED_INPUT_WITH_WEAK_PULLUP                ;        ;                       ;         ; Row I/O    ;                 ; no       ; On           ;
; H2       ; 32         ; 1B       ; ~ALTERA_TMS~ / RESERVED_INPUT_WITH_WEAK_PULLUP ; input  ; 2.5 V Schmitt Trigger ;         ; Row I/O    ; N               ; no       ; On           ;
; H3       ; 10         ; 1A       ; RESERVED_INPUT_WITH_WEAK_PULLUP                ;        ;                       ;         ; Row I/O    ;                 ; no       ; On           ;
; H4       ; 9          ; 1A       ; RESERVED_INPUT_WITH_WEAK_PULLUP                ;        ;                       ;         ; Row I/O    ;                 ; no       ; On           ;
; H5       ;            ;          ; REFGND                                         ;        ;                       ;         ; --         ;                 ; --       ; --           ;
; H6       ;            ;          ; ADC_VREF                                       ;        ;                       ;         ; --         ;                 ; --       ; --           ;
; H7       ;            ; --       ; VCCA_ADC                                       ; power  ;                       ; 2.5V    ; --         ;                 ; --       ; --           ;
; H8       ;            ; --       ; VCCA3                                          ; power  ;                       ; 2.5V    ; --         ;                 ; --       ; --           ;
; H9       ; 482        ; 8        ; ~ALTERA_nCONFIG~ / RESERVED_INPUT              ; input  ; 2.5 V Schmitt Trigger ;         ; Column I/O ; N               ; no       ; Off          ;
; H10      ; 480        ; 8        ; ~ALTERA_CONFIG_SEL~ / RESERVED_INPUT           ; input  ; 2.5 V                 ;         ; Column I/O ; N               ; no       ; Off          ;
; H11      ; 470        ; 8        ; RESERVED_INPUT_WITH_WEAK_PULLUP                ;        ;                       ;         ; Column I/O ;                 ; no       ; On           ;
; H12      ; 444        ; 7        ; RESERVED_INPUT_WITH_WEAK_PULLUP                ;        ;                       ;         ; Column I/O ;                 ; no       ; On           ;
; H13      ; 432        ; 7        ; RESERVED_INPUT_WITH_WEAK_PULLUP                ;        ;                       ;         ; Column I/O ;                 ; no       ; On           ;
; H14      ; 420        ; 7        ; RESERVED_INPUT_WITH_WEAK_PULLUP                ;        ;                       ;         ; Column I/O ;                 ; no       ; On           ;
; H15      ;            ; --       ; VCCA2                                          ; power  ;                       ; 2.5V    ; --         ;                 ; --       ; --           ;
; H16      ;            ; 6        ; VCCIO6                                         ; power  ;                       ; 2.5V    ; --         ;                 ; --       ; --           ;
; H17      ; 384        ; 6        ; RESERVED_INPUT_WITH_WEAK_PULLUP                ;        ;                       ;         ; Row I/O    ;                 ; no       ; On           ;
; H18      ; 374        ; 6        ; RESERVED_INPUT_WITH_WEAK_PULLUP                ;        ;                       ;         ; Row I/O    ;                 ; no       ; On           ;
; H19      ; 372        ; 6        ; RESERVED_INPUT_WITH_WEAK_PULLUP                ;        ;                       ;         ; Row I/O    ;                 ; no       ; On           ;
; H20      ; 375        ; 6        ; RESERVED_INPUT_WITH_WEAK_PULLUP                ;        ;                       ;         ; Row I/O    ;                 ; no       ; On           ;
; H21      ; 323        ; 6        ; RESERVED_INPUT_WITH_WEAK_PULLUP                ;        ;                       ;         ; Row I/O    ;                 ; no       ; On           ;
; H22      ; 321        ; 6        ; RESERVED_INPUT_WITH_WEAK_PULLUP                ;        ;                       ;         ; Row I/O    ;                 ; no       ; On           ;
; J1       ; 46         ; 1B       ; RESERVED_INPUT_WITH_WEAK_PULLUP                ;        ;                       ;         ; Row I/O    ;                 ; no       ; On           ;
; J2       ;            ;          ; GND                                            ; gnd    ;                       ;         ; --         ;                 ; --       ; --           ;
; J3       ; 15         ; 1A       ; RESERVED_INPUT_WITH_WEAK_PULLUP                ;        ;                       ;         ; Row I/O    ;                 ; no       ; On           ;
; J4       ; 8          ; 1A       ; RESERVED_INPUT_WITH_WEAK_PULLUP                ;        ;                       ;         ; Row I/O    ;                 ; no       ; On           ;
; J5       ;            ;          ; ANAIN2                                         ;        ;                       ;         ; --         ;                 ; --       ; --           ;
; J6       ;            ;          ; GND                                            ; gnd    ;                       ;         ; --         ;                 ; --       ; --           ;
; J7       ;            ;          ; VCCINT                                         ; power  ;                       ; 1.2V    ; --         ;                 ; --       ; --           ;
; J8       ; 4          ; 1A       ; RESERVED_INPUT_WITH_WEAK_PULLUP                ;        ;                       ;         ; Row I/O    ;                 ; no       ; On           ;
; J9       ; 6          ; 1A       ; RESERVED_INPUT_WITH_WEAK_PULLUP                ;        ;                       ;         ; Row I/O    ;                 ; no       ; On           ;
; J10      ; 468        ; 8        ; RESERVED_INPUT_WITH_WEAK_PULLUP                ;        ;                       ;         ; Column I/O ;                 ; no       ; On           ;
; J11      ; 446        ; 7        ; class_out[0]                                   ; output ; 2.5 V                 ;         ; Column I/O ; N               ; no       ; Off          ;
; J12      ; 434        ; 7        ; RESERVED_INPUT_WITH_WEAK_PULLUP                ;        ;                       ;         ; Column I/O ;                 ; no       ; On           ;
; J13      ; 422        ; 7        ; RESERVED_INPUT_WITH_WEAK_PULLUP                ;        ;                       ;         ; Column I/O ;                 ; no       ; On           ;
; J14      ; 368        ; 6        ; RESERVED_INPUT_WITH_WEAK_PULLUP                ;        ;                       ;         ; Row I/O    ;                 ; no       ; On           ;
; J15      ; 370        ; 6        ; RESERVED_INPUT_WITH_WEAK_PULLUP                ;        ;                       ;         ; Row I/O    ;                 ; no       ; On           ;
; J16      ;            ;          ; GND                                            ; gnd    ;                       ;         ; --         ;                 ; --       ; --           ;
; J17      ;            ; 6        ; VCCIO6                                         ; power  ;                       ; 2.5V    ; --         ;                 ; --       ; --           ;
; J18      ; 362        ; 6        ; RESERVED_INPUT_WITH_WEAK_PULLUP                ;        ;                       ;         ; Row I/O    ;                 ; no       ; On           ;
; J19      ;            ;          ; GND                                            ; gnd    ;                       ;         ; --         ;                 ; --       ; --           ;
; J20      ; 373        ; 6        ; RESERVED_INPUT_WITH_WEAK_PULLUP                ;        ;                       ;         ; Row I/O    ;                 ; no       ; On           ;
; J21      ; 327        ; 6        ; RESERVED_INPUT_WITH_WEAK_PULLUP                ;        ;                       ;         ; Row I/O    ;                 ; no       ; On           ;
; J22      ; 325        ; 6        ; RESERVED_INPUT_WITH_WEAK_PULLUP                ;        ;                       ;         ; Row I/O    ;                 ; no       ; On           ;
; K1       ; 49         ; 1B       ; RESERVED_INPUT_WITH_WEAK_PULLUP                ;        ;                       ;         ; Row I/O    ;                 ; no       ; On           ;
; K2       ; 37         ; 1B       ; RESERVED_INPUT_WITH_WEAK_PULLUP                ;        ;                       ;         ; Row I/O    ;                 ; no       ; On           ;
; K3       ;            ;          ; GND                                            ; gnd    ;                       ;         ; --         ;                 ; --       ; --           ;
; K4       ; 13         ; 1A       ; RESERVED_INPUT_WITH_WEAK_PULLUP                ;        ;                       ;         ; Row I/O    ;                 ; no       ; On           ;
; K5       ; 12         ; 1A       ; RESERVED_INPUT_WITH_WEAK_PULLUP                ;        ;                       ;         ; Row I/O    ;                 ; no       ; On           ;
; K6       ; 14         ; 1A       ; RESERVED_INPUT_WITH_WEAK_PULLUP                ;        ;                       ;         ; Row I/O    ;                 ; no       ; On           ;
; K7       ;            ; 1A       ; VCCIO1A                                        ; power  ;                       ; 2.5V    ; --         ;                 ; --       ; --           ;
; K8       ; 28         ; 1B       ; RESERVED_INPUT_WITH_WEAK_PULLUP                ;        ;                       ;         ; Row I/O    ;                 ; no       ; On           ;
; K9       ; 30         ; 1B       ; RESERVED_INPUT_WITH_WEAK_PULLUP                ;        ;                       ;         ; Row I/O    ;                 ; no       ; On           ;
; K10      ;            ;          ; GND                                            ; gnd    ;                       ;         ; --         ;                 ; --       ; --           ;
; K11      ;            ; --       ; VCC                                            ; power  ;                       ; 1.2V    ; --         ;                 ; --       ; --           ;
; K12      ;            ;          ; GND                                            ; gnd    ;                       ;         ; --         ;                 ; --       ; --           ;
; K13      ;            ; --       ; VCC                                            ; power  ;                       ; 1.2V    ; --         ;                 ; --       ; --           ;
; K14      ; 356        ; 6        ; RESERVED_INPUT_WITH_WEAK_PULLUP                ;        ;                       ;         ; Row I/O    ;                 ; no       ; On           ;
; K15      ; 358        ; 6        ; RESERVED_INPUT_WITH_WEAK_PULLUP                ;        ;                       ;         ; Row I/O    ;                 ; no       ; On           ;
; K16      ;            ; 6        ; VCCIO6                                         ; power  ;                       ; 2.5V    ; --         ;                 ; --       ; --           ;
; K17      ;            ; 6        ; VCCIO6                                         ; power  ;                       ; 2.5V    ; --         ;                 ; --       ; --           ;
; K18      ; 360        ; 6        ; RESERVED_INPUT_WITH_WEAK_PULLUP                ;        ;                       ;         ; Row I/O    ;                 ; no       ; On           ;
; K19      ; 361        ; 6        ; RESERVED_INPUT_WITH_WEAK_PULLUP                ;        ;                       ;         ; Row I/O    ;                 ; no       ; On           ;
; K20      ; 363        ; 6        ; RESERVED_INPUT_WITH_WEAK_PULLUP                ;        ;                       ;         ; Row I/O    ;                 ; no       ; On           ;
; K21      ; 326        ; 6        ; RESERVED_INPUT_WITH_WEAK_PULLUP                ;        ;                       ;         ; Row I/O    ;                 ; no       ; On           ;
; K22      ; 324        ; 6        ; RESERVED_INPUT_WITH_WEAK_PULLUP                ;        ;                       ;         ; Row I/O    ;                 ; no       ; On           ;
; L1       ; 51         ; 1B       ; RESERVED_INPUT_WITH_WEAK_PULLUP                ;        ;                       ;         ; Row I/O    ;                 ; no       ; On           ;
; L2       ; 39         ; 1B       ; RESERVED_INPUT_WITH_WEAK_PULLUP                ;        ;                       ;         ; Row I/O    ;                 ; no       ; On           ;
; L3       ;            ;          ; DNU                                            ;        ;                       ;         ; --         ;                 ; --       ; --           ;
; L4       ; 36         ; 1B       ; ~ALTERA_TDI~ / RESERVED_INPUT_WITH_WEAK_PULLUP ; input  ; 2.5 V Schmitt Trigger ;         ; Row I/O    ; N               ; no       ; On           ;
; L5       ;            ;          ; GND                                            ; gnd    ;                       ;         ; --         ;                 ; --       ; --           ;
; L6       ;            ; 1A       ; VCCIO1A                                        ; power  ;                       ; 2.5V    ; --         ;                 ; --       ; --           ;
; L7       ;            ; 1B       ; VCCIO1B                                        ; power  ;                       ; 2.5V    ; --         ;                 ; --       ; --           ;
; L8       ; 40         ; 1B       ; RESERVED_INPUT_WITH_WEAK_PULLUP                ;        ;                       ;         ; Row I/O    ;                 ; no       ; On           ;
; L9       ; 42         ; 1B       ; RESERVED_INPUT_WITH_WEAK_PULLUP                ;        ;                       ;         ; Row I/O    ;                 ; no       ; On           ;
; L10      ;            ; --       ; VCC                                            ; power  ;                       ; 1.2V    ; --         ;                 ; --       ; --           ;
; L11      ;            ; --       ; VCC                                            ; power  ;                       ; 1.2V    ; --         ;                 ; --       ; --           ;
; L12      ;            ; --       ; VCC                                            ; power  ;                       ; 1.2V    ; --         ;                 ; --       ; --           ;
; L13      ;            ;          ; GND                                            ; gnd    ;                       ;         ; --         ;                 ; --       ; --           ;
; L14      ; 344        ; 6        ; RESERVED_INPUT_WITH_WEAK_PULLUP                ;        ;                       ;         ; Row I/O    ;                 ; no       ; On           ;
; L15      ; 346        ; 6        ; RESERVED_INPUT_WITH_WEAK_PULLUP                ;        ;                       ;         ; Row I/O    ;                 ; no       ; On           ;
; L16      ;            ; 6        ; VCCIO6                                         ; power  ;                       ; 2.5V    ; --         ;                 ; --       ; --           ;
; L17      ;            ;          ; GND                                            ; gnd    ;                       ;         ; --         ;                 ; --       ; --           ;
; L18      ; 350        ; 6        ; RESERVED_INPUT_WITH_WEAK_PULLUP                ;        ;                       ;         ; Row I/O    ;                 ; no       ; On           ;
; L19      ; 349        ; 6        ; RESERVED_INPUT_WITH_WEAK_PULLUP                ;        ;                       ;         ; Row I/O    ;                 ; no       ; On           ;
; L20      ; 351        ; 6        ; RESERVED_INPUT_WITH_WEAK_PULLUP                ;        ;                       ;         ; Row I/O    ;                 ; no       ; On           ;
; L21      ;            ;          ; GND                                            ; gnd    ;                       ;         ; --         ;                 ; --       ; --           ;
; L22      ; 314        ; 5        ; RESERVED_INPUT_WITH_WEAK_PULLUP                ;        ;                       ;         ; Row I/O    ;                 ; no       ; On           ;
; M1       ; 79         ; 2        ; RESERVED_INPUT_WITH_WEAK_PULLUP                ;        ;                       ;         ; Row I/O    ;                 ; no       ; On           ;
; M2       ; 77         ; 2        ; RESERVED_INPUT_WITH_WEAK_PULLUP                ;        ;                       ;         ; Row I/O    ;                 ; --       ; --           ;
; M3       ; 50         ; 1B       ; RESERVED_INPUT_WITH_WEAK_PULLUP                ;        ;                       ;         ; Row I/O    ;                 ; no       ; On           ;
; M4       ; 48         ; 1B       ; RESERVED_INPUT_WITH_WEAK_PULLUP                ;        ;                       ;         ; Row I/O    ;                 ; no       ; On           ;
; M5       ; 38         ; 1B       ; ~ALTERA_TDO~                                   ; output ; 2.5 V                 ;         ; Row I/O    ; N               ; no       ; Off          ;
; M6       ;            ; 1B       ; VCCIO1B                                        ; power  ;                       ; 2.5V    ; --         ;                 ; --       ; --           ;
; M7       ;            ;          ; GND                                            ; gnd    ;                       ;         ; --         ;                 ; --       ; --           ;
; M8       ; 72         ; 2        ; RESERVED_INPUT_WITH_WEAK_PULLUP                ;        ;                       ;         ; Row I/O    ;                 ; no       ; On           ;
; M9       ; 74         ; 2        ; RESERVED_INPUT_WITH_WEAK_PULLUP                ;        ;                       ;         ; Row I/O    ;                 ; no       ; On           ;
; M10      ;            ;          ; GND                                            ; gnd    ;                       ;         ; --         ;                 ; --       ; --           ;
; M11      ;            ; --       ; VCC                                            ; power  ;                       ; 1.2V    ; --         ;                 ; --       ; --           ;
; M12      ;            ; --       ; VCC                                            ; power  ;                       ; 1.2V    ; --         ;                 ; --       ; --           ;
; M13      ;            ; --       ; VCC                                            ; power  ;                       ; 1.2V    ; --         ;                 ; --       ; --           ;
; M14      ; 334        ; 6        ; RESERVED_INPUT_WITH_WEAK_PULLUP                ;        ;                       ;         ; Row I/O    ;                 ; no       ; On           ;
; M15      ; 332        ; 6        ; RESERVED_INPUT_WITH_WEAK_PULLUP                ;        ;                       ;         ; Row I/O    ;                 ; no       ; On           ;
; M16      ;            ;          ; GND                                            ; gnd    ;                       ;         ; --         ;                 ; --       ; --           ;
; M17      ;            ; 6        ; VCCIO6                                         ; power  ;                       ; 2.5V    ; --         ;                 ; --       ; --           ;
; M18      ; 348        ; 6        ; RESERVED_INPUT_WITH_WEAK_PULLUP                ;        ;                       ;         ; Row I/O    ;                 ; no       ; On           ;
; M19      ;            ;          ; GND                                            ; gnd    ;                       ;         ; --         ;                 ; --       ; --           ;
; M20      ; 337        ; 6        ; RESERVED_INPUT_WITH_WEAK_PULLUP                ;        ;                       ;         ; Row I/O    ;                 ; no       ; On           ;
; M21      ; 312        ; 5        ; RESERVED_INPUT_WITH_WEAK_PULLUP                ;        ;                       ;         ; Row I/O    ;                 ; no       ; On           ;
; M22      ; 315        ; 5        ; RESERVED_INPUT_WITH_WEAK_PULLUP                ;        ;                       ;         ; Row I/O    ;                 ; no       ; On           ;
; N1       ; 87         ; 2        ; RESERVED_INPUT_WITH_WEAK_PULLUP                ;        ;                       ;         ; Row I/O    ;                 ; no       ; On           ;
; N2       ; 75         ; 2        ; RESERVED_INPUT_WITH_WEAK_PULLUP                ;        ;                       ;         ; Row I/O    ;                 ; no       ; On           ;
; N3       ; 73         ; 2        ; RESERVED_INPUT_WITH_WEAK_PULLUP                ;        ;                       ;         ; Row I/O    ;                 ; no       ; On           ;
; N4       ; 56         ; 2        ; RESERVED_INPUT_WITH_WEAK_PULLUP                ;        ;                       ;         ; Row I/O    ;                 ; no       ; On           ;
; N5       ; 58         ; 2        ; RESERVED_INPUT_WITH_WEAK_PULLUP                ;        ;                       ;         ; Row I/O    ;                 ; no       ; On           ;
; N6       ;            ; 2        ; VCCIO2                                         ; power  ;                       ; 2.5V    ; --         ;                 ; --       ; --           ;
; N7       ;            ; 2        ; VCCIO2                                         ; power  ;                       ; 2.5V    ; --         ;                 ; --       ; --           ;
; N8       ; 84         ; 2        ; RESERVED_INPUT_WITH_WEAK_PULLUP                ;        ;                       ;         ; Row I/O    ;                 ; no       ; On           ;
; N9       ; 86         ; 2        ; RESERVED_INPUT_WITH_WEAK_PULLUP                ;        ;                       ;         ; Row I/O    ;                 ; no       ; On           ;
; N10      ;            ; --       ; VCC                                            ; power  ;                       ; 1.2V    ; --         ;                 ; --       ; --           ;
; N11      ;            ;          ; GND                                            ; gnd    ;                       ;         ; --         ;                 ; --       ; --           ;
; N12      ;            ; --       ; VCC                                            ; power  ;                       ; 1.2V    ; --         ;                 ; --       ; --           ;
; N13      ;            ;          ; GND                                            ; gnd    ;                       ;         ; --         ;                 ; --       ; --           ;
; N14      ; 320        ; 6        ; RESERVED_INPUT_WITH_WEAK_PULLUP                ;        ;                       ;         ; Row I/O    ;                 ; no       ; On           ;
; N15      ; 322        ; 6        ; RESERVED_INPUT_WITH_WEAK_PULLUP                ;        ;                       ;         ; Row I/O    ;                 ; no       ; On           ;
; N16      ;            ; 5        ; VCCIO5                                         ; power  ;                       ; 2.5V    ; --         ;                 ; --       ; --           ;
; N17      ;            ; 6        ; VCCIO6                                         ; power  ;                       ; 2.5V    ; --         ;                 ; --       ; --           ;
; N18      ; 336        ; 6        ; RESERVED_INPUT_WITH_WEAK_PULLUP                ;        ;                       ;         ; Row I/O    ;                 ; no       ; On           ;
; N19      ; 338        ; 6        ; RESERVED_INPUT_WITH_WEAK_PULLUP                ;        ;                       ;         ; Row I/O    ;                 ; no       ; On           ;
; N20      ; 339        ; 6        ; RESERVED_INPUT_WITH_WEAK_PULLUP                ;        ;                       ;         ; Row I/O    ;                 ; no       ; On           ;
; N21      ; 313        ; 5        ; RESERVED_INPUT_WITH_WEAK_PULLUP                ;        ;                       ;         ; Row I/O    ;                 ; no       ; On           ;
; N22      ; 307        ; 5        ; RESERVED_INPUT_WITH_WEAK_PULLUP                ;        ;                       ;         ; Row I/O    ;                 ; no       ; On           ;
; P1       ; 85         ; 2        ; RESERVED_INPUT_WITH_WEAK_PULLUP                ;        ;                       ;         ; Row I/O    ;                 ; no       ; On           ;
; P2       ;            ;          ; GND                                            ; gnd    ;                       ;         ; --         ;                 ; --       ; --           ;
; P3       ; 76         ; 2        ; RESERVED_INPUT_WITH_WEAK_PULLUP                ;        ;                       ;         ; Row I/O    ;                 ; no       ; On           ;
; P4       ; 57         ; 2        ; RESERVED_INPUT_WITH_WEAK_PULLUP                ;        ;                       ;         ; Row I/O    ;                 ; no       ; On           ;
; P5       ; 59         ; 2        ; RESERVED_INPUT_WITH_WEAK_PULLUP                ;        ;                       ;         ; Row I/O    ;                 ; no       ; On           ;
; P6       ;            ;          ; GND                                            ; gnd    ;                       ;         ; --         ;                 ; --       ; --           ;
; P7       ;            ; 2        ; VCCIO2                                         ; power  ;                       ; 2.5V    ; --         ;                 ; --       ; --           ;
; P8       ; 96         ; 2        ; RESERVED_INPUT_WITH_WEAK_PULLUP                ;        ;                       ;         ; Row I/O    ;                 ; no       ; On           ;
; P9       ; 142        ; 3        ; RESERVED_INPUT_WITH_WEAK_PULLUP                ;        ;                       ;         ; Column I/O ;                 ; no       ; On           ;
; P10      ; 154        ; 3        ; RESERVED_INPUT_WITH_WEAK_PULLUP                ;        ;                       ;         ; Column I/O ;                 ; no       ; On           ;
; P11      ; 166        ; 3        ; clk                                            ; input  ; 2.5 V                 ;         ; Column I/O ; Y               ; no       ; Off          ;
; P12      ; 178        ; 4        ; RESERVED_INPUT_WITH_WEAK_PULLUP                ;        ;                       ;         ; Column I/O ;                 ; no       ; On           ;
; P13      ; 198        ; 4        ; RESERVED_INPUT_WITH_WEAK_PULLUP                ;        ;                       ;         ; Column I/O ;                 ; no       ; On           ;
; P14      ; 306        ; 5        ; RESERVED_INPUT_WITH_WEAK_PULLUP                ;        ;                       ;         ; Row I/O    ;                 ; no       ; On           ;
; P15      ; 304        ; 5        ; RESERVED_INPUT_WITH_WEAK_PULLUP                ;        ;                       ;         ; Row I/O    ;                 ; no       ; On           ;
; P16      ;            ; 5        ; VCCIO5                                         ; power  ;                       ; 2.5V    ; --         ;                 ; --       ; --           ;
; P17      ;            ;          ; GND                                            ; gnd    ;                       ;         ; --         ;                 ; --       ; --           ;
; P18      ; 310        ; 5        ; RESERVED_INPUT_WITH_WEAK_PULLUP                ;        ;                       ;         ; Row I/O    ;                 ; no       ; On           ;
; P19      ; 309        ; 5        ; RESERVED_INPUT_WITH_WEAK_PULLUP                ;        ;                       ;         ; Row I/O    ;                 ; no       ; On           ;
; P20      ; 311        ; 5        ; RESERVED_INPUT_WITH_WEAK_PULLUP                ;        ;                       ;         ; Row I/O    ;                 ; no       ; On           ;
; P21      ; 305        ; 5        ; RESERVED_INPUT_WITH_WEAK_PULLUP                ;        ;                       ;         ; Row I/O    ;                 ; no       ; On           ;
; P22      ; 303        ; 5        ; RESERVED_INPUT_WITH_WEAK_PULLUP                ;        ;                       ;         ; Row I/O    ;                 ; --       ; --           ;
; R1       ; 121        ; 2        ; RESERVED_INPUT_WITH_WEAK_PULLUP                ;        ;                       ;         ; Row I/O    ;                 ; no       ; On           ;
; R2       ; 123        ; 2        ; RESERVED_INPUT_WITH_WEAK_PULLUP                ;        ;                       ;         ; Row I/O    ;                 ; no       ; On           ;
; R3       ; 78         ; 2        ; RESERVED_INPUT_WITH_WEAK_PULLUP                ;        ;                       ;         ; Row I/O    ;                 ; no       ; On           ;
; R4       ; 80         ; 2        ; RESERVED_INPUT_WITH_WEAK_PULLUP                ;        ;                       ;         ; Row I/O    ;                 ; no       ; On           ;
; R5       ; 82         ; 2        ; RESERVED_INPUT_WITH_WEAK_PULLUP                ;        ;                       ;         ; Row I/O    ;                 ; no       ; On           ;
; R6       ;            ; 2        ; VCCIO2                                         ; power  ;                       ; 2.5V    ; --         ;                 ; --       ; --           ;
; R7       ; 98         ; 2        ; RESERVED_INPUT_WITH_WEAK_PULLUP                ;        ;                       ;         ; Row I/O    ;                 ; no       ; On           ;
; R8       ;            ; --       ; VCCA1                                          ; power  ;                       ; 2.5V    ; --         ;                 ; --       ; --           ;
; R9       ; 140        ; 3        ; RESERVED_INPUT_WITH_WEAK_PULLUP                ;        ;                       ;         ; Column I/O ;                 ; no       ; On           ;
; R10      ; 152        ; 3        ; RESERVED_INPUT_WITH_WEAK_PULLUP                ;        ;                       ;         ; Column I/O ;                 ; no       ; On           ;
; R11      ; 164        ; 3        ; RESERVED_INPUT_WITH_WEAK_PULLUP                ;        ;                       ;         ; Column I/O ;                 ; no       ; On           ;
; R12      ; 176        ; 4        ; RESERVED_INPUT_WITH_WEAK_PULLUP                ;        ;                       ;         ; Column I/O ;                 ; no       ; On           ;
; R13      ; 196        ; 4        ; RESERVED_INPUT_WITH_WEAK_PULLUP                ;        ;                       ;         ; Column I/O ;                 ; no       ; On           ;
; R14      ; 294        ; 5        ; RESERVED_INPUT_WITH_WEAK_PULLUP                ;        ;                       ;         ; Row I/O    ;                 ; no       ; On           ;
; R15      ; 292        ; 5        ; RESERVED_INPUT_WITH_WEAK_PULLUP                ;        ;                       ;         ; Row I/O    ;                 ; no       ; On           ;
; R16      ;            ; 5        ; VCCIO5                                         ; power  ;                       ; 2.5V    ; --         ;                 ; --       ; --           ;
; R17      ;            ; 5        ; VCCIO5                                         ; power  ;                       ; 2.5V    ; --         ;                 ; --       ; --           ;
; R18      ; 308        ; 5        ; RESERVED_INPUT_WITH_WEAK_PULLUP                ;        ;                       ;         ; Row I/O    ;                 ; no       ; On           ;
; R19      ;            ;          ; GND                                            ; gnd    ;                       ;         ; --         ;                 ; --       ; --           ;
; R20      ; 299        ; 5        ; RESERVED_INPUT_WITH_WEAK_PULLUP                ;        ;                       ;         ; Row I/O    ;                 ; no       ; On           ;
; R21      ;            ;          ; GND                                            ; gnd    ;                       ;         ; --         ;                 ; --       ; --           ;
; R22      ; 301        ; 5        ; RESERVED_INPUT_WITH_WEAK_PULLUP                ;        ;                       ;         ; Row I/O    ;                 ; no       ; On           ;
; T1       ; 81         ; 2        ; RESERVED_INPUT_WITH_WEAK_PULLUP                ;        ;                       ;         ; Row I/O    ;                 ; no       ; On           ;
; T2       ; 83         ; 2        ; RESERVED_INPUT_WITH_WEAK_PULLUP                ;        ;                       ;         ; Row I/O    ;                 ; no       ; On           ;
; T3       ; 88         ; 2        ; RESERVED_INPUT_WITH_WEAK_PULLUP                ;        ;                       ;         ; Row I/O    ;                 ; no       ; On           ;
; T4       ;            ;          ; GND                                            ; gnd    ;                       ;         ; --         ;                 ; --       ; --           ;
; T5       ; 120        ; 2        ; RESERVED_INPUT_WITH_WEAK_PULLUP                ;        ;                       ;         ; Row I/O    ;                 ; no       ; On           ;
; T6       ; 122        ; 2        ; RESERVED_INPUT_WITH_WEAK_PULLUP                ;        ;                       ;         ; Row I/O    ;                 ; no       ; On           ;
; T7       ;            ;          ; VCCD_PLL1                                      ; power  ;                       ; 1.2V    ; --         ;                 ; --       ; --           ;
; T8       ;            ;          ; GND                                            ; gnd    ;                       ;         ; --         ;                 ; --       ; --           ;
; T9       ;            ; 3        ; VCCIO3                                         ; power  ;                       ; 2.5V    ; --         ;                 ; --       ; --           ;
; T10      ;            ; 3        ; VCCIO3                                         ; power  ;                       ; 2.5V    ; --         ;                 ; --       ; --           ;
; T11      ;            ; 3        ; VCCIO3                                         ; power  ;                       ; 2.5V    ; --         ;                 ; --       ; --           ;
; T12      ;            ; 4        ; VCCIO4                                         ; power  ;                       ; 2.5V    ; --         ;                 ; --       ; --           ;
; T13      ;            ; 4        ; VCCIO4                                         ; power  ;                       ; 2.5V    ; --         ;                 ; --       ; --           ;
; T14      ;            ;          ; GND                                            ; gnd    ;                       ;         ; --         ;                 ; --       ; --           ;
; T15      ;            ; --       ; VCCA4                                          ; power  ;                       ; 2.5V    ; --         ;                 ; --       ; --           ;
; T16      ;            ;          ; GND                                            ; gnd    ;                       ;         ; --         ;                 ; --       ; --           ;
; T17      ;            ; 5        ; VCCIO5                                         ; power  ;                       ; 2.5V    ; --         ;                 ; --       ; --           ;
; T18      ; 298        ; 5        ; RESERVED_INPUT_WITH_WEAK_PULLUP                ;        ;                       ;         ; Row I/O    ;                 ; no       ; On           ;
; T19      ; 296        ; 5        ; RESERVED_INPUT_WITH_WEAK_PULLUP                ;        ;                       ;         ; Row I/O    ;                 ; no       ; On           ;
; T20      ; 297        ; 5        ; RESERVED_INPUT_WITH_WEAK_PULLUP                ;        ;                       ;         ; Row I/O    ;                 ; no       ; On           ;
; T21      ; 293        ; 5        ; RESERVED_INPUT_WITH_WEAK_PULLUP                ;        ;                       ;         ; Row I/O    ;                 ; no       ; On           ;
; T22      ; 295        ; 5        ; RESERVED_INPUT_WITH_WEAK_PULLUP                ;        ;                       ;         ; Row I/O    ;                 ; no       ; On           ;
; U1       ; 89         ; 2        ; RESERVED_INPUT_WITH_WEAK_PULLUP                ;        ;                       ;         ; Row I/O    ;                 ; no       ; On           ;
; U2       ; 90         ; 2        ; RESERVED_INPUT_WITH_WEAK_PULLUP                ;        ;                       ;         ; Row I/O    ;                 ; no       ; On           ;
; U3       ; 93         ; 2        ; RESERVED_INPUT_WITH_WEAK_PULLUP                ;        ;                       ;         ; Row I/O    ;                 ; no       ; On           ;
; U4       ; 92         ; 2        ; RESERVED_INPUT_WITH_WEAK_PULLUP                ;        ;                       ;         ; Row I/O    ;                 ; no       ; On           ;
; U5       ; 94         ; 2        ; RESERVED_INPUT_WITH_WEAK_PULLUP                ;        ;                       ;         ; Row I/O    ;                 ; no       ; On           ;
; U6       ; 128        ; 3        ; RESERVED_INPUT_WITH_WEAK_PULLUP                ;        ;                       ;         ; Column I/O ;                 ; no       ; On           ;
; U7       ; 130        ; 3        ; RESERVED_INPUT_WITH_WEAK_PULLUP                ;        ;                       ;         ; Column I/O ;                 ; no       ; On           ;
; U8       ;            ; 3        ; VCCIO3                                         ; power  ;                       ; 2.5V    ; --         ;                 ; --       ; --           ;
; U9       ;            ; 3        ; VCCIO3                                         ; power  ;                       ; 2.5V    ; --         ;                 ; --       ; --           ;
; U10      ;            ;          ; GND                                            ; gnd    ;                       ;         ; --         ;                 ; --       ; --           ;
; U11      ;            ; 4        ; VCCIO4                                         ; power  ;                       ; 2.5V    ; --         ;                 ; --       ; --           ;
; U12      ;            ; 4        ; VCCIO4                                         ; power  ;                       ; 2.5V    ; --         ;                 ; --       ; --           ;
; U13      ;            ;          ; GND                                            ; gnd    ;                       ;         ; --         ;                 ; --       ; --           ;
; U14      ;            ; 4        ; VCCIO4                                         ; power  ;                       ; 2.5V    ; --         ;                 ; --       ; --           ;
; U15      ; 208        ; 4        ; RESERVED_INPUT_WITH_WEAK_PULLUP                ;        ;                       ;         ; Column I/O ;                 ; no       ; On           ;
; U16      ;            ;          ; VCCD_PLL4                                      ; power  ;                       ; 1.2V    ; --         ;                 ; --       ; --           ;
; U17      ; 246        ; 5        ; RESERVED_INPUT_WITH_WEAK_PULLUP                ;        ;                       ;         ; Row I/O    ;                 ; no       ; On           ;
; U18      ; 244        ; 5        ; RESERVED_INPUT_WITH_WEAK_PULLUP                ;        ;                       ;         ; Row I/O    ;                 ; no       ; On           ;
; U19      ; 282        ; 5        ; RESERVED_INPUT_WITH_WEAK_PULLUP                ;        ;                       ;         ; Row I/O    ;                 ; no       ; On           ;
; U20      ; 290        ; 5        ; RESERVED_INPUT_WITH_WEAK_PULLUP                ;        ;                       ;         ; Row I/O    ;                 ; no       ; On           ;
; U21      ; 300        ; 5        ; RESERVED_INPUT_WITH_WEAK_PULLUP                ;        ;                       ;         ; Row I/O    ;                 ; no       ; On           ;
; U22      ; 302        ; 5        ; RESERVED_INPUT_WITH_WEAK_PULLUP                ;        ;                       ;         ; Row I/O    ;                 ; no       ; On           ;
; V1       ; 91         ; 2        ; RESERVED_INPUT_WITH_WEAK_PULLUP                ;        ;                       ;         ; Row I/O    ;                 ; no       ; On           ;
; V2       ;            ;          ; GND                                            ; gnd    ;                       ;         ; --         ;                 ; --       ; --           ;
; V3       ; 95         ; 2        ; RESERVED_INPUT_WITH_WEAK_PULLUP                ;        ;                       ;         ; Row I/O    ;                 ; no       ; On           ;
; V4       ; 125        ; 3        ; RESERVED_INPUT_WITH_WEAK_PULLUP                ;        ;                       ;         ; Column I/O ;                 ; no       ; On           ;
; V5       ; 127        ; 3        ; RESERVED_INPUT_WITH_WEAK_PULLUP                ;        ;                       ;         ; Column I/O ;                 ; no       ; On           ;
; V6       ;            ;          ; GND                                            ; gnd    ;                       ;         ; --         ;                 ; --       ; --           ;
; V7       ; 136        ; 3        ; RESERVED_INPUT_WITH_WEAK_PULLUP                ;        ;                       ;         ; Column I/O ;                 ; no       ; On           ;
; V8       ; 138        ; 3        ; RESERVED_INPUT_WITH_WEAK_PULLUP                ;        ;                       ;         ; Column I/O ;                 ; no       ; On           ;
; V9       ; 160        ; 3        ; RESERVED_INPUT_WITH_WEAK_PULLUP                ;        ;                       ;         ; Column I/O ;                 ; no       ; On           ;
; V10      ; 162        ; 3        ; RESERVED_INPUT_WITH_WEAK_PULLUP                ;        ;                       ;         ; Column I/O ;                 ; no       ; On           ;
; V11      ; 172        ; 4        ; RESERVED_INPUT_WITH_WEAK_PULLUP                ;        ;                       ;         ; Column I/O ;                 ; no       ; On           ;
; V12      ; 174        ; 4        ; RESERVED_INPUT_WITH_WEAK_PULLUP                ;        ;                       ;         ; Column I/O ;                 ; no       ; On           ;
; V13      ; 192        ; 4        ; RESERVED_INPUT_WITH_WEAK_PULLUP                ;        ;                       ;         ; Column I/O ;                 ; no       ; On           ;
; V14      ; 204        ; 4        ; RESERVED_INPUT_WITH_WEAK_PULLUP                ;        ;                       ;         ; Column I/O ;                 ; no       ; On           ;
; V15      ; 216        ; 4        ; RESERVED_INPUT_WITH_WEAK_PULLUP                ;        ;                       ;         ; Column I/O ;                 ; no       ; On           ;
; V16      ; 210        ; 4        ; RESERVED_INPUT_WITH_WEAK_PULLUP                ;        ;                       ;         ; Column I/O ;                 ; no       ; On           ;
; V17      ; 242        ; 4        ; RESERVED_INPUT_WITH_WEAK_PULLUP                ;        ;                       ;         ; Column I/O ;                 ; no       ; On           ;
; V18      ; 280        ; 5        ; RESERVED_INPUT_WITH_WEAK_PULLUP                ;        ;                       ;         ; Row I/O    ;                 ; no       ; On           ;
; V19      ;            ;          ; GND                                            ; gnd    ;                       ;         ; --         ;                 ; --       ; --           ;
; V20      ; 288        ; 5        ; RESERVED_INPUT_WITH_WEAK_PULLUP                ;        ;                       ;         ; Row I/O    ;                 ; no       ; On           ;
; V21      ; 289        ; 5        ; RESERVED_INPUT_WITH_WEAK_PULLUP                ;        ;                       ;         ; Row I/O    ;                 ; no       ; On           ;
; V22      ; 291        ; 5        ; RESERVED_INPUT_WITH_WEAK_PULLUP                ;        ;                       ;         ; Row I/O    ;                 ; no       ; On           ;
; W1       ; 97         ; 2        ; RESERVED_INPUT_WITH_WEAK_PULLUP                ;        ;                       ;         ; Row I/O    ;                 ; no       ; On           ;
; W2       ; 99         ; 2        ; RESERVED_INPUT_WITH_WEAK_PULLUP                ;        ;                       ;         ; Row I/O    ;                 ; no       ; On           ;
; W3       ; 134        ; 3        ; RESERVED_INPUT_WITH_WEAK_PULLUP                ;        ;                       ;         ; Column I/O ;                 ; no       ; On           ;
; W4       ; 132        ; 3        ; RESERVED_INPUT_WITH_WEAK_PULLUP                ;        ;                       ;         ; Column I/O ;                 ; no       ; On           ;
; W5       ; 124        ; 3        ; RESERVED_INPUT_WITH_WEAK_PULLUP                ;        ;                       ;         ; Column I/O ;                 ; no       ; On           ;
; W6       ; 126        ; 3        ; RESERVED_INPUT_WITH_WEAK_PULLUP                ;        ;                       ;         ; Column I/O ;                 ; no       ; On           ;
; W7       ; 148        ; 3        ; RESERVED_INPUT_WITH_WEAK_PULLUP                ;        ;                       ;         ; Column I/O ;                 ; no       ; On           ;
; W8       ; 150        ; 3        ; RESERVED_INPUT_WITH_WEAK_PULLUP                ;        ;                       ;         ; Column I/O ;                 ; no       ; On           ;
; W9       ; 144        ; 3        ; RESERVED_INPUT_WITH_WEAK_PULLUP                ;        ;                       ;         ; Column I/O ;                 ; no       ; On           ;
; W10      ; 146        ; 3        ; RESERVED_INPUT_WITH_WEAK_PULLUP                ;        ;                       ;         ; Column I/O ;                 ; no       ; On           ;
; W11      ; 173        ; 4        ; RESERVED_INPUT_WITH_WEAK_PULLUP                ;        ;                       ;         ; Column I/O ;                 ; no       ; On           ;
; W12      ; 193        ; 4        ; RESERVED_INPUT_WITH_WEAK_PULLUP                ;        ;                       ;         ; Column I/O ;                 ; no       ; On           ;
; W13      ; 195        ; 4        ; RESERVED_INPUT_WITH_WEAK_PULLUP                ;        ;                       ;         ; Column I/O ;                 ; no       ; On           ;
; W14      ; 194        ; 4        ; RESERVED_INPUT_WITH_WEAK_PULLUP                ;        ;                       ;         ; Column I/O ;                 ; no       ; On           ;
; W15      ; 206        ; 4        ; RESERVED_INPUT_WITH_WEAK_PULLUP                ;        ;                       ;         ; Column I/O ;                 ; no       ; On           ;
; W16      ; 218        ; 4        ; RESERVED_INPUT_WITH_WEAK_PULLUP                ;        ;                       ;         ; Column I/O ;                 ; no       ; On           ;
; W17      ; 240        ; 4        ; RESERVED_INPUT_WITH_WEAK_PULLUP                ;        ;                       ;         ; Column I/O ;                 ; no       ; On           ;
; W18      ; 226        ; 4        ; RESERVED_INPUT_WITH_WEAK_PULLUP                ;        ;                       ;         ; Column I/O ;                 ; no       ; On           ;
; W19      ; 284        ; 5        ; RESERVED_INPUT_WITH_WEAK_PULLUP                ;        ;                       ;         ; Row I/O    ;                 ; no       ; On           ;
; W20      ; 286        ; 5        ; RESERVED_INPUT_WITH_WEAK_PULLUP                ;        ;                       ;         ; Row I/O    ;                 ; no       ; On           ;
; W21      ;            ;          ; GND                                            ; gnd    ;                       ;         ; --         ;                 ; --       ; --           ;
; W22      ; 283        ; 5        ; RESERVED_INPUT_WITH_WEAK_PULLUP                ;        ;                       ;         ; Row I/O    ;                 ; no       ; On           ;
; Y1       ; 129        ; 3        ; RESERVED_INPUT_WITH_WEAK_PULLUP                ;        ;                       ;         ; Column I/O ;                 ; no       ; On           ;
; Y2       ; 131        ; 3        ; RESERVED_INPUT_WITH_WEAK_PULLUP                ;        ;                       ;         ; Column I/O ;                 ; no       ; On           ;
; Y3       ; 149        ; 3        ; RESERVED_INPUT_WITH_WEAK_PULLUP                ;        ;                       ;         ; Column I/O ;                 ; no       ; On           ;
; Y4       ; 151        ; 3        ; RESERVED_INPUT_WITH_WEAK_PULLUP                ;        ;                       ;         ; Column I/O ;                 ; no       ; On           ;
; Y5       ; 137        ; 3        ; RESERVED_INPUT_WITH_WEAK_PULLUP                ;        ;                       ;         ; Column I/O ;                 ; no       ; On           ;
; Y6       ; 139        ; 3        ; RESERVED_INPUT_WITH_WEAK_PULLUP                ;        ;                       ;         ; Column I/O ;                 ; no       ; On           ;
; Y7       ; 141        ; 3        ; RESERVED_INPUT_WITH_WEAK_PULLUP                ;        ;                       ;         ; Column I/O ;                 ; no       ; On           ;
; Y8       ; 143        ; 3        ; RESERVED_INPUT_WITH_WEAK_PULLUP                ;        ;                       ;         ; Column I/O ;                 ; no       ; On           ;
; Y9       ;            ;          ; GND                                            ; gnd    ;                       ;         ; --         ;                 ; --       ; --           ;
; Y10      ; 168        ; 3        ; RESERVED_INPUT_WITH_WEAK_PULLUP                ;        ;                       ;         ; Column I/O ;                 ; no       ; On           ;
; Y11      ; 175        ; 4        ; RESERVED_INPUT_WITH_WEAK_PULLUP                ;        ;                       ;         ; Column I/O ;                 ; no       ; On           ;
; Y12      ;            ;          ; GND                                            ; gnd    ;                       ;         ; --         ;                 ; --       ; --           ;
; Y13      ; 200        ; 4        ; RESERVED_INPUT_WITH_WEAK_PULLUP                ;        ;                       ;         ; Column I/O ;                 ; no       ; On           ;
; Y14      ; 202        ; 4        ; RESERVED_INPUT_WITH_WEAK_PULLUP                ;        ;                       ;         ; Column I/O ;                 ; no       ; On           ;
; Y15      ;            ;          ; GND                                            ; gnd    ;                       ;         ; --         ;                 ; --       ; --           ;
; Y16      ; 207        ; 4        ; RESERVED_INPUT_WITH_WEAK_PULLUP                ;        ;                       ;         ; Column I/O ;                 ; no       ; On           ;
; Y17      ; 214        ; 4        ; RESERVED_INPUT_WITH_WEAK_PULLUP                ;        ;                       ;         ; Column I/O ;                 ; no       ; On           ;
; Y18      ; 219        ; 4        ; RESERVED_INPUT_WITH_WEAK_PULLUP                ;        ;                       ;         ; Column I/O ;                 ; no       ; On           ;
; Y19      ; 224        ; 4        ; RESERVED_INPUT_WITH_WEAK_PULLUP                ;        ;                       ;         ; Column I/O ;                 ; no       ; On           ;
; Y20      ; 285        ; 5        ; RESERVED_INPUT_WITH_WEAK_PULLUP                ;        ;                       ;         ; Row I/O    ;                 ; no       ; On           ;
; Y21      ; 287        ; 5        ; RESERVED_INPUT_WITH_WEAK_PULLUP                ;        ;                       ;         ; Row I/O    ;                 ; no       ; On           ;
; Y22      ; 281        ; 5        ; RESERVED_INPUT_WITH_WEAK_PULLUP                ;        ;                       ;         ; Row I/O    ;                 ; no       ; On           ;
+----------+------------+----------+------------------------------------------------+--------+-----------------------+---------+------------+-----------------+----------+--------------+
Note: Pin directions (input, output or bidir) are based on device operating in user mode.


+----------------------------------------------+
; I/O Assignment Warnings                      ;
+--------------+-------------------------------+
; Pin Name     ; Reason                        ;
+--------------+-------------------------------+
; sys_valid    ; Incomplete set of assignments ;
; class_out[0] ; Incomplete set of assignments ;
; class_out[1] ; Incomplete set of assignments ;
; class_out[2] ; Incomplete set of assignments ;
; class_out[3] ; Incomplete set of assignments ;
; clk          ; Incomplete set of assignments ;
; rst_n        ; Incomplete set of assignments ;
; img_valid    ; Incomplete set of assignments ;
; img_data     ; Incomplete set of assignments ;
; sys_valid    ; Missing location assignment   ;
; class_out[0] ; Missing location assignment   ;
; class_out[1] ; Missing location assignment   ;
; class_out[2] ; Missing location assignment   ;
; class_out[3] ; Missing location assignment   ;
; img_valid    ; Missing location assignment   ;
; img_data     ; Missing location assignment   ;
+--------------+-------------------------------+


+---------------------------------------------------------------------------------------------------------------------------------------------------------------------------------------------------------------------------------------------------------------------------------------------------------------------------------------------------------------------------------------------------------------------------------------------------------------+
; Fitter Resource Utilization by Entity                                                                                                                                                                                                                                                                                                                                                                                                                         ;
+--------------------------------------------------------+--------------+---------------------------+---------------+-------------+------+------------+--------------+---------+-----------+------+--------------+--------------+-------------------+------------------+------------+----------------------------------------------------------------------------------------------------------------------------------------+-------------------+--------------+
; Compilation Hierarchy Node                             ; Logic Cells  ; Dedicated Logic Registers ; I/O Registers ; Memory Bits ; M9Ks ; UFM Blocks ; DSP Elements ; DSP 9x9 ; DSP 18x18 ; Pins ; Virtual Pins ; LUT-Only LCs ; Register-Only LCs ; LUT/Register LCs ; ADC blocks ; Full Hierarchy Name                                                                                                                    ; Entity Name       ; Library Name ;
+--------------------------------------------------------+--------------+---------------------------+---------------+-------------+------+------------+--------------+---------+-----------+------+--------------+--------------+-------------------+------------------+------------+----------------------------------------------------------------------------------------------------------------------------------------+-------------------+--------------+
; |bdscnn_top                                            ; 18325 (1)    ; 2241 (0)                  ; 0 (0)         ; 112         ; 2    ; 1          ; 0            ; 0       ; 0         ; 9    ; 0            ; 16084 (1)    ; 382 (0)           ; 1859 (0)         ; 0          ; |bdscnn_top                                                                                                                            ; bdscnn_top        ; work         ;
;    |dw_top:u_dw|                                       ; 94 (0)       ; 84 (0)                    ; 0 (0)         ; 52          ; 1    ; 0          ; 0            ; 0       ; 0         ; 0    ; 0            ; 10 (0)       ; 58 (0)            ; 26 (0)           ; 0          ; |bdscnn_top|dw_top:u_dw                                                                                                                ; dw_top            ; work         ;
;       |dw_pe:pe_ch0|                                   ; 7 (7)        ; 7 (7)                     ; 0 (0)         ; 0           ; 0    ; 0          ; 0            ; 0       ; 0         ; 0    ; 0            ; 0 (0)        ; 5 (5)             ; 2 (0)            ; 0          ; |bdscnn_top|dw_top:u_dw|dw_pe:pe_ch0                                                                                                   ; dw_pe             ; work         ;
;          |popcount:popcount|                           ; 2 (2)        ; 0 (0)                     ; 0 (0)         ; 0           ; 0    ; 0          ; 0            ; 0       ; 0         ; 0    ; 0            ; 0 (0)        ; 0 (0)             ; 2 (2)            ; 0          ; |bdscnn_top|dw_top:u_dw|dw_pe:pe_ch0|popcount:popcount                                                                                 ; popcount          ; work         ;
;       |dw_pe:pe_ch1|                                   ; 8 (8)        ; 8 (8)                     ; 0 (0)         ; 0           ; 0    ; 0          ; 0            ; 0       ; 0         ; 0    ; 0            ; 0 (0)        ; 5 (5)             ; 3 (0)            ; 0          ; |bdscnn_top|dw_top:u_dw|dw_pe:pe_ch1                                                                                                   ; dw_pe             ; work         ;
;          |popcount:popcount|                           ; 3 (3)        ; 0 (0)                     ; 0 (0)         ; 0           ; 0    ; 0          ; 0            ; 0       ; 0         ; 0    ; 0            ; 0 (0)        ; 0 (0)             ; 3 (3)            ; 0          ; |bdscnn_top|dw_top:u_dw|dw_pe:pe_ch1|popcount:popcount                                                                                 ; popcount          ; work         ;
;       |dw_pe:pe_ch2|                                   ; 6 (6)        ; 6 (6)                     ; 0 (0)         ; 0           ; 0    ; 0          ; 0            ; 0       ; 0         ; 0    ; 0            ; 0 (0)        ; 3 (3)             ; 3 (1)            ; 0          ; |bdscnn_top|dw_top:u_dw|dw_pe:pe_ch2                                                                                                   ; dw_pe             ; work         ;
;          |popcount:popcount|                           ; 2 (2)        ; 0 (0)                     ; 0 (0)         ; 0           ; 0    ; 0          ; 0            ; 0       ; 0         ; 0    ; 0            ; 0 (0)        ; 0 (0)             ; 2 (2)            ; 0          ; |bdscnn_top|dw_top:u_dw|dw_pe:pe_ch2|popcount:popcount                                                                                 ; popcount          ; work         ;
;       |window3x3s1:u_window|                           ; 73 (57)      ; 63 (54)                   ; 0 (0)         ; 52          ; 1    ; 0          ; 0            ; 0       ; 0         ; 0    ; 0            ; 10 (3)       ; 45 (45)           ; 18 (9)           ; 0          ; |bdscnn_top|dw_top:u_dw|window3x3s1:u_window                                                                                           ; window3x3s1       ; work         ;
;          |altshift_taps:buff_row1_rtl_0|               ; 16 (0)       ; 9 (0)                     ; 0 (0)         ; 52          ; 1    ; 0          ; 0            ; 0       ; 0         ; 0    ; 0            ; 7 (0)        ; 0 (0)             ; 9 (0)            ; 0          ; |bdscnn_top|dw_top:u_dw|window3x3s1:u_window|altshift_taps:buff_row1_rtl_0                                                             ; altshift_taps     ; work         ;
;             |shift_taps_ggm:auto_generated|            ; 16 (0)       ; 9 (1)                     ; 0 (0)         ; 52          ; 1    ; 0          ; 0            ; 0       ; 0         ; 0    ; 0            ; 7 (0)        ; 0 (0)             ; 9 (0)            ; 0          ; |bdscnn_top|dw_top:u_dw|window3x3s1:u_window|altshift_taps:buff_row1_rtl_0|shift_taps_ggm:auto_generated                               ; shift_taps_ggm    ; work         ;
;                |altsyncram_mca1:altsyncram2|           ; 0 (0)        ; 0 (0)                     ; 0 (0)         ; 52          ; 1    ; 0          ; 0            ; 0       ; 0         ; 0    ; 0            ; 0 (0)        ; 0 (0)             ; 0 (0)            ; 0          ; |bdscnn_top|dw_top:u_dw|window3x3s1:u_window|altshift_taps:buff_row1_rtl_0|shift_taps_ggm:auto_generated|altsyncram_mca1:altsyncram2   ; altsyncram_mca1   ; work         ;
;                |cntr_6lg:cntr3|                        ; 6 (6)        ; 4 (4)                     ; 0 (0)         ; 0           ; 0    ; 0          ; 0            ; 0       ; 0         ; 0    ; 0            ; 1 (1)        ; 0 (0)             ; 5 (5)            ; 0          ; |bdscnn_top|dw_top:u_dw|window3x3s1:u_window|altshift_taps:buff_row1_rtl_0|shift_taps_ggm:auto_generated|cntr_6lg:cntr3                ; cntr_6lg          ; work         ;
;                |cntr_g5f:cntr1|                        ; 10 (9)       ; 4 (4)                     ; 0 (0)         ; 0           ; 0    ; 0          ; 0            ; 0       ; 0         ; 0    ; 0            ; 6 (5)        ; 0 (0)             ; 4 (4)            ; 0          ; |bdscnn_top|dw_top:u_dw|window3x3s1:u_window|altshift_taps:buff_row1_rtl_0|shift_taps_ggm:auto_generated|cntr_g5f:cntr1                ; cntr_g5f          ; work         ;
;                   |cmpr_grb:cmpr6|                     ; 1 (1)        ; 0 (0)                     ; 0 (0)         ; 0           ; 0    ; 0          ; 0            ; 0       ; 0         ; 0    ; 0            ; 1 (1)        ; 0 (0)             ; 0 (0)            ; 0          ; |bdscnn_top|dw_top:u_dw|window3x3s1:u_window|altshift_taps:buff_row1_rtl_0|shift_taps_ggm:auto_generated|cntr_g5f:cntr1|cmpr_grb:cmpr6 ; cmpr_grb          ; work         ;
;    |fc1_folded_top:u_fc1|                              ; 16674 (9575) ; 1229 (8)                  ; 0 (0)         ; 0           ; 0    ; 0          ; 0            ; 0       ; 0         ; 0    ; 0            ; 15445 (9567) ; 58 (0)            ; 1171 (8)         ; 0          ; |bdscnn_top|fc1_folded_top:u_fc1                                                                                                       ; fc1_folded_top    ; work         ;
;       |fc1_folded_neuron:gen_fc1_neurons[0].u_neuron|  ; 112 (74)     ; 21 (21)                   ; 0 (0)         ; 0           ; 0    ; 0          ; 0            ; 0       ; 0         ; 0    ; 0            ; 91 (53)      ; 2 (2)             ; 19 (19)          ; 0          ; |bdscnn_top|fc1_folded_top:u_fc1|fc1_folded_neuron:gen_fc1_neurons[0].u_neuron                                                         ; fc1_folded_neuron ; work         ;
;          |popcount:pc_fm|                              ; 38 (38)      ; 0 (0)                     ; 0 (0)         ; 0           ; 0    ; 0          ; 0            ; 0       ; 0         ; 0    ; 0            ; 38 (38)      ; 0 (0)             ; 0 (0)            ; 0          ; |bdscnn_top|fc1_folded_top:u_fc1|fc1_folded_neuron:gen_fc1_neurons[0].u_neuron|popcount:pc_fm                                          ; popcount          ; work         ;
;       |fc1_folded_neuron:gen_fc1_neurons[10].u_neuron| ; 134 (94)     ; 21 (21)                   ; 0 (0)         ; 0           ; 0    ; 0          ; 0            ; 0       ; 0         ; 0    ; 0            ; 113 (73)     ; 1 (1)             ; 20 (20)          ; 0          ; |bdscnn_top|fc1_folded_top:u_fc1|fc1_folded_neuron:gen_fc1_neurons[10].u_neuron                                                        ; fc1_folded_neuron ; work         ;
;          |popcount:pc_fm|                              ; 40 (40)      ; 0 (0)                     ; 0 (0)         ; 0           ; 0    ; 0          ; 0            ; 0       ; 0         ; 0    ; 0            ; 40 (40)      ; 0 (0)             ; 0 (0)            ; 0          ; |bdscnn_top|fc1_folded_top:u_fc1|fc1_folded_neuron:gen_fc1_neurons[10].u_neuron|popcount:pc_fm                                         ; popcount          ; work         ;
;       |fc1_folded_neuron:gen_fc1_neurons[11].u_neuron| ; 97 (51)      ; 18 (18)                   ; 0 (0)         ; 0           ; 0    ; 0          ; 0            ; 0       ; 0         ; 0    ; 0            ; 79 (33)      ; 1 (1)             ; 17 (17)          ; 0          ; |bdscnn_top|fc1_folded_top:u_fc1|fc1_folded_neuron:gen_fc1_neurons[11].u_neuron                                                        ; fc1_folded_neuron ; work         ;
;          |popcount:pc_fm|                              ; 46 (46)      ; 0 (0)                     ; 0 (0)         ; 0           ; 0    ; 0          ; 0            ; 0       ; 0         ; 0    ; 0            ; 46 (46)      ; 0 (0)             ; 0 (0)            ; 0          ; |bdscnn_top|fc1_folded_top:u_fc1|fc1_folded_neuron:gen_fc1_neurons[11].u_neuron|popcount:pc_fm                                         ; popcount          ; work         ;
;       |fc1_folded_neuron:gen_fc1_neurons[12].u_neuron| ; 112 (76)     ; 18 (18)                   ; 0 (0)         ; 0           ; 0    ; 0          ; 0            ; 0       ; 0         ; 0    ; 0            ; 94 (58)      ; 1 (1)             ; 17 (17)          ; 0          ; |bdscnn_top|fc1_folded_top:u_fc1|fc1_folded_neuron:gen_fc1_neurons[12].u_neuron                                                        ; fc1_folded_neuron ; work         ;
;          |popcount:pc_fm|                              ; 36 (36)      ; 0 (0)                     ; 0 (0)         ; 0           ; 0    ; 0          ; 0            ; 0       ; 0         ; 0    ; 0            ; 36 (36)      ; 0 (0)             ; 0 (0)            ; 0          ; |bdscnn_top|fc1_folded_top:u_fc1|fc1_folded_neuron:gen_fc1_neurons[12].u_neuron|popcount:pc_fm                                         ; popcount          ; work         ;
;       |fc1_folded_neuron:gen_fc1_neurons[13].u_neuron| ; 122 (83)     ; 20 (20)                   ; 0 (0)         ; 0           ; 0    ; 0          ; 0            ; 0       ; 0         ; 0    ; 0            ; 102 (63)     ; 1 (1)             ; 19 (19)          ; 0          ; |bdscnn_top|fc1_folded_top:u_fc1|fc1_folded_neuron:gen_fc1_neurons[13].u_neuron                                                        ; fc1_folded_neuron ; work         ;
;          |popcount:pc_fm|                              ; 39 (39)      ; 0 (0)                     ; 0 (0)         ; 0           ; 0    ; 0          ; 0            ; 0       ; 0         ; 0    ; 0            ; 39 (39)      ; 0 (0)             ; 0 (0)            ; 0          ; |bdscnn_top|fc1_folded_top:u_fc1|fc1_folded_neuron:gen_fc1_neurons[13].u_neuron|popcount:pc_fm                                         ; popcount          ; work         ;
;       |fc1_folded_neuron:gen_fc1_neurons[14].u_neuron| ; 106 (66)     ; 19 (19)                   ; 0 (0)         ; 0           ; 0    ; 0          ; 0            ; 0       ; 0         ; 0    ; 0            ; 87 (47)      ; 1 (1)             ; 18 (18)          ; 0          ; |bdscnn_top|fc1_folded_top:u_fc1|fc1_folded_neuron:gen_fc1_neurons[14].u_neuron                                                        ; fc1_folded_neuron ; work         ;
;          |popcount:pc_fm|                              ; 40 (40)      ; 0 (0)                     ; 0 (0)         ; 0           ; 0    ; 0          ; 0            ; 0       ; 0         ; 0    ; 0            ; 40 (40)      ; 0 (0)             ; 0 (0)            ; 0          ; |bdscnn_top|fc1_folded_top:u_fc1|fc1_folded_neuron:gen_fc1_neurons[14].u_neuron|popcount:pc_fm                                         ; popcount          ; work         ;
;       |fc1_folded_neuron:gen_fc1_neurons[15].u_neuron| ; 102 (59)     ; 20 (20)                   ; 0 (0)         ; 0           ; 0    ; 0          ; 0            ; 0       ; 0         ; 0    ; 0            ; 82 (39)      ; 0 (0)             ; 20 (20)          ; 0          ; |bdscnn_top|fc1_folded_top:u_fc1|fc1_folded_neuron:gen_fc1_neurons[15].u_neuron                                                        ; fc1_folded_neuron ; work         ;
;          |popcount:pc_fm|                              ; 43 (43)      ; 0 (0)                     ; 0 (0)         ; 0           ; 0    ; 0          ; 0            ; 0       ; 0         ; 0    ; 0            ; 43 (43)      ; 0 (0)             ; 0 (0)            ; 0          ; |bdscnn_top|fc1_folded_top:u_fc1|fc1_folded_neuron:gen_fc1_neurons[15].u_neuron|popcount:pc_fm                                         ; popcount          ; work         ;
;       |fc1_folded_neuron:gen_fc1_neurons[16].u_neuron| ; 114 (69)     ; 20 (20)                   ; 0 (0)         ; 0           ; 0    ; 0          ; 0            ; 0       ; 0         ; 0    ; 0            ; 94 (49)      ; 0 (0)             ; 20 (20)          ; 0          ; |bdscnn_top|fc1_folded_top:u_fc1|fc1_folded_neuron:gen_fc1_neurons[16].u_neuron                                                        ; fc1_folded_neuron ; work         ;
;          |popcount:pc_fm|                              ; 45 (45)      ; 0 (0)                     ; 0 (0)         ; 0           ; 0    ; 0          ; 0            ; 0       ; 0         ; 0    ; 0            ; 45 (45)      ; 0 (0)             ; 0 (0)            ; 0          ; |bdscnn_top|fc1_folded_top:u_fc1|fc1_folded_neuron:gen_fc1_neurons[16].u_neuron|popcount:pc_fm                                         ; popcount          ; work         ;
;       |fc1_folded_neuron:gen_fc1_neurons[17].u_neuron| ; 133 (92)     ; 20 (20)                   ; 0 (0)         ; 0           ; 0    ; 0          ; 0            ; 0       ; 0         ; 0    ; 0            ; 113 (72)     ; 1 (1)             ; 19 (19)          ; 0          ; |bdscnn_top|fc1_folded_top:u_fc1|fc1_folded_neuron:gen_fc1_neurons[17].u_neuron                                                        ; fc1_folded_neuron ; work         ;
;          |popcount:pc_fm|                              ; 41 (41)      ; 0 (0)                     ; 0 (0)         ; 0           ; 0    ; 0          ; 0            ; 0       ; 0         ; 0    ; 0            ; 41 (41)      ; 0 (0)             ; 0 (0)            ; 0          ; |bdscnn_top|fc1_folded_top:u_fc1|fc1_folded_neuron:gen_fc1_neurons[17].u_neuron|popcount:pc_fm                                         ; popcount          ; work         ;
;       |fc1_folded_neuron:gen_fc1_neurons[18].u_neuron| ; 106 (60)     ; 19 (19)                   ; 0 (0)         ; 0           ; 0    ; 0          ; 0            ; 0       ; 0         ; 0    ; 0            ; 87 (41)      ; 1 (1)             ; 18 (18)          ; 0          ; |bdscnn_top|fc1_folded_top:u_fc1|fc1_folded_neuron:gen_fc1_neurons[18].u_neuron                                                        ; fc1_folded_neuron ; work         ;
;          |popcount:pc_fm|                              ; 46 (46)      ; 0 (0)                     ; 0 (0)         ; 0           ; 0    ; 0          ; 0            ; 0       ; 0         ; 0    ; 0            ; 46 (46)      ; 0 (0)             ; 0 (0)            ; 0          ; |bdscnn_top|fc1_folded_top:u_fc1|fc1_folded_neuron:gen_fc1_neurons[18].u_neuron|popcount:pc_fm                                         ; popcount          ; work         ;
;       |fc1_folded_neuron:gen_fc1_neurons[19].u_neuron| ; 123 (76)     ; 20 (20)                   ; 0 (0)         ; 0           ; 0    ; 0          ; 0            ; 0       ; 0         ; 0    ; 0            ; 103 (56)     ; 1 (1)             ; 19 (19)          ; 0          ; |bdscnn_top|fc1_folded_top:u_fc1|fc1_folded_neuron:gen_fc1_neurons[19].u_neuron                                                        ; fc1_folded_neuron ; work         ;
;          |popcount:pc_fm|                              ; 47 (47)      ; 0 (0)                     ; 0 (0)         ; 0           ; 0    ; 0          ; 0            ; 0       ; 0         ; 0    ; 0            ; 47 (47)      ; 0 (0)             ; 0 (0)            ; 0          ; |bdscnn_top|fc1_folded_top:u_fc1|fc1_folded_neuron:gen_fc1_neurons[19].u_neuron|popcount:pc_fm                                         ; popcount          ; work         ;
;       |fc1_folded_neuron:gen_fc1_neurons[1].u_neuron|  ; 88 (51)      ; 19 (19)                   ; 0 (0)         ; 0           ; 0    ; 0          ; 0            ; 0       ; 0         ; 0    ; 0            ; 69 (32)      ; 1 (1)             ; 18 (18)          ; 0          ; |bdscnn_top|fc1_folded_top:u_fc1|fc1_folded_neuron:gen_fc1_neurons[1].u_neuron                                                         ; fc1_folded_neuron ; work         ;
;          |popcount:pc_fm|                              ; 37 (37)      ; 0 (0)                     ; 0 (0)         ; 0           ; 0    ; 0          ; 0            ; 0       ; 0         ; 0    ; 0            ; 37 (37)      ; 0 (0)             ; 0 (0)            ; 0          ; |bdscnn_top|fc1_folded_top:u_fc1|fc1_folded_neuron:gen_fc1_neurons[1].u_neuron|popcount:pc_fm                                          ; popcount          ; work         ;
;       |fc1_folded_neuron:gen_fc1_neurons[20].u_neuron| ; 121 (77)     ; 22 (22)                   ; 0 (0)         ; 0           ; 0    ; 0          ; 0            ; 0       ; 0         ; 0    ; 0            ; 99 (55)      ; 1 (1)             ; 21 (21)          ; 0          ; |bdscnn_top|fc1_folded_top:u_fc1|fc1_folded_neuron:gen_fc1_neurons[20].u_neuron                                                        ; fc1_folded_neuron ; work         ;
;          |popcount:pc_fm|                              ; 44 (44)      ; 0 (0)                     ; 0 (0)         ; 0           ; 0    ; 0          ; 0            ; 0       ; 0         ; 0    ; 0            ; 44 (44)      ; 0 (0)             ; 0 (0)            ; 0          ; |bdscnn_top|fc1_folded_top:u_fc1|fc1_folded_neuron:gen_fc1_neurons[20].u_neuron|popcount:pc_fm                                         ; popcount          ; work         ;
;       |fc1_folded_neuron:gen_fc1_neurons[21].u_neuron| ; 101 (62)     ; 17 (17)                   ; 0 (0)         ; 0           ; 0    ; 0          ; 0            ; 0       ; 0         ; 0    ; 0            ; 84 (45)      ; 1 (1)             ; 16 (16)          ; 0          ; |bdscnn_top|fc1_folded_top:u_fc1|fc1_folded_neuron:gen_fc1_neurons[21].u_neuron                                                        ; fc1_folded_neuron ; work         ;
;          |popcount:pc_fm|                              ; 39 (39)      ; 0 (0)                     ; 0 (0)         ; 0           ; 0    ; 0          ; 0            ; 0       ; 0         ; 0    ; 0            ; 39 (39)      ; 0 (0)             ; 0 (0)            ; 0          ; |bdscnn_top|fc1_folded_top:u_fc1|fc1_folded_neuron:gen_fc1_neurons[21].u_neuron|popcount:pc_fm                                         ; popcount          ; work         ;
;       |fc1_folded_neuron:gen_fc1_neurons[22].u_neuron| ; 107 (64)     ; 19 (19)                   ; 0 (0)         ; 0           ; 0    ; 0          ; 0            ; 0       ; 0         ; 0    ; 0            ; 88 (45)      ; 1 (1)             ; 18 (18)          ; 0          ; |bdscnn_top|fc1_folded_top:u_fc1|fc1_folded_neuron:gen_fc1_neurons[22].u_neuron                                                        ; fc1_folded_neuron ; work         ;
;          |popcount:pc_fm|                              ; 43 (43)      ; 0 (0)                     ; 0 (0)         ; 0           ; 0    ; 0          ; 0            ; 0       ; 0         ; 0    ; 0            ; 43 (43)      ; 0 (0)             ; 0 (0)            ; 0          ; |bdscnn_top|fc1_folded_top:u_fc1|fc1_folded_neuron:gen_fc1_neurons[22].u_neuron|popcount:pc_fm                                         ; popcount          ; work         ;
;       |fc1_folded_neuron:gen_fc1_neurons[23].u_neuron| ; 110 (72)     ; 19 (19)                   ; 0 (0)         ; 0           ; 0    ; 0          ; 0            ; 0       ; 0         ; 0    ; 0            ; 91 (53)      ; 0 (0)             ; 19 (19)          ; 0          ; |bdscnn_top|fc1_folded_top:u_fc1|fc1_folded_neuron:gen_fc1_neurons[23].u_neuron                                                        ; fc1_folded_neuron ; work         ;
;          |popcount:pc_fm|                              ; 38 (38)      ; 0 (0)                     ; 0 (0)         ; 0           ; 0    ; 0          ; 0            ; 0       ; 0         ; 0    ; 0            ; 38 (38)      ; 0 (0)             ; 0 (0)            ; 0          ; |bdscnn_top|fc1_folded_top:u_fc1|fc1_folded_neuron:gen_fc1_neurons[23].u_neuron|popcount:pc_fm                                         ; popcount          ; work         ;
;       |fc1_folded_neuron:gen_fc1_neurons[24].u_neuron| ; 108 (63)     ; 19 (19)                   ; 0 (0)         ; 0           ; 0    ; 0          ; 0            ; 0       ; 0         ; 0    ; 0            ; 89 (44)      ; 1 (1)             ; 18 (18)          ; 0          ; |bdscnn_top|fc1_folded_top:u_fc1|fc1_folded_neuron:gen_fc1_neurons[24].u_neuron                                                        ; fc1_folded_neuron ; work         ;
;          |popcount:pc_fm|                              ; 45 (45)      ; 0 (0)                     ; 0 (0)         ; 0           ; 0    ; 0          ; 0            ; 0       ; 0         ; 0    ; 0            ; 45 (45)      ; 0 (0)             ; 0 (0)            ; 0          ; |bdscnn_top|fc1_folded_top:u_fc1|fc1_folded_neuron:gen_fc1_neurons[24].u_neuron|popcount:pc_fm                                         ; popcount          ; work         ;
;       |fc1_folded_neuron:gen_fc1_neurons[25].u_neuron| ; 96 (51)      ; 19 (19)                   ; 0 (0)         ; 0           ; 0    ; 0          ; 0            ; 0       ; 0         ; 0    ; 0            ; 77 (32)      ; 1 (1)             ; 18 (18)          ; 0          ; |bdscnn_top|fc1_folded_top:u_fc1|fc1_folded_neuron:gen_fc1_neurons[25].u_neuron                                                        ; fc1_folded_neuron ; work         ;
;          |popcount:pc_fm|                              ; 45 (45)      ; 0 (0)                     ; 0 (0)         ; 0           ; 0    ; 0          ; 0            ; 0       ; 0         ; 0    ; 0            ; 45 (45)      ; 0 (0)             ; 0 (0)            ; 0          ; |bdscnn_top|fc1_folded_top:u_fc1|fc1_folded_neuron:gen_fc1_neurons[25].u_neuron|popcount:pc_fm                                         ; popcount          ; work         ;
;       |fc1_folded_neuron:gen_fc1_neurons[26].u_neuron| ; 118 (74)     ; 20 (20)                   ; 0 (0)         ; 0           ; 0    ; 0          ; 0            ; 0       ; 0         ; 0    ; 0            ; 98 (54)      ; 1 (1)             ; 19 (19)          ; 0          ; |bdscnn_top|fc1_folded_top:u_fc1|fc1_folded_neuron:gen_fc1_neurons[26].u_neuron                                                        ; fc1_folded_neuron ; work         ;
;          |popcount:pc_fm|                              ; 44 (44)      ; 0 (0)                     ; 0 (0)         ; 0           ; 0    ; 0          ; 0            ; 0       ; 0         ; 0    ; 0            ; 44 (44)      ; 0 (0)             ; 0 (0)            ; 0          ; |bdscnn_top|fc1_folded_top:u_fc1|fc1_folded_neuron:gen_fc1_neurons[26].u_neuron|popcount:pc_fm                                         ; popcount          ; work         ;
;       |fc1_folded_neuron:gen_fc1_neurons[27].u_neuron| ; 114 (68)     ; 20 (20)                   ; 0 (0)         ; 0           ; 0    ; 0          ; 0            ; 0       ; 0         ; 0    ; 0            ; 94 (48)      ; 1 (1)             ; 19 (19)          ; 0          ; |bdscnn_top|fc1_folded_top:u_fc1|fc1_folded_neuron:gen_fc1_neurons[27].u_neuron                                                        ; fc1_folded_neuron ; work         ;
;          |popcount:pc_fm|                              ; 46 (46)      ; 0 (0)                     ; 0 (0)         ; 0           ; 0    ; 0          ; 0            ; 0       ; 0         ; 0    ; 0            ; 46 (46)      ; 0 (0)             ; 0 (0)            ; 0          ; |bdscnn_top|fc1_folded_top:u_fc1|fc1_folded_neuron:gen_fc1_neurons[27].u_neuron|popcount:pc_fm                                         ; popcount          ; work         ;
;       |fc1_folded_neuron:gen_fc1_neurons[28].u_neuron| ; 106 (65)     ; 20 (20)                   ; 0 (0)         ; 0           ; 0    ; 0          ; 0            ; 0       ; 0         ; 0    ; 0            ; 86 (45)      ; 0 (0)             ; 20 (20)          ; 0          ; |bdscnn_top|fc1_folded_top:u_fc1|fc1_folded_neuron:gen_fc1_neurons[28].u_neuron                                                        ; fc1_folded_neuron ; work         ;
;          |popcount:pc_fm|                              ; 41 (41)      ; 0 (0)                     ; 0 (0)         ; 0           ; 0    ; 0          ; 0            ; 0       ; 0         ; 0    ; 0            ; 41 (41)      ; 0 (0)             ; 0 (0)            ; 0          ; |bdscnn_top|fc1_folded_top:u_fc1|fc1_folded_neuron:gen_fc1_neurons[28].u_neuron|popcount:pc_fm                                         ; popcount          ; work         ;
;       |fc1_folded_neuron:gen_fc1_neurons[29].u_neuron| ; 99 (59)      ; 19 (19)                   ; 0 (0)         ; 0           ; 0    ; 0          ; 0            ; 0       ; 0         ; 0    ; 0            ; 80 (40)      ; 1 (1)             ; 18 (18)          ; 0          ; |bdscnn_top|fc1_folded_top:u_fc1|fc1_folded_neuron:gen_fc1_neurons[29].u_neuron                                                        ; fc1_folded_neuron ; work         ;
;          |popcount:pc_fm|                              ; 40 (40)      ; 0 (0)                     ; 0 (0)         ; 0           ; 0    ; 0          ; 0            ; 0       ; 0         ; 0    ; 0            ; 40 (40)      ; 0 (0)             ; 0 (0)            ; 0          ; |bdscnn_top|fc1_folded_top:u_fc1|fc1_folded_neuron:gen_fc1_neurons[29].u_neuron|popcount:pc_fm                                         ; popcount          ; work         ;
;       |fc1_folded_neuron:gen_fc1_neurons[2].u_neuron|  ; 93 (54)      ; 19 (19)                   ; 0 (0)         ; 0           ; 0    ; 0          ; 0            ; 0       ; 0         ; 0    ; 0            ; 74 (35)      ; 0 (0)             ; 19 (19)          ; 0          ; |bdscnn_top|fc1_folded_top:u_fc1|fc1_folded_neuron:gen_fc1_neurons[2].u_neuron                                                         ; fc1_folded_neuron ; work         ;
;          |popcount:pc_fm|                              ; 39 (39)      ; 0 (0)                     ; 0 (0)         ; 0           ; 0    ; 0          ; 0            ; 0       ; 0         ; 0    ; 0            ; 39 (39)      ; 0 (0)             ; 0 (0)            ; 0          ; |bdscnn_top|fc1_folded_top:u_fc1|fc1_folded_neuron:gen_fc1_neurons[2].u_neuron|popcount:pc_fm                                          ; popcount          ; work         ;
;       |fc1_folded_neuron:gen_fc1_neurons[30].u_neuron| ; 120 (74)     ; 18 (18)                   ; 0 (0)         ; 0           ; 0    ; 0          ; 0            ; 0       ; 0         ; 0    ; 0            ; 102 (56)     ; 1 (1)             ; 17 (17)          ; 0          ; |bdscnn_top|fc1_folded_top:u_fc1|fc1_folded_neuron:gen_fc1_neurons[30].u_neuron                                                        ; fc1_folded_neuron ; work         ;
;          |popcount:pc_fm|                              ; 46 (46)      ; 0 (0)                     ; 0 (0)         ; 0           ; 0    ; 0          ; 0            ; 0       ; 0         ; 0    ; 0            ; 46 (46)      ; 0 (0)             ; 0 (0)            ; 0          ; |bdscnn_top|fc1_folded_top:u_fc1|fc1_folded_neuron:gen_fc1_neurons[30].u_neuron|popcount:pc_fm                                         ; popcount          ; work         ;
;       |fc1_folded_neuron:gen_fc1_neurons[31].u_neuron| ; 128 (83)     ; 20 (20)                   ; 0 (0)         ; 0           ; 0    ; 0          ; 0            ; 0       ; 0         ; 0    ; 0            ; 108 (63)     ; 1 (1)             ; 19 (19)          ; 0          ; |bdscnn_top|fc1_folded_top:u_fc1|fc1_folded_neuron:gen_fc1_neurons[31].u_neuron                                                        ; fc1_folded_neuron ; work         ;
;          |popcount:pc_fm|                              ; 45 (45)      ; 0 (0)                     ; 0 (0)         ; 0           ; 0    ; 0          ; 0            ; 0       ; 0         ; 0    ; 0            ; 45 (45)      ; 0 (0)             ; 0 (0)            ; 0          ; |bdscnn_top|fc1_folded_top:u_fc1|fc1_folded_neuron:gen_fc1_neurons[31].u_neuron|popcount:pc_fm                                         ; popcount          ; work         ;
;       |fc1_folded_neuron:gen_fc1_neurons[32].u_neuron| ; 90 (45)      ; 18 (18)                   ; 0 (0)         ; 0           ; 0    ; 0          ; 0            ; 0       ; 0         ; 0    ; 0            ; 72 (27)      ; 1 (1)             ; 17 (17)          ; 0          ; |bdscnn_top|fc1_folded_top:u_fc1|fc1_folded_neuron:gen_fc1_neurons[32].u_neuron                                                        ; fc1_folded_neuron ; work         ;
;          |popcount:pc_fm|                              ; 45 (45)      ; 0 (0)                     ; 0 (0)         ; 0           ; 0    ; 0          ; 0            ; 0       ; 0         ; 0    ; 0            ; 45 (45)      ; 0 (0)             ; 0 (0)            ; 0          ; |bdscnn_top|fc1_folded_top:u_fc1|fc1_folded_neuron:gen_fc1_neurons[32].u_neuron|popcount:pc_fm                                         ; popcount          ; work         ;
;       |fc1_folded_neuron:gen_fc1_neurons[33].u_neuron| ; 132 (91)     ; 20 (20)                   ; 0 (0)         ; 0           ; 0    ; 0          ; 0            ; 0       ; 0         ; 0    ; 0            ; 112 (71)     ; 1 (1)             ; 19 (19)          ; 0          ; |bdscnn_top|fc1_folded_top:u_fc1|fc1_folded_neuron:gen_fc1_neurons[33].u_neuron                                                        ; fc1_folded_neuron ; work         ;
;          |popcount:pc_fm|                              ; 41 (41)      ; 0 (0)                     ; 0 (0)         ; 0           ; 0    ; 0          ; 0            ; 0       ; 0         ; 0    ; 0            ; 41 (41)      ; 0 (0)             ; 0 (0)            ; 0          ; |bdscnn_top|fc1_folded_top:u_fc1|fc1_folded_neuron:gen_fc1_neurons[33].u_neuron|popcount:pc_fm                                         ; popcount          ; work         ;
;       |fc1_folded_neuron:gen_fc1_neurons[34].u_neuron| ; 102 (59)     ; 19 (19)                   ; 0 (0)         ; 0           ; 0    ; 0          ; 0            ; 0       ; 0         ; 0    ; 0            ; 83 (40)      ; 1 (1)             ; 18 (18)          ; 0          ; |bdscnn_top|fc1_folded_top:u_fc1|fc1_folded_neuron:gen_fc1_neurons[34].u_neuron                                                        ; fc1_folded_neuron ; work         ;
;          |popcount:pc_fm|                              ; 43 (43)      ; 0 (0)                     ; 0 (0)         ; 0           ; 0    ; 0          ; 0            ; 0       ; 0         ; 0    ; 0            ; 43 (43)      ; 0 (0)             ; 0 (0)            ; 0          ; |bdscnn_top|fc1_folded_top:u_fc1|fc1_folded_neuron:gen_fc1_neurons[34].u_neuron|popcount:pc_fm                                         ; popcount          ; work         ;
;       |fc1_folded_neuron:gen_fc1_neurons[35].u_neuron| ; 96 (53)      ; 17 (17)                   ; 0 (0)         ; 0           ; 0    ; 0          ; 0            ; 0       ; 0         ; 0    ; 0            ; 79 (36)      ; 1 (1)             ; 16 (16)          ; 0          ; |bdscnn_top|fc1_folded_top:u_fc1|fc1_folded_neuron:gen_fc1_neurons[35].u_neuron                                                        ; fc1_folded_neuron ; work         ;
;          |popcount:pc_fm|                              ; 43 (43)      ; 0 (0)                     ; 0 (0)         ; 0           ; 0    ; 0          ; 0            ; 0       ; 0         ; 0    ; 0            ; 43 (43)      ; 0 (0)             ; 0 (0)            ; 0          ; |bdscnn_top|fc1_folded_top:u_fc1|fc1_folded_neuron:gen_fc1_neurons[35].u_neuron|popcount:pc_fm                                         ; popcount          ; work         ;
;       |fc1_folded_neuron:gen_fc1_neurons[36].u_neuron| ; 111 (68)     ; 20 (20)                   ; 0 (0)         ; 0           ; 0    ; 0          ; 0            ; 0       ; 0         ; 0    ; 0            ; 91 (48)      ; 1 (1)             ; 19 (19)          ; 0          ; |bdscnn_top|fc1_folded_top:u_fc1|fc1_folded_neuron:gen_fc1_neurons[36].u_neuron                                                        ; fc1_folded_neuron ; work         ;
;          |popcount:pc_fm|                              ; 43 (43)      ; 0 (0)                     ; 0 (0)         ; 0           ; 0    ; 0          ; 0            ; 0       ; 0         ; 0    ; 0            ; 43 (43)      ; 0 (0)             ; 0 (0)            ; 0          ; |bdscnn_top|fc1_folded_top:u_fc1|fc1_folded_neuron:gen_fc1_neurons[36].u_neuron|popcount:pc_fm                                         ; popcount          ; work         ;
;       |fc1_folded_neuron:gen_fc1_neurons[37].u_neuron| ; 121 (74)     ; 23 (23)                   ; 0 (0)         ; 0           ; 0    ; 0          ; 0            ; 0       ; 0         ; 0    ; 0            ; 98 (51)      ; 1 (1)             ; 22 (22)          ; 0          ; |bdscnn_top|fc1_folded_top:u_fc1|fc1_folded_neuron:gen_fc1_neurons[37].u_neuron                                                        ; fc1_folded_neuron ; work         ;
;          |popcount:pc_fm|                              ; 47 (47)      ; 0 (0)                     ; 0 (0)         ; 0           ; 0    ; 0          ; 0            ; 0       ; 0         ; 0    ; 0            ; 47 (47)      ; 0 (0)             ; 0 (0)            ; 0          ; |bdscnn_top|fc1_folded_top:u_fc1|fc1_folded_neuron:gen_fc1_neurons[37].u_neuron|popcount:pc_fm                                         ; popcount          ; work         ;
;       |fc1_folded_neuron:gen_fc1_neurons[38].u_neuron| ; 129 (89)     ; 19 (19)                   ; 0 (0)         ; 0           ; 0    ; 0          ; 0            ; 0       ; 0         ; 0    ; 0            ; 110 (70)     ; 1 (1)             ; 18 (18)          ; 0          ; |bdscnn_top|fc1_folded_top:u_fc1|fc1_folded_neuron:gen_fc1_neurons[38].u_neuron                                                        ; fc1_folded_neuron ; work         ;
;          |popcount:pc_fm|                              ; 40 (40)      ; 0 (0)                     ; 0 (0)         ; 0           ; 0    ; 0          ; 0            ; 0       ; 0         ; 0    ; 0            ; 40 (40)      ; 0 (0)             ; 0 (0)            ; 0          ; |bdscnn_top|fc1_folded_top:u_fc1|fc1_folded_neuron:gen_fc1_neurons[38].u_neuron|popcount:pc_fm                                         ; popcount          ; work         ;
;       |fc1_folded_neuron:gen_fc1_neurons[39].u_neuron| ; 117 (70)     ; 18 (18)                   ; 0 (0)         ; 0           ; 0    ; 0          ; 0            ; 0       ; 0         ; 0    ; 0            ; 99 (52)      ; 1 (1)             ; 17 (17)          ; 0          ; |bdscnn_top|fc1_folded_top:u_fc1|fc1_folded_neuron:gen_fc1_neurons[39].u_neuron                                                        ; fc1_folded_neuron ; work         ;
;          |popcount:pc_fm|                              ; 47 (47)      ; 0 (0)                     ; 0 (0)         ; 0           ; 0    ; 0          ; 0            ; 0       ; 0         ; 0    ; 0            ; 47 (47)      ; 0 (0)             ; 0 (0)            ; 0          ; |bdscnn_top|fc1_folded_top:u_fc1|fc1_folded_neuron:gen_fc1_neurons[39].u_neuron|popcount:pc_fm                                         ; popcount          ; work         ;
;       |fc1_folded_neuron:gen_fc1_neurons[3].u_neuron|  ; 103 (55)     ; 20 (20)                   ; 0 (0)         ; 0           ; 0    ; 0          ; 0            ; 0       ; 0         ; 0    ; 0            ; 83 (35)      ; 1 (1)             ; 19 (19)          ; 0          ; |bdscnn_top|fc1_folded_top:u_fc1|fc1_folded_neuron:gen_fc1_neurons[3].u_neuron                                                         ; fc1_folded_neuron ; work         ;
;          |popcount:pc_fm|                              ; 48 (48)      ; 0 (0)                     ; 0 (0)         ; 0           ; 0    ; 0          ; 0            ; 0       ; 0         ; 0    ; 0            ; 48 (48)      ; 0 (0)             ; 0 (0)            ; 0          ; |bdscnn_top|fc1_folded_top:u_fc1|fc1_folded_neuron:gen_fc1_neurons[3].u_neuron|popcount:pc_fm                                          ; popcount          ; work         ;
;       |fc1_folded_neuron:gen_fc1_neurons[40].u_neuron| ; 112 (68)     ; 19 (19)                   ; 0 (0)         ; 0           ; 0    ; 0          ; 0            ; 0       ; 0         ; 0    ; 0            ; 93 (49)      ; 1 (1)             ; 18 (18)          ; 0          ; |bdscnn_top|fc1_folded_top:u_fc1|fc1_folded_neuron:gen_fc1_neurons[40].u_neuron                                                        ; fc1_folded_neuron ; work         ;
;          |popcount:pc_fm|                              ; 44 (44)      ; 0 (0)                     ; 0 (0)         ; 0           ; 0    ; 0          ; 0            ; 0       ; 0         ; 0    ; 0            ; 44 (44)      ; 0 (0)             ; 0 (0)            ; 0          ; |bdscnn_top|fc1_folded_top:u_fc1|fc1_folded_neuron:gen_fc1_neurons[40].u_neuron|popcount:pc_fm                                         ; popcount          ; work         ;
;       |fc1_folded_neuron:gen_fc1_neurons[41].u_neuron| ; 113 (65)     ; 18 (18)                   ; 0 (0)         ; 0           ; 0    ; 0          ; 0            ; 0       ; 0         ; 0    ; 0            ; 95 (47)      ; 1 (1)             ; 17 (17)          ; 0          ; |bdscnn_top|fc1_folded_top:u_fc1|fc1_folded_neuron:gen_fc1_neurons[41].u_neuron                                                        ; fc1_folded_neuron ; work         ;
;          |popcount:pc_fm|                              ; 48 (48)      ; 0 (0)                     ; 0 (0)         ; 0           ; 0    ; 0          ; 0            ; 0       ; 0         ; 0    ; 0            ; 48 (48)      ; 0 (0)             ; 0 (0)            ; 0          ; |bdscnn_top|fc1_folded_top:u_fc1|fc1_folded_neuron:gen_fc1_neurons[41].u_neuron|popcount:pc_fm                                         ; popcount          ; work         ;
;       |fc1_folded_neuron:gen_fc1_neurons[42].u_neuron| ; 127 (86)     ; 21 (21)                   ; 0 (0)         ; 0           ; 0    ; 0          ; 0            ; 0       ; 0         ; 0    ; 0            ; 106 (65)     ; 1 (1)             ; 20 (20)          ; 0          ; |bdscnn_top|fc1_folded_top:u_fc1|fc1_folded_neuron:gen_fc1_neurons[42].u_neuron                                                        ; fc1_folded_neuron ; work         ;
;          |popcount:pc_fm|                              ; 41 (41)      ; 0 (0)                     ; 0 (0)         ; 0           ; 0    ; 0          ; 0            ; 0       ; 0         ; 0    ; 0            ; 41 (41)      ; 0 (0)             ; 0 (0)            ; 0          ; |bdscnn_top|fc1_folded_top:u_fc1|fc1_folded_neuron:gen_fc1_neurons[42].u_neuron|popcount:pc_fm                                         ; popcount          ; work         ;
;       |fc1_folded_neuron:gen_fc1_neurons[43].u_neuron| ; 106 (63)     ; 19 (19)                   ; 0 (0)         ; 0           ; 0    ; 0          ; 0            ; 0       ; 0         ; 0    ; 0            ; 87 (44)      ; 1 (1)             ; 18 (18)          ; 0          ; |bdscnn_top|fc1_folded_top:u_fc1|fc1_folded_neuron:gen_fc1_neurons[43].u_neuron                                                        ; fc1_folded_neuron ; work         ;
;          |popcount:pc_fm|                              ; 43 (43)      ; 0 (0)                     ; 0 (0)         ; 0           ; 0    ; 0          ; 0            ; 0       ; 0         ; 0    ; 0            ; 43 (43)      ; 0 (0)             ; 0 (0)            ; 0          ; |bdscnn_top|fc1_folded_top:u_fc1|fc1_folded_neuron:gen_fc1_neurons[43].u_neuron|popcount:pc_fm                                         ; popcount          ; work         ;
;       |fc1_folded_neuron:gen_fc1_neurons[44].u_neuron| ; 111 (66)     ; 21 (21)                   ; 0 (0)         ; 0           ; 0    ; 0          ; 0            ; 0       ; 0         ; 0    ; 0            ; 90 (45)      ; 1 (1)             ; 20 (20)          ; 0          ; |bdscnn_top|fc1_folded_top:u_fc1|fc1_folded_neuron:gen_fc1_neurons[44].u_neuron                                                        ; fc1_folded_neuron ; work         ;
;          |popcount:pc_fm|                              ; 45 (45)      ; 0 (0)                     ; 0 (0)         ; 0           ; 0    ; 0          ; 0            ; 0       ; 0         ; 0    ; 0            ; 45 (45)      ; 0 (0)             ; 0 (0)            ; 0          ; |bdscnn_top|fc1_folded_top:u_fc1|fc1_folded_neuron:gen_fc1_neurons[44].u_neuron|popcount:pc_fm                                         ; popcount          ; work         ;
;       |fc1_folded_neuron:gen_fc1_neurons[45].u_neuron| ; 91 (52)      ; 19 (19)                   ; 0 (0)         ; 0           ; 0    ; 0          ; 0            ; 0       ; 0         ; 0    ; 0            ; 72 (33)      ; 1 (1)             ; 18 (18)          ; 0          ; |bdscnn_top|fc1_folded_top:u_fc1|fc1_folded_neuron:gen_fc1_neurons[45].u_neuron                                                        ; fc1_folded_neuron ; work         ;
;          |popcount:pc_fm|                              ; 39 (39)      ; 0 (0)                     ; 0 (0)         ; 0           ; 0    ; 0          ; 0            ; 0       ; 0         ; 0    ; 0            ; 39 (39)      ; 0 (0)             ; 0 (0)            ; 0          ; |bdscnn_top|fc1_folded_top:u_fc1|fc1_folded_neuron:gen_fc1_neurons[45].u_neuron|popcount:pc_fm                                         ; popcount          ; work         ;
;       |fc1_folded_neuron:gen_fc1_neurons[46].u_neuron| ; 106 (65)     ; 19 (19)                   ; 0 (0)         ; 0           ; 0    ; 0          ; 0            ; 0       ; 0         ; 0    ; 0            ; 87 (46)      ; 1 (1)             ; 18 (18)          ; 0          ; |bdscnn_top|fc1_folded_top:u_fc1|fc1_folded_neuron:gen_fc1_neurons[46].u_neuron                                                        ; fc1_folded_neuron ; work         ;
;          |popcount:pc_fm|                              ; 41 (41)      ; 0 (0)                     ; 0 (0)         ; 0           ; 0    ; 0          ; 0            ; 0       ; 0         ; 0    ; 0            ; 41 (41)      ; 0 (0)             ; 0 (0)            ; 0          ; |bdscnn_top|fc1_folded_top:u_fc1|fc1_folded_neuron:gen_fc1_neurons[46].u_neuron|popcount:pc_fm                                         ; popcount          ; work         ;
;       |fc1_folded_neuron:gen_fc1_neurons[47].u_neuron| ; 104 (61)     ; 19 (19)                   ; 0 (0)         ; 0           ; 0    ; 0          ; 0            ; 0       ; 0         ; 0    ; 0            ; 85 (42)      ; 1 (1)             ; 18 (18)          ; 0          ; |bdscnn_top|fc1_folded_top:u_fc1|fc1_folded_neuron:gen_fc1_neurons[47].u_neuron                                                        ; fc1_folded_neuron ; work         ;
;          |popcount:pc_fm|                              ; 43 (43)      ; 0 (0)                     ; 0 (0)         ; 0           ; 0    ; 0          ; 0            ; 0       ; 0         ; 0    ; 0            ; 43 (43)      ; 0 (0)             ; 0 (0)            ; 0          ; |bdscnn_top|fc1_folded_top:u_fc1|fc1_folded_neuron:gen_fc1_neurons[47].u_neuron|popcount:pc_fm                                         ; popcount          ; work         ;
;       |fc1_folded_neuron:gen_fc1_neurons[48].u_neuron| ; 128 (84)     ; 18 (18)                   ; 0 (0)         ; 0           ; 0    ; 0          ; 0            ; 0       ; 0         ; 0    ; 0            ; 110 (66)     ; 1 (1)             ; 17 (17)          ; 0          ; |bdscnn_top|fc1_folded_top:u_fc1|fc1_folded_neuron:gen_fc1_neurons[48].u_neuron                                                        ; fc1_folded_neuron ; work         ;
;          |popcount:pc_fm|                              ; 44 (44)      ; 0 (0)                     ; 0 (0)         ; 0           ; 0    ; 0          ; 0            ; 0       ; 0         ; 0    ; 0            ; 44 (44)      ; 0 (0)             ; 0 (0)            ; 0          ; |bdscnn_top|fc1_folded_top:u_fc1|fc1_folded_neuron:gen_fc1_neurons[48].u_neuron|popcount:pc_fm                                         ; popcount          ; work         ;
;       |fc1_folded_neuron:gen_fc1_neurons[49].u_neuron| ; 128 (83)     ; 19 (19)                   ; 0 (0)         ; 0           ; 0    ; 0          ; 0            ; 0       ; 0         ; 0    ; 0            ; 109 (64)     ; 1 (1)             ; 18 (18)          ; 0          ; |bdscnn_top|fc1_folded_top:u_fc1|fc1_folded_neuron:gen_fc1_neurons[49].u_neuron                                                        ; fc1_folded_neuron ; work         ;
;          |popcount:pc_fm|                              ; 45 (45)      ; 0 (0)                     ; 0 (0)         ; 0           ; 0    ; 0          ; 0            ; 0       ; 0         ; 0    ; 0            ; 45 (45)      ; 0 (0)             ; 0 (0)            ; 0          ; |bdscnn_top|fc1_folded_top:u_fc1|fc1_folded_neuron:gen_fc1_neurons[49].u_neuron|popcount:pc_fm                                         ; popcount          ; work         ;
;       |fc1_folded_neuron:gen_fc1_neurons[4].u_neuron|  ; 124 (83)     ; 20 (20)                   ; 0 (0)         ; 0           ; 0    ; 0          ; 0            ; 0       ; 0         ; 0    ; 0            ; 104 (63)     ; 1 (1)             ; 19 (19)          ; 0          ; |bdscnn_top|fc1_folded_top:u_fc1|fc1_folded_neuron:gen_fc1_neurons[4].u_neuron                                                         ; fc1_folded_neuron ; work         ;
;          |popcount:pc_fm|                              ; 41 (41)      ; 0 (0)                     ; 0 (0)         ; 0           ; 0    ; 0          ; 0            ; 0       ; 0         ; 0    ; 0            ; 41 (41)      ; 0 (0)             ; 0 (0)            ; 0          ; |bdscnn_top|fc1_folded_top:u_fc1|fc1_folded_neuron:gen_fc1_neurons[4].u_neuron|popcount:pc_fm                                          ; popcount          ; work         ;
;       |fc1_folded_neuron:gen_fc1_neurons[50].u_neuron| ; 103 (62)     ; 18 (18)                   ; 0 (0)         ; 0           ; 0    ; 0          ; 0            ; 0       ; 0         ; 0    ; 0            ; 85 (44)      ; 1 (1)             ; 17 (17)          ; 0          ; |bdscnn_top|fc1_folded_top:u_fc1|fc1_folded_neuron:gen_fc1_neurons[50].u_neuron                                                        ; fc1_folded_neuron ; work         ;
;          |popcount:pc_fm|                              ; 41 (41)      ; 0 (0)                     ; 0 (0)         ; 0           ; 0    ; 0          ; 0            ; 0       ; 0         ; 0    ; 0            ; 41 (41)      ; 0 (0)             ; 0 (0)            ; 0          ; |bdscnn_top|fc1_folded_top:u_fc1|fc1_folded_neuron:gen_fc1_neurons[50].u_neuron|popcount:pc_fm                                         ; popcount          ; work         ;
;       |fc1_folded_neuron:gen_fc1_neurons[51].u_neuron| ; 145 (104)    ; 21 (21)                   ; 0 (0)         ; 0           ; 0    ; 0          ; 0            ; 0       ; 0         ; 0    ; 0            ; 124 (83)     ; 1 (1)             ; 20 (20)          ; 0          ; |bdscnn_top|fc1_folded_top:u_fc1|fc1_folded_neuron:gen_fc1_neurons[51].u_neuron                                                        ; fc1_folded_neuron ; work         ;
;          |popcount:pc_fm|                              ; 41 (41)      ; 0 (0)                     ; 0 (0)         ; 0           ; 0    ; 0          ; 0            ; 0       ; 0         ; 0    ; 0            ; 41 (41)      ; 0 (0)             ; 0 (0)            ; 0          ; |bdscnn_top|fc1_folded_top:u_fc1|fc1_folded_neuron:gen_fc1_neurons[51].u_neuron|popcount:pc_fm                                         ; popcount          ; work         ;
;       |fc1_folded_neuron:gen_fc1_neurons[52].u_neuron| ; 107 (63)     ; 20 (20)                   ; 0 (0)         ; 0           ; 0    ; 0          ; 0            ; 0       ; 0         ; 0    ; 0            ; 87 (43)      ; 1 (1)             ; 19 (19)          ; 0          ; |bdscnn_top|fc1_folded_top:u_fc1|fc1_folded_neuron:gen_fc1_neurons[52].u_neuron                                                        ; fc1_folded_neuron ; work         ;
;          |popcount:pc_fm|                              ; 44 (44)      ; 0 (0)                     ; 0 (0)         ; 0           ; 0    ; 0          ; 0            ; 0       ; 0         ; 0    ; 0            ; 44 (44)      ; 0 (0)             ; 0 (0)            ; 0          ; |bdscnn_top|fc1_folded_top:u_fc1|fc1_folded_neuron:gen_fc1_neurons[52].u_neuron|popcount:pc_fm                                         ; popcount          ; work         ;
;       |fc1_folded_neuron:gen_fc1_neurons[53].u_neuron| ; 113 (70)     ; 19 (19)                   ; 0 (0)         ; 0           ; 0    ; 0          ; 0            ; 0       ; 0         ; 0    ; 0            ; 94 (51)      ; 0 (0)             ; 19 (19)          ; 0          ; |bdscnn_top|fc1_folded_top:u_fc1|fc1_folded_neuron:gen_fc1_neurons[53].u_neuron                                                        ; fc1_folded_neuron ; work         ;
;          |popcount:pc_fm|                              ; 43 (43)      ; 0 (0)                     ; 0 (0)         ; 0           ; 0    ; 0          ; 0            ; 0       ; 0         ; 0    ; 0            ; 43 (43)      ; 0 (0)             ; 0 (0)            ; 0          ; |bdscnn_top|fc1_folded_top:u_fc1|fc1_folded_neuron:gen_fc1_neurons[53].u_neuron|popcount:pc_fm                                         ; popcount          ; work         ;
;       |fc1_folded_neuron:gen_fc1_neurons[54].u_neuron| ; 126 (83)     ; 20 (20)                   ; 0 (0)         ; 0           ; 0    ; 0          ; 0            ; 0       ; 0         ; 0    ; 0            ; 106 (63)     ; 1 (1)             ; 19 (19)          ; 0          ; |bdscnn_top|fc1_folded_top:u_fc1|fc1_folded_neuron:gen_fc1_neurons[54].u_neuron                                                        ; fc1_folded_neuron ; work         ;
;          |popcount:pc_fm|                              ; 43 (43)      ; 0 (0)                     ; 0 (0)         ; 0           ; 0    ; 0          ; 0            ; 0       ; 0         ; 0    ; 0            ; 43 (43)      ; 0 (0)             ; 0 (0)            ; 0          ; |bdscnn_top|fc1_folded_top:u_fc1|fc1_folded_neuron:gen_fc1_neurons[54].u_neuron|popcount:pc_fm                                         ; popcount          ; work         ;
;       |fc1_folded_neuron:gen_fc1_neurons[55].u_neuron| ; 106 (61)     ; 20 (20)                   ; 0 (0)         ; 0           ; 0    ; 0          ; 0            ; 0       ; 0         ; 0    ; 0            ; 86 (41)      ; 1 (1)             ; 19 (19)          ; 0          ; |bdscnn_top|fc1_folded_top:u_fc1|fc1_folded_neuron:gen_fc1_neurons[55].u_neuron                                                        ; fc1_folded_neuron ; work         ;
;          |popcount:pc_fm|                              ; 45 (45)      ; 0 (0)                     ; 0 (0)         ; 0           ; 0    ; 0          ; 0            ; 0       ; 0         ; 0    ; 0            ; 45 (45)      ; 0 (0)             ; 0 (0)            ; 0          ; |bdscnn_top|fc1_folded_top:u_fc1|fc1_folded_neuron:gen_fc1_neurons[55].u_neuron|popcount:pc_fm                                         ; popcount          ; work         ;
;       |fc1_folded_neuron:gen_fc1_neurons[56].u_neuron| ; 122 (79)     ; 21 (21)                   ; 0 (0)         ; 0           ; 0    ; 0          ; 0            ; 0       ; 0         ; 0    ; 0            ; 101 (58)     ; 1 (1)             ; 20 (20)          ; 0          ; |bdscnn_top|fc1_folded_top:u_fc1|fc1_folded_neuron:gen_fc1_neurons[56].u_neuron                                                        ; fc1_folded_neuron ; work         ;
;          |popcount:pc_fm|                              ; 43 (43)      ; 0 (0)                     ; 0 (0)         ; 0           ; 0    ; 0          ; 0            ; 0       ; 0         ; 0    ; 0            ; 43 (43)      ; 0 (0)             ; 0 (0)            ; 0          ; |bdscnn_top|fc1_folded_top:u_fc1|fc1_folded_neuron:gen_fc1_neurons[56].u_neuron|popcount:pc_fm                                         ; popcount          ; work         ;
;       |fc1_folded_neuron:gen_fc1_neurons[57].u_neuron| ; 111 (66)     ; 19 (19)                   ; 0 (0)         ; 0           ; 0    ; 0          ; 0            ; 0       ; 0         ; 0    ; 0            ; 92 (47)      ; 1 (1)             ; 18 (18)          ; 0          ; |bdscnn_top|fc1_folded_top:u_fc1|fc1_folded_neuron:gen_fc1_neurons[57].u_neuron                                                        ; fc1_folded_neuron ; work         ;
;          |popcount:pc_fm|                              ; 45 (45)      ; 0 (0)                     ; 0 (0)         ; 0           ; 0    ; 0          ; 0            ; 0       ; 0         ; 0    ; 0            ; 45 (45)      ; 0 (0)             ; 0 (0)            ; 0          ; |bdscnn_top|fc1_folded_top:u_fc1|fc1_folded_neuron:gen_fc1_neurons[57].u_neuron|popcount:pc_fm                                         ; popcount          ; work         ;
;       |fc1_folded_neuron:gen_fc1_neurons[58].u_neuron| ; 110 (63)     ; 18 (18)                   ; 0 (0)         ; 0           ; 0    ; 0          ; 0            ; 0       ; 0         ; 0    ; 0            ; 92 (45)      ; 1 (1)             ; 17 (17)          ; 0          ; |bdscnn_top|fc1_folded_top:u_fc1|fc1_folded_neuron:gen_fc1_neurons[58].u_neuron                                                        ; fc1_folded_neuron ; work         ;
;          |popcount:pc_fm|                              ; 47 (47)      ; 0 (0)                     ; 0 (0)         ; 0           ; 0    ; 0          ; 0            ; 0       ; 0         ; 0    ; 0            ; 47 (47)      ; 0 (0)             ; 0 (0)            ; 0          ; |bdscnn_top|fc1_folded_top:u_fc1|fc1_folded_neuron:gen_fc1_neurons[58].u_neuron|popcount:pc_fm                                         ; popcount          ; work         ;
;       |fc1_folded_neuron:gen_fc1_neurons[5].u_neuron|  ; 91 (44)      ; 18 (18)                   ; 0 (0)         ; 0           ; 0    ; 0          ; 0            ; 0       ; 0         ; 0    ; 0            ; 73 (26)      ; 1 (1)             ; 17 (17)          ; 0          ; |bdscnn_top|fc1_folded_top:u_fc1|fc1_folded_neuron:gen_fc1_neurons[5].u_neuron                                                         ; fc1_folded_neuron ; work         ;
;          |popcount:pc_fm|                              ; 47 (47)      ; 0 (0)                     ; 0 (0)         ; 0           ; 0    ; 0          ; 0            ; 0       ; 0         ; 0    ; 0            ; 47 (47)      ; 0 (0)             ; 0 (0)            ; 0          ; |bdscnn_top|fc1_folded_top:u_fc1|fc1_folded_neuron:gen_fc1_neurons[5].u_neuron|popcount:pc_fm                                          ; popcount          ; work         ;
;       |fc1_folded_neuron:gen_fc1_neurons[60].u_neuron| ; 114 (73)     ; 19 (19)                   ; 0 (0)         ; 0           ; 0    ; 0          ; 0            ; 0       ; 0         ; 0    ; 0            ; 95 (54)      ; 1 (1)             ; 18 (18)          ; 0          ; |bdscnn_top|fc1_folded_top:u_fc1|fc1_folded_neuron:gen_fc1_neurons[60].u_neuron                                                        ; fc1_folded_neuron ; work         ;
;          |popcount:pc_fm|                              ; 41 (41)      ; 0 (0)                     ; 0 (0)         ; 0           ; 0    ; 0          ; 0            ; 0       ; 0         ; 0    ; 0            ; 41 (41)      ; 0 (0)             ; 0 (0)            ; 0          ; |bdscnn_top|fc1_folded_top:u_fc1|fc1_folded_neuron:gen_fc1_neurons[60].u_neuron|popcount:pc_fm                                         ; popcount          ; work         ;
;       |fc1_folded_neuron:gen_fc1_neurons[61].u_neuron| ; 99 (56)      ; 20 (20)                   ; 0 (0)         ; 0           ; 0    ; 0          ; 0            ; 0       ; 0         ; 0    ; 0            ; 79 (36)      ; 1 (1)             ; 19 (19)          ; 0          ; |bdscnn_top|fc1_folded_top:u_fc1|fc1_folded_neuron:gen_fc1_neurons[61].u_neuron                                                        ; fc1_folded_neuron ; work         ;
;          |popcount:pc_fm|                              ; 43 (43)      ; 0 (0)                     ; 0 (0)         ; 0           ; 0    ; 0          ; 0            ; 0       ; 0         ; 0    ; 0            ; 43 (43)      ; 0 (0)             ; 0 (0)            ; 0          ; |bdscnn_top|fc1_folded_top:u_fc1|fc1_folded_neuron:gen_fc1_neurons[61].u_neuron|popcount:pc_fm                                         ; popcount          ; work         ;
;       |fc1_folded_neuron:gen_fc1_neurons[62].u_neuron| ; 133 (90)     ; 20 (20)                   ; 0 (0)         ; 0           ; 0    ; 0          ; 0            ; 0       ; 0         ; 0    ; 0            ; 113 (70)     ; 1 (1)             ; 19 (19)          ; 0          ; |bdscnn_top|fc1_folded_top:u_fc1|fc1_folded_neuron:gen_fc1_neurons[62].u_neuron                                                        ; fc1_folded_neuron ; work         ;
;          |popcount:pc_fm|                              ; 43 (43)      ; 0 (0)                     ; 0 (0)         ; 0           ; 0    ; 0          ; 0            ; 0       ; 0         ; 0    ; 0            ; 43 (43)      ; 0 (0)             ; 0 (0)            ; 0          ; |bdscnn_top|fc1_folded_top:u_fc1|fc1_folded_neuron:gen_fc1_neurons[62].u_neuron|popcount:pc_fm                                         ; popcount          ; work         ;
;       |fc1_folded_neuron:gen_fc1_neurons[63].u_neuron| ; 108 (62)     ; 18 (18)                   ; 0 (0)         ; 0           ; 0    ; 0          ; 0            ; 0       ; 0         ; 0    ; 0            ; 90 (44)      ; 1 (1)             ; 17 (17)          ; 0          ; |bdscnn_top|fc1_folded_top:u_fc1|fc1_folded_neuron:gen_fc1_neurons[63].u_neuron                                                        ; fc1_folded_neuron ; work         ;
;          |popcount:pc_fm|                              ; 46 (46)      ; 0 (0)                     ; 0 (0)         ; 0           ; 0    ; 0          ; 0            ; 0       ; 0         ; 0    ; 0            ; 46 (46)      ; 0 (0)             ; 0 (0)            ; 0          ; |bdscnn_top|fc1_folded_top:u_fc1|fc1_folded_neuron:gen_fc1_neurons[63].u_neuron|popcount:pc_fm                                         ; popcount          ; work         ;
;       |fc1_folded_neuron:gen_fc1_neurons[6].u_neuron|  ; 109 (68)     ; 18 (18)                   ; 0 (0)         ; 0           ; 0    ; 0          ; 0            ; 0       ; 0         ; 0    ; 0            ; 91 (50)      ; 1 (1)             ; 17 (17)          ; 0          ; |bdscnn_top|fc1_folded_top:u_fc1|fc1_folded_neuron:gen_fc1_neurons[6].u_neuron                                                         ; fc1_folded_neuron ; work         ;
;          |popcount:pc_fm|                              ; 41 (41)      ; 0 (0)                     ; 0 (0)         ; 0           ; 0    ; 0          ; 0            ; 0       ; 0         ; 0    ; 0            ; 41 (41)      ; 0 (0)             ; 0 (0)            ; 0          ; |bdscnn_top|fc1_folded_top:u_fc1|fc1_folded_neuron:gen_fc1_neurons[6].u_neuron|popcount:pc_fm                                          ; popcount          ; work         ;
;       |fc1_folded_neuron:gen_fc1_neurons[7].u_neuron|  ; 125 (78)     ; 20 (20)                   ; 0 (0)         ; 0           ; 0    ; 0          ; 0            ; 0       ; 0         ; 0    ; 0            ; 105 (58)     ; 1 (1)             ; 19 (19)          ; 0          ; |bdscnn_top|fc1_folded_top:u_fc1|fc1_folded_neuron:gen_fc1_neurons[7].u_neuron                                                         ; fc1_folded_neuron ; work         ;
;          |popcount:pc_fm|                              ; 47 (47)      ; 0 (0)                     ; 0 (0)         ; 0           ; 0    ; 0          ; 0            ; 0       ; 0         ; 0    ; 0            ; 47 (47)      ; 0 (0)             ; 0 (0)            ; 0          ; |bdscnn_top|fc1_folded_top:u_fc1|fc1_folded_neuron:gen_fc1_neurons[7].u_neuron|popcount:pc_fm                                          ; popcount          ; work         ;
;       |fc1_folded_neuron:gen_fc1_neurons[8].u_neuron|  ; 120 (73)     ; 19 (19)                   ; 0 (0)         ; 0           ; 0    ; 0          ; 0            ; 0       ; 0         ; 0    ; 0            ; 101 (54)     ; 1 (1)             ; 18 (18)          ; 0          ; |bdscnn_top|fc1_folded_top:u_fc1|fc1_folded_neuron:gen_fc1_neurons[8].u_neuron                                                         ; fc1_folded_neuron ; work         ;
;          |popcount:pc_fm|                              ; 47 (47)      ; 0 (0)                     ; 0 (0)         ; 0           ; 0    ; 0          ; 0            ; 0       ; 0         ; 0    ; 0            ; 47 (47)      ; 0 (0)             ; 0 (0)            ; 0          ; |bdscnn_top|fc1_folded_top:u_fc1|fc1_folded_neuron:gen_fc1_neurons[8].u_neuron|popcount:pc_fm                                          ; popcount          ; work         ;
;       |fc1_folded_neuron:gen_fc1_neurons[9].u_neuron|  ; 136 (95)     ; 21 (21)                   ; 0 (0)         ; 0           ; 0    ; 0          ; 0            ; 0       ; 0         ; 0    ; 0            ; 115 (74)     ; 1 (1)             ; 20 (20)          ; 0          ; |bdscnn_top|fc1_folded_top:u_fc1|fc1_folded_neuron:gen_fc1_neurons[9].u_neuron                                                         ; fc1_folded_neuron ; work         ;
;          |popcount:pc_fm|                              ; 41 (41)      ; 0 (0)                     ; 0 (0)         ; 0           ; 0    ; 0          ; 0            ; 0       ; 0         ; 0    ; 0            ; 41 (41)      ; 0 (0)             ; 0 (0)            ; 0          ; |bdscnn_top|fc1_folded_top:u_fc1|fc1_folded_neuron:gen_fc1_neurons[9].u_neuron|popcount:pc_fm                                          ; popcount          ; work         ;
;    |fc2_top:u_fc2|                                     ; 1310 (956)   ; 719 (719)                 ; 0 (0)         ; 0           ; 0    ; 0          ; 0            ; 0       ; 0         ; 0    ; 0            ; 590 (237)    ; 186 (186)         ; 534 (533)        ; 0          ; |bdscnn_top|fc2_top:u_fc2                                                                                                              ; fc2_top           ; work         ;
;       |popcount:gen_fc2_mac[0].pc|                     ; 26 (26)      ; 0 (0)                     ; 0 (0)         ; 0           ; 0    ; 0          ; 0            ; 0       ; 0         ; 0    ; 0            ; 26 (26)      ; 0 (0)             ; 0 (0)            ; 0          ; |bdscnn_top|fc2_top:u_fc2|popcount:gen_fc2_mac[0].pc                                                                                   ; popcount          ; work         ;
;       |popcount:gen_fc2_mac[1].pc|                     ; 34 (34)      ; 0 (0)                     ; 0 (0)         ; 0           ; 0    ; 0          ; 0            ; 0       ; 0         ; 0    ; 0            ; 34 (34)      ; 0 (0)             ; 0 (0)            ; 0          ; |bdscnn_top|fc2_top:u_fc2|popcount:gen_fc2_mac[1].pc                                                                                   ; popcount          ; work         ;
;       |popcount:gen_fc2_mac[2].pc|                     ; 42 (42)      ; 0 (0)                     ; 0 (0)         ; 0           ; 0    ; 0          ; 0            ; 0       ; 0         ; 0    ; 0            ; 42 (42)      ; 0 (0)             ; 0 (0)            ; 0          ; |bdscnn_top|fc2_top:u_fc2|popcount:gen_fc2_mac[2].pc                                                                                   ; popcount          ; work         ;
;       |popcount:gen_fc2_mac[3].pc|                     ; 35 (35)      ; 0 (0)                     ; 0 (0)         ; 0           ; 0    ; 0          ; 0            ; 0       ; 0         ; 0    ; 0            ; 34 (34)      ; 0 (0)             ; 1 (1)            ; 0          ; |bdscnn_top|fc2_top:u_fc2|popcount:gen_fc2_mac[3].pc                                                                                   ; popcount          ; work         ;
;       |popcount:gen_fc2_mac[4].pc|                     ; 47 (47)      ; 0 (0)                     ; 0 (0)         ; 0           ; 0    ; 0          ; 0            ; 0       ; 0         ; 0    ; 0            ; 47 (47)      ; 0 (0)             ; 0 (0)            ; 0          ; |bdscnn_top|fc2_top:u_fc2|popcount:gen_fc2_mac[4].pc                                                                                   ; popcount          ; work         ;
;       |popcount:gen_fc2_mac[5].pc|                     ; 47 (47)      ; 0 (0)                     ; 0 (0)         ; 0           ; 0    ; 0          ; 0            ; 0       ; 0         ; 0    ; 0            ; 47 (47)      ; 0 (0)             ; 0 (0)            ; 0          ; |bdscnn_top|fc2_top:u_fc2|popcount:gen_fc2_mac[5].pc                                                                                   ; popcount          ; work         ;
;       |popcount:gen_fc2_mac[6].pc|                     ; 22 (22)      ; 0 (0)                     ; 0 (0)         ; 0           ; 0    ; 0          ; 0            ; 0       ; 0         ; 0    ; 0            ; 22 (22)      ; 0 (0)             ; 0 (0)            ; 0          ; |bdscnn_top|fc2_top:u_fc2|popcount:gen_fc2_mac[6].pc                                                                                   ; popcount          ; work         ;
;       |popcount:gen_fc2_mac[7].pc|                     ; 42 (42)      ; 0 (0)                     ; 0 (0)         ; 0           ; 0    ; 0          ; 0            ; 0       ; 0         ; 0    ; 0            ; 42 (42)      ; 0 (0)             ; 0 (0)            ; 0          ; |bdscnn_top|fc2_top:u_fc2|popcount:gen_fc2_mac[7].pc                                                                                   ; popcount          ; work         ;
;       |popcount:gen_fc2_mac[8].pc|                     ; 22 (22)      ; 0 (0)                     ; 0 (0)         ; 0           ; 0    ; 0          ; 0            ; 0       ; 0         ; 0    ; 0            ; 22 (22)      ; 0 (0)             ; 0 (0)            ; 0          ; |bdscnn_top|fc2_top:u_fc2|popcount:gen_fc2_mac[8].pc                                                                                   ; popcount          ; work         ;
;       |popcount:gen_fc2_mac[9].pc|                     ; 37 (37)      ; 0 (0)                     ; 0 (0)         ; 0           ; 0    ; 0          ; 0            ; 0       ; 0         ; 0    ; 0            ; 37 (37)      ; 0 (0)             ; 0 (0)            ; 0          ; |bdscnn_top|fc2_top:u_fc2|popcount:gen_fc2_mac[9].pc                                                                                   ; popcount          ; work         ;
;    |mcp_top:u_mcp|                                     ; 118 (0)      ; 93 (0)                    ; 0 (0)         ; 60          ; 1    ; 0          ; 0            ; 0       ; 0         ; 0    ; 0            ; 25 (0)       ; 50 (0)            ; 43 (0)           ; 0          ; |bdscnn_top|mcp_top:u_mcp                                                                                                              ; mcp_top           ; work         ;
;       |mcp_pe:gen_mcp_filters[0].u_pe|                 ; 13 (13)      ; 11 (11)                   ; 0 (0)         ; 0           ; 0    ; 0          ; 0            ; 0       ; 0         ; 0    ; 0            ; 2 (2)        ; 4 (4)             ; 7 (7)            ; 0          ; |bdscnn_top|mcp_top:u_mcp|mcp_pe:gen_mcp_filters[0].u_pe                                                                               ; mcp_pe            ; work         ;
;       |mcp_pe:gen_mcp_filters[1].u_pe|                 ; 22 (17)      ; 11 (11)                   ; 0 (0)         ; 0           ; 0    ; 0          ; 0            ; 0       ; 0         ; 0    ; 0            ; 11 (6)       ; 1 (1)             ; 10 (7)           ; 0          ; |bdscnn_top|mcp_top:u_mcp|mcp_pe:gen_mcp_filters[1].u_pe                                                                               ; mcp_pe            ; work         ;
;          |popcount:u_pop|                              ; 8 (8)        ; 0 (0)                     ; 0 (0)         ; 0           ; 0    ; 0          ; 0            ; 0       ; 0         ; 0    ; 0            ; 5 (5)        ; 0 (0)             ; 3 (3)            ; 0          ; |bdscnn_top|mcp_top:u_mcp|mcp_pe:gen_mcp_filters[1].u_pe|popcount:u_pop                                                                ; popcount          ; work         ;
;       |mcp_pe:gen_mcp_filters[2].u_pe|                 ; 6 (6)        ; 6 (6)                     ; 0 (0)         ; 0           ; 0    ; 0          ; 0            ; 0       ; 0         ; 0    ; 0            ; 0 (0)        ; 2 (2)             ; 4 (4)            ; 0          ; |bdscnn_top|mcp_top:u_mcp|mcp_pe:gen_mcp_filters[2].u_pe                                                                               ; mcp_pe            ; work         ;
;       |window4x4s2:u_window|                           ; 77 (58)      ; 65 (54)                   ; 0 (0)         ; 60          ; 1    ; 0          ; 0            ; 0       ; 0         ; 0    ; 0            ; 12 (4)       ; 43 (43)           ; 22 (11)          ; 0          ; |bdscnn_top|mcp_top:u_mcp|window4x4s2:u_window                                                                                         ; window4x4s2       ; work         ;
;          |altshift_taps:row2_rtl_0|                    ; 19 (0)       ; 11 (0)                    ; 0 (0)         ; 60          ; 1    ; 0          ; 0            ; 0       ; 0         ; 0    ; 0            ; 8 (0)        ; 0 (0)             ; 11 (0)           ; 0          ; |bdscnn_top|mcp_top:u_mcp|window4x4s2:u_window|altshift_taps:row2_rtl_0                                                                ; altshift_taps     ; work         ;
;             |shift_taps_egm:auto_generated|            ; 19 (0)       ; 11 (1)                    ; 0 (0)         ; 60          ; 1    ; 0          ; 0            ; 0       ; 0         ; 0    ; 0            ; 8 (0)        ; 0 (0)             ; 11 (0)           ; 0          ; |bdscnn_top|mcp_top:u_mcp|window4x4s2:u_window|altshift_taps:row2_rtl_0|shift_taps_egm:auto_generated                                  ; shift_taps_egm    ; work         ;
;                |altsyncram_ica1:altsyncram2|           ; 0 (0)        ; 0 (0)                     ; 0 (0)         ; 60          ; 1    ; 0          ; 0            ; 0       ; 0         ; 0    ; 0            ; 0 (0)        ; 0 (0)             ; 0 (0)            ; 0          ; |bdscnn_top|mcp_top:u_mcp|window4x4s2:u_window|altshift_taps:row2_rtl_0|shift_taps_egm:auto_generated|altsyncram_ica1:altsyncram2      ; altsyncram_ica1   ; work         ;
;                |cntr_5lg:cntr3|                        ; 7 (7)        ; 5 (5)                     ; 0 (0)         ; 0           ; 0    ; 0          ; 0            ; 0       ; 0         ; 0    ; 0            ; 1 (1)        ; 0 (0)             ; 6 (6)            ; 0          ; |bdscnn_top|mcp_top:u_mcp|window4x4s2:u_window|altshift_taps:row2_rtl_0|shift_taps_egm:auto_generated|cntr_5lg:cntr3                   ; cntr_5lg          ; work         ;
;                |cntr_f5f:cntr1|                        ; 12 (11)      ; 5 (5)                     ; 0 (0)         ; 0           ; 0    ; 0          ; 0            ; 0       ; 0         ; 0    ; 0            ; 7 (6)        ; 0 (0)             ; 5 (5)            ; 0          ; |bdscnn_top|mcp_top:u_mcp|window4x4s2:u_window|altshift_taps:row2_rtl_0|shift_taps_egm:auto_generated|cntr_f5f:cntr1                   ; cntr_f5f          ; work         ;
;                   |cmpr_hrb:cmpr6|                     ; 1 (1)        ; 0 (0)                     ; 0 (0)         ; 0           ; 0    ; 0          ; 0            ; 0       ; 0         ; 0    ; 0            ; 1 (1)        ; 0 (0)             ; 0 (0)            ; 0          ; |bdscnn_top|mcp_top:u_mcp|window4x4s2:u_window|altshift_taps:row2_rtl_0|shift_taps_egm:auto_generated|cntr_f5f:cntr1|cmpr_hrb:cmpr6    ; cmpr_hrb          ; work         ;
;    |pw_top:u_pw|                                       ; 129 (0)      ; 116 (0)                   ; 0 (0)         ; 0           ; 0    ; 0          ; 0            ; 0       ; 0         ; 0    ; 0            ; 13 (0)       ; 30 (0)            ; 86 (0)           ; 0          ; |bdscnn_top|pw_top:u_pw                                                                                                                ; pw_top            ; work         ;
;       |pw_pe:gen_pw_neurons[0].u_pe|                   ; 7 (7)        ; 7 (7)                     ; 0 (0)         ; 0           ; 0    ; 0          ; 0            ; 0       ; 0         ; 0    ; 0            ; 0 (0)        ; 3 (3)             ; 4 (4)            ; 0          ; |bdscnn_top|pw_top:u_pw|pw_pe:gen_pw_neurons[0].u_pe                                                                                   ; pw_pe             ; work         ;
;       |pw_pe:gen_pw_neurons[10].u_pe|                  ; 6 (6)        ; 6 (6)                     ; 0 (0)         ; 0           ; 0    ; 0          ; 0            ; 0       ; 0         ; 0    ; 0            ; 0 (0)        ; 2 (2)             ; 4 (4)            ; 0          ; |bdscnn_top|pw_top:u_pw|pw_pe:gen_pw_neurons[10].u_pe                                                                                  ; pw_pe             ; work         ;
;       |pw_pe:gen_pw_neurons[11].u_pe|                  ; 14 (14)      ; 9 (9)                     ; 0 (0)         ; 0           ; 0    ; 0          ; 0            ; 0       ; 0         ; 0    ; 0            ; 3 (3)        ; 2 (2)             ; 9 (9)            ; 0          ; |bdscnn_top|pw_top:u_pw|pw_pe:gen_pw_neurons[11].u_pe                                                                                  ; pw_pe             ; work         ;
;       |pw_pe:gen_pw_neurons[12].u_pe|                  ; 14 (14)      ; 9 (9)                     ; 0 (0)         ; 0           ; 0    ; 0          ; 0            ; 0       ; 0         ; 0    ; 0            ; 1 (1)        ; 2 (2)             ; 11 (11)          ; 0          ; |bdscnn_top|pw_top:u_pw|pw_pe:gen_pw_neurons[12].u_pe                                                                                  ; pw_pe             ; work         ;
;       |pw_pe:gen_pw_neurons[13].u_pe|                  ; 6 (6)        ; 6 (6)                     ; 0 (0)         ; 0           ; 0    ; 0          ; 0            ; 0       ; 0         ; 0    ; 0            ; 0 (0)        ; 2 (2)             ; 4 (4)            ; 0          ; |bdscnn_top|pw_top:u_pw|pw_pe:gen_pw_neurons[13].u_pe                                                                                  ; pw_pe             ; work         ;
;       |pw_pe:gen_pw_neurons[14].u_pe|                  ; 6 (6)        ; 6 (6)                     ; 0 (0)         ; 0           ; 0    ; 0          ; 0            ; 0       ; 0         ; 0    ; 0            ; 0 (0)        ; 2 (2)             ; 4 (4)            ; 0          ; |bdscnn_top|pw_top:u_pw|pw_pe:gen_pw_neurons[14].u_pe                                                                                  ; pw_pe             ; work         ;
;       |pw_pe:gen_pw_neurons[15].u_pe|                  ; 2 (2)        ; 2 (2)                     ; 0 (0)         ; 0           ; 0    ; 0          ; 0            ; 0       ; 0         ; 0    ; 0            ; 0 (0)        ; 1 (1)             ; 1 (1)            ; 0          ; |bdscnn_top|pw_top:u_pw|pw_pe:gen_pw_neurons[15].u_pe                                                                                  ; pw_pe             ; work         ;
;       |pw_pe:gen_pw_neurons[16].u_pe|                  ; 6 (6)        ; 6 (6)                     ; 0 (0)         ; 0           ; 0    ; 0          ; 0            ; 0       ; 0         ; 0    ; 0            ; 0 (0)        ; 2 (2)             ; 4 (4)            ; 0          ; |bdscnn_top|pw_top:u_pw|pw_pe:gen_pw_neurons[16].u_pe                                                                                  ; pw_pe             ; work         ;
;       |pw_pe:gen_pw_neurons[17].u_pe|                  ; 10 (10)      ; 9 (9)                     ; 0 (0)         ; 0           ; 0    ; 0          ; 0            ; 0       ; 0         ; 0    ; 0            ; 1 (1)        ; 1 (1)             ; 8 (8)            ; 0          ; |bdscnn_top|pw_top:u_pw|pw_pe:gen_pw_neurons[17].u_pe                                                                                  ; pw_pe             ; work         ;
;       |pw_pe:gen_pw_neurons[1].u_pe|                   ; 6 (6)        ; 6 (6)                     ; 0 (0)         ; 0           ; 0    ; 0          ; 0            ; 0       ; 0         ; 0    ; 0            ; 0 (0)        ; 2 (2)             ; 4 (4)            ; 0          ; |bdscnn_top|pw_top:u_pw|pw_pe:gen_pw_neurons[1].u_pe                                                                                   ; pw_pe             ; work         ;
;       |pw_pe:gen_pw_neurons[2].u_pe|                   ; 6 (6)        ; 6 (6)                     ; 0 (0)         ; 0           ; 0    ; 0          ; 0            ; 0       ; 0         ; 0    ; 0            ; 0 (0)        ; 2 (2)             ; 4 (4)            ; 0          ; |bdscnn_top|pw_top:u_pw|pw_pe:gen_pw_neurons[2].u_pe                                                                                   ; pw_pe             ; work         ;
;       |pw_pe:gen_pw_neurons[3].u_pe|                   ; 6 (6)        ; 6 (6)                     ; 0 (0)         ; 0           ; 0    ; 0          ; 0            ; 0       ; 0         ; 0    ; 0            ; 0 (0)        ; 2 (2)             ; 4 (4)            ; 0          ; |bdscnn_top|pw_top:u_pw|pw_pe:gen_pw_neurons[3].u_pe                                                                                   ; pw_pe             ; work         ;
;       |pw_pe:gen_pw_neurons[4].u_pe|                   ; 4 (4)        ; 4 (4)                     ; 0 (0)         ; 0           ; 0    ; 0          ; 0            ; 0       ; 0         ; 0    ; 0            ; 0 (0)        ; 1 (1)             ; 3 (3)            ; 0          ; |bdscnn_top|pw_top:u_pw|pw_pe:gen_pw_neurons[4].u_pe                                                                                   ; pw_pe             ; work         ;
;       |pw_pe:gen_pw_neurons[5].u_pe|                   ; 2 (2)        ; 2 (2)                     ; 0 (0)         ; 0           ; 0    ; 0          ; 0            ; 0       ; 0         ; 0    ; 0            ; 0 (0)        ; 1 (1)             ; 1 (1)            ; 0          ; |bdscnn_top|pw_top:u_pw|pw_pe:gen_pw_neurons[5].u_pe                                                                                   ; pw_pe             ; work         ;
;       |pw_pe:gen_pw_neurons[6].u_pe|                   ; 12 (12)      ; 9 (9)                     ; 0 (0)         ; 0           ; 0    ; 0          ; 0            ; 0       ; 0         ; 0    ; 0            ; 3 (3)        ; 1 (1)             ; 8 (8)            ; 0          ; |bdscnn_top|pw_top:u_pw|pw_pe:gen_pw_neurons[6].u_pe                                                                                   ; pw_pe             ; work         ;
;       |pw_pe:gen_pw_neurons[7].u_pe|                   ; 6 (6)        ; 6 (6)                     ; 0 (0)         ; 0           ; 0    ; 0          ; 0            ; 0       ; 0         ; 0    ; 0            ; 0 (0)        ; 2 (2)             ; 4 (4)            ; 0          ; |bdscnn_top|pw_top:u_pw|pw_pe:gen_pw_neurons[7].u_pe                                                                                   ; pw_pe             ; work         ;
;       |pw_pe:gen_pw_neurons[8].u_pe|                   ; 12 (12)      ; 9 (9)                     ; 0 (0)         ; 0           ; 0    ; 0          ; 0            ; 0       ; 0         ; 0    ; 0            ; 3 (3)        ; 1 (1)             ; 8 (8)            ; 0          ; |bdscnn_top|pw_top:u_pw|pw_pe:gen_pw_neurons[8].u_pe                                                                                   ; pw_pe             ; work         ;
;       |pw_pe:gen_pw_neurons[9].u_pe|                   ; 10 (10)      ; 8 (8)                     ; 0 (0)         ; 0           ; 0    ; 0          ; 0            ; 0       ; 0         ; 0    ; 0            ; 2 (2)        ; 1 (1)             ; 7 (7)            ; 0          ; |bdscnn_top|pw_top:u_pw|pw_pe:gen_pw_neurons[9].u_pe                                                                                   ; pw_pe             ; work         ;
+--------------------------------------------------------+--------------+---------------------------+---------------+-------------+------+------------+--------------+---------+-----------+------+--------------+--------------+-------------------+------------------+------------+----------------------------------------------------------------------------------------------------------------------------------------+-------------------+--------------+
Note: For table entries with two numbers listed, the numbers in parentheses indicate the number of resources of the given type used by the specific entity alone. The numbers listed outside of parentheses indicate the total resources of the given type used by the specific entity and all of its sub-entities in the hierarchy.


+----------------------------------------------------------------------------------------------+
; Delay Chain Summary                                                                          ;
+--------------+----------+---------------+---------------+-----------------------+-----+------+
; Name         ; Pin Type ; Pad to Core 0 ; Pad to Core 1 ; Pad to Input Register ; TCO ; TCOE ;
+--------------+----------+---------------+---------------+-----------------------+-----+------+
; sys_valid    ; Output   ; --            ; --            ; --                    ; --  ; --   ;
; class_out[0] ; Output   ; --            ; --            ; --                    ; --  ; --   ;
; class_out[1] ; Output   ; --            ; --            ; --                    ; --  ; --   ;
; class_out[2] ; Output   ; --            ; --            ; --                    ; --  ; --   ;
; class_out[3] ; Output   ; --            ; --            ; --                    ; --  ; --   ;
; clk          ; Input    ; (0) 0 ps      ; --            ; --                    ; --  ; --   ;
; rst_n        ; Input    ; --            ; (6) 868 ps    ; --                    ; --  ; --   ;
; img_valid    ; Input    ; --            ; (6) 868 ps    ; --                    ; --  ; --   ;
; img_data     ; Input    ; (6) 868 ps    ; --            ; --                    ; --  ; --   ;
+--------------+----------+---------------+---------------+-----------------------+-----+------+


+-------------------------------------------------------------------------------------------------------------------------------------------------------------------------+
; Pad To Core Delay Chain Fanout                                                                                                                                          ;
+-------------------------------------------------------------------------------------------------------------------------------------------+-------------------+---------+
; Source Pin / Fanout                                                                                                                       ; Pad To Core Index ; Setting ;
+-------------------------------------------------------------------------------------------------------------------------------------------+-------------------+---------+
; clk                                                                                                                                       ;                   ;         ;
; rst_n                                                                                                                                     ;                   ;         ;
;      - fc2_top:u_fc2|fc2_valid                                                                                                            ; 1                 ; 6       ;
;      - fc2_top:u_fc2|class_out[0]                                                                                                         ; 1                 ; 6       ;
;      - fc2_top:u_fc2|class_out[1]                                                                                                         ; 1                 ; 6       ;
;      - fc2_top:u_fc2|class_out[2]                                                                                                         ; 1                 ; 6       ;
;      - fc2_top:u_fc2|class_out[3]                                                                                                         ; 1                 ; 6       ;
;      - fc2_top:u_fc2|valid_t3                                                                                                             ; 1                 ; 6       ;
;      - mcp_top:u_mcp|window4x4s2:u_window|dout_valid                                                                                      ; 1                 ; 6       ;
;      - dw_top:u_dw|window3x3s1:u_window|dout_valid                                                                                        ; 1                 ; 6       ;
;      - fc2_top:u_fc2|score[5][20]                                                                                                         ; 1                 ; 6       ;
;      - fc2_top:u_fc2|score[0][18]                                                                                                         ; 1                 ; 6       ;
;      - fc2_top:u_fc2|score[9][7]                                                                                                          ; 1                 ; 6       ;
;      - fc2_top:u_fc2|t3_val[0][31]                                                                                                        ; 1                 ; 6       ;
;      - fc2_top:u_fc2|t2_val[1][31]                                                                                                        ; 1                 ; 6       ;
;      - fc2_top:u_fc2|t2_val[0][31]                                                                                                        ; 1                 ; 6       ;
;      - fc2_top:u_fc2|t3_val[0][30]                                                                                                        ; 1                 ; 6       ;
;      - mcp_top:u_mcp|window4x4s2:u_window|col_cnt[1]                                                                                      ; 1                 ; 6       ;
;      - mcp_top:u_mcp|window4x4s2:u_window|col_cnt[2]                                                                                      ; 1                 ; 6       ;
;      - mcp_top:u_mcp|window4x4s2:u_window|col_cnt[3]                                                                                      ; 1                 ; 6       ;
;      - mcp_top:u_mcp|window4x4s2:u_window|col_cnt[4]                                                                                      ; 1                 ; 6       ;
;      - mcp_top:u_mcp|window4x4s2:u_window|row_cnt[1]                                                                                      ; 1                 ; 6       ;
;      - mcp_top:u_mcp|window4x4s2:u_window|row_cnt[2]                                                                                      ; 1                 ; 6       ;
;      - mcp_top:u_mcp|window4x4s2:u_window|row_cnt[3]                                                                                      ; 1                 ; 6       ;
;      - mcp_top:u_mcp|window4x4s2:u_window|row_cnt[4]                                                                                      ; 1                 ; 6       ;
;      - mcp_top:u_mcp|window4x4s2:u_window|col_cnt[0]                                                                                      ; 1                 ; 6       ;
;      - fc2_top:u_fc2|t1_val[4][31]                                                                                                        ; 1                 ; 6       ;
;      - fc2_top:u_fc2|t1_val[3][31]                                                                                                        ; 1                 ; 6       ;
;      - fc2_top:u_fc2|t1_val[2][31]                                                                                                        ; 1                 ; 6       ;
;      - fc2_top:u_fc2|t2_val[1][30]                                                                                                        ; 1                 ; 6       ;
;      - fc2_top:u_fc2|t1_val[1][31]                                                                                                        ; 1                 ; 6       ;
;      - fc2_top:u_fc2|t1_val[0][31]                                                                                                        ; 1                 ; 6       ;
;      - fc2_top:u_fc2|t2_val[0][30]                                                                                                        ; 1                 ; 6       ;
;      - fc2_top:u_fc2|t3_val[0][29]                                                                                                        ; 1                 ; 6       ;
;      - fc2_top:u_fc2|t1_val[4][30]                                                                                                        ; 1                 ; 6       ;
;      - fc2_top:u_fc2|t1_val[3][30]                                                                                                        ; 1                 ; 6       ;
;      - fc2_top:u_fc2|t1_val[2][30]                                                                                                        ; 1                 ; 6       ;
;      - fc2_top:u_fc2|t2_val[1][29]                                                                                                        ; 1                 ; 6       ;
;      - fc2_top:u_fc2|t1_val[1][30]                                                                                                        ; 1                 ; 6       ;
;      - fc2_top:u_fc2|t1_val[0][30]                                                                                                        ; 1                 ; 6       ;
;      - fc2_top:u_fc2|t2_val[0][29]                                                                                                        ; 1                 ; 6       ;
;      - fc2_top:u_fc2|t3_val[0][28]                                                                                                        ; 1                 ; 6       ;
;      - fc2_top:u_fc2|pop[9][0]                                                                                                            ; 1                 ; 6       ;
;      - fc2_top:u_fc2|pop[9][1]                                                                                                            ; 1                 ; 6       ;
;      - fc2_top:u_fc2|pop[9][2]                                                                                                            ; 1                 ; 6       ;
;      - fc2_top:u_fc2|pop[9][3]                                                                                                            ; 1                 ; 6       ;
;      - fc2_top:u_fc2|pop[9][4]                                                                                                            ; 1                 ; 6       ;
;      - fc2_top:u_fc2|pop[8][0]                                                                                                            ; 1                 ; 6       ;
;      - fc2_top:u_fc2|pop[8][1]                                                                                                            ; 1                 ; 6       ;
;      - fc2_top:u_fc2|pop[8][2]                                                                                                            ; 1                 ; 6       ;
;      - fc2_top:u_fc2|pop[8][3]                                                                                                            ; 1                 ; 6       ;
;      - fc2_top:u_fc2|t1_val[4][29]                                                                                                        ; 1                 ; 6       ;
;      - fc2_top:u_fc2|pop[7][0]                                                                                                            ; 1                 ; 6       ;
;      - fc2_top:u_fc2|pop[7][1]                                                                                                            ; 1                 ; 6       ;
;      - fc2_top:u_fc2|pop[7][2]                                                                                                            ; 1                 ; 6       ;
;      - fc2_top:u_fc2|pop[7][3]                                                                                                            ; 1                 ; 6       ;
;      - fc2_top:u_fc2|pop[7][4]                                                                                                            ; 1                 ; 6       ;
;      - fc2_top:u_fc2|pop[6][0]                                                                                                            ; 1                 ; 6       ;
;      - fc2_top:u_fc2|pop[6][1]                                                                                                            ; 1                 ; 6       ;
;      - fc2_top:u_fc2|pop[6][2]                                                                                                            ; 1                 ; 6       ;
;      - fc2_top:u_fc2|pop[6][3]                                                                                                            ; 1                 ; 6       ;
;      - fc2_top:u_fc2|t1_val[3][29]                                                                                                        ; 1                 ; 6       ;
;      - fc2_top:u_fc2|pop[5][3]                                                                                                            ; 1                 ; 6       ;
;      - fc2_top:u_fc2|pop[5][4]                                                                                                            ; 1                 ; 6       ;
;      - fc2_top:u_fc2|pop[4][0]                                                                                                            ; 1                 ; 6       ;
;      - fc2_top:u_fc2|pop[4][1]                                                                                                            ; 1                 ; 6       ;
;      - fc2_top:u_fc2|pop[4][2]                                                                                                            ; 1                 ; 6       ;
;      - fc2_top:u_fc2|pop[4][3]                                                                                                            ; 1                 ; 6       ;
;      - fc2_top:u_fc2|pop[4][4]                                                                                                            ; 1                 ; 6       ;
;      - fc2_top:u_fc2|t1_val[2][29]                                                                                                        ; 1                 ; 6       ;
;      - fc2_top:u_fc2|t2_val[1][28]                                                                                                        ; 1                 ; 6       ;
;      - fc2_top:u_fc2|pop[3][0]                                                                                                            ; 1                 ; 6       ;
;      - fc2_top:u_fc2|pop[3][1]                                                                                                            ; 1                 ; 6       ;
;      - fc2_top:u_fc2|pop[3][2]                                                                                                            ; 1                 ; 6       ;
;      - fc2_top:u_fc2|pop[3][3]                                                                                                            ; 1                 ; 6       ;
;      - fc2_top:u_fc2|pop[3][4]                                                                                                            ; 1                 ; 6       ;
;      - fc2_top:u_fc2|pop[2][1]                                                                                                            ; 1                 ; 6       ;
;      - fc2_top:u_fc2|pop[2][2]                                                                                                            ; 1                 ; 6       ;
;      - fc2_top:u_fc2|pop[2][3]                                                                                                            ; 1                 ; 6       ;
;      - fc2_top:u_fc2|pop[2][4]                                                                                                            ; 1                 ; 6       ;
;      - fc2_top:u_fc2|t1_val[1][29]                                                                                                        ; 1                 ; 6       ;
;      - fc2_top:u_fc2|pop[1][0]                                                                                                            ; 1                 ; 6       ;
;      - fc2_top:u_fc2|pop[1][1]                                                                                                            ; 1                 ; 6       ;
;      - fc2_top:u_fc2|pop[1][2]                                                                                                            ; 1                 ; 6       ;
;      - fc2_top:u_fc2|pop[1][3]                                                                                                            ; 1                 ; 6       ;
;      - fc2_top:u_fc2|pop[1][4]                                                                                                            ; 1                 ; 6       ;
;      - fc2_top:u_fc2|pop[0][3]                                                                                                            ; 1                 ; 6       ;
;      - fc2_top:u_fc2|pop[0][4]                                                                                                            ; 1                 ; 6       ;
;      - fc2_top:u_fc2|t1_val[0][29]                                                                                                        ; 1                 ; 6       ;
;      - fc2_top:u_fc2|t2_val[0][28]                                                                                                        ; 1                 ; 6       ;
;      - fc2_top:u_fc2|t3_val[0][27]                                                                                                        ; 1                 ; 6       ;
;      - fc2_top:u_fc2|t1_val[4][28]                                                                                                        ; 1                 ; 6       ;
;      - fc2_top:u_fc2|t1_val[3][28]                                                                                                        ; 1                 ; 6       ;
;      - fc2_top:u_fc2|pop[5][2]                                                                                                            ; 1                 ; 6       ;
;      - fc2_top:u_fc2|t1_val[2][28]                                                                                                        ; 1                 ; 6       ;
;      - fc2_top:u_fc2|t2_val[1][27]                                                                                                        ; 1                 ; 6       ;
;      - fc2_top:u_fc2|pop[2][0]                                                                                                            ; 1                 ; 6       ;
;      - fc2_top:u_fc2|t1_val[1][28]                                                                                                        ; 1                 ; 6       ;
;      - fc2_top:u_fc2|pop[0][2]                                                                                                            ; 1                 ; 6       ;
;      - fc2_top:u_fc2|t1_val[0][28]                                                                                                        ; 1                 ; 6       ;
;      - fc2_top:u_fc2|t2_val[0][27]                                                                                                        ; 1                 ; 6       ;
;      - fc2_top:u_fc2|t3_val[0][26]                                                                                                        ; 1                 ; 6       ;
;      - fc1_folded_top:u_fc1|fc1_folded_neuron:gen_fc1_neurons[57].u_neuron|acc[8]                                                         ; 1                 ; 6       ;
;      - fc1_folded_top:u_fc1|fc1_folded_neuron:gen_fc1_neurons[57].u_neuron|acc[5]                                                         ; 1                 ; 6       ;
;      - fc1_folded_top:u_fc1|fc1_folded_neuron:gen_fc1_neurons[57].u_neuron|acc[4]                                                         ; 1                 ; 6       ;
;      - fc1_folded_top:u_fc1|fc1_folded_neuron:gen_fc1_neurons[57].u_neuron|acc[3]                                                         ; 1                 ; 6       ;
;      - fc1_folded_top:u_fc1|fc1_folded_neuron:gen_fc1_neurons[57].u_neuron|acc[0]                                                         ; 1                 ; 6       ;
;      - fc1_folded_top:u_fc1|fc1_folded_neuron:gen_fc1_neurons[57].u_neuron|acc[1]                                                         ; 1                 ; 6       ;
;      - fc1_folded_top:u_fc1|fc1_folded_neuron:gen_fc1_neurons[57].u_neuron|acc[2]                                                         ; 1                 ; 6       ;
;      - fc1_folded_top:u_fc1|fc1_folded_neuron:gen_fc1_neurons[57].u_neuron|acc[6]                                                         ; 1                 ; 6       ;
;      - fc1_folded_top:u_fc1|fc1_folded_neuron:gen_fc1_neurons[57].u_neuron|acc[7]                                                         ; 1                 ; 6       ;
;      - fc1_folded_top:u_fc1|fc1_folded_neuron:gen_fc1_neurons[57].u_neuron|acc[9]                                                         ; 1                 ; 6       ;
;      - fc1_folded_top:u_fc1|fc1_folded_neuron:gen_fc1_neurons[57].u_neuron|acc[10]                                                        ; 1                 ; 6       ;
;      - fc1_folded_top:u_fc1|fc1_folded_neuron:gen_fc1_neurons[57].u_neuron|acc[11]                                                        ; 1                 ; 6       ;
;      - fc1_folded_top:u_fc1|fc1_folded_neuron:gen_fc1_neurons[63].u_neuron|acc[8]                                                         ; 1                 ; 6       ;
;      - fc1_folded_top:u_fc1|fc1_folded_neuron:gen_fc1_neurons[63].u_neuron|acc[1]                                                         ; 1                 ; 6       ;
;      - fc1_folded_top:u_fc1|fc1_folded_neuron:gen_fc1_neurons[63].u_neuron|acc[0]                                                         ; 1                 ; 6       ;
;      - fc1_folded_top:u_fc1|fc1_folded_neuron:gen_fc1_neurons[63].u_neuron|acc[2]                                                         ; 1                 ; 6       ;
;      - fc1_folded_top:u_fc1|fc1_folded_neuron:gen_fc1_neurons[63].u_neuron|acc[3]                                                         ; 1                 ; 6       ;
;      - fc1_folded_top:u_fc1|fc1_folded_neuron:gen_fc1_neurons[63].u_neuron|acc[4]                                                         ; 1                 ; 6       ;
;      - fc1_folded_top:u_fc1|fc1_folded_neuron:gen_fc1_neurons[63].u_neuron|acc[5]                                                         ; 1                 ; 6       ;
;      - fc1_folded_top:u_fc1|fc1_folded_neuron:gen_fc1_neurons[63].u_neuron|acc[6]                                                         ; 1                 ; 6       ;
;      - fc1_folded_top:u_fc1|fc1_folded_neuron:gen_fc1_neurons[63].u_neuron|acc[7]                                                         ; 1                 ; 6       ;
;      - fc1_folded_top:u_fc1|fc1_folded_neuron:gen_fc1_neurons[63].u_neuron|acc[9]                                                         ; 1                 ; 6       ;
;      - fc1_folded_top:u_fc1|fc1_folded_neuron:gen_fc1_neurons[63].u_neuron|acc[10]                                                        ; 1                 ; 6       ;
;      - fc1_folded_top:u_fc1|fc1_folded_neuron:gen_fc1_neurons[63].u_neuron|acc[11]                                                        ; 1                 ; 6       ;
;      - fc2_top:u_fc2|t1_val[4][27]                                                                                                        ; 1                 ; 6       ;
;      - fc2_top:u_fc2|t1_val[3][27]                                                                                                        ; 1                 ; 6       ;
;      - fc2_top:u_fc2|pop[5][1]                                                                                                            ; 1                 ; 6       ;
;      - fc2_top:u_fc2|t1_val[2][27]                                                                                                        ; 1                 ; 6       ;
;      - fc2_top:u_fc2|t2_val[1][26]                                                                                                        ; 1                 ; 6       ;
;      - fc1_folded_top:u_fc1|fc1_folded_neuron:gen_fc1_neurons[58].u_neuron|acc[8]                                                         ; 1                 ; 6       ;
;      - fc1_folded_top:u_fc1|fc1_folded_neuron:gen_fc1_neurons[58].u_neuron|acc[4]                                                         ; 1                 ; 6       ;
;      - fc1_folded_top:u_fc1|fc1_folded_neuron:gen_fc1_neurons[58].u_neuron|acc[1]                                                         ; 1                 ; 6       ;
;      - fc1_folded_top:u_fc1|fc1_folded_neuron:gen_fc1_neurons[58].u_neuron|acc[0]                                                         ; 1                 ; 6       ;
;      - fc1_folded_top:u_fc1|fc1_folded_neuron:gen_fc1_neurons[58].u_neuron|acc[2]                                                         ; 1                 ; 6       ;
;      - fc1_folded_top:u_fc1|fc1_folded_neuron:gen_fc1_neurons[58].u_neuron|acc[3]                                                         ; 1                 ; 6       ;
;      - fc1_folded_top:u_fc1|fc1_folded_neuron:gen_fc1_neurons[58].u_neuron|acc[5]                                                         ; 1                 ; 6       ;
;      - fc1_folded_top:u_fc1|fc1_folded_neuron:gen_fc1_neurons[58].u_neuron|acc[6]                                                         ; 1                 ; 6       ;
;      - fc1_folded_top:u_fc1|fc1_folded_neuron:gen_fc1_neurons[58].u_neuron|acc[7]                                                         ; 1                 ; 6       ;
;      - fc1_folded_top:u_fc1|fc1_folded_neuron:gen_fc1_neurons[58].u_neuron|acc[9]                                                         ; 1                 ; 6       ;
;      - fc1_folded_top:u_fc1|fc1_folded_neuron:gen_fc1_neurons[58].u_neuron|acc[10]                                                        ; 1                 ; 6       ;
;      - fc1_folded_top:u_fc1|fc1_folded_neuron:gen_fc1_neurons[58].u_neuron|acc[11]                                                        ; 1                 ; 6       ;
;      - fc1_folded_top:u_fc1|fc1_folded_neuron:gen_fc1_neurons[53].u_neuron|acc[8]                                                         ; 1                 ; 6       ;
;      - fc1_folded_top:u_fc1|fc1_folded_neuron:gen_fc1_neurons[53].u_neuron|acc[3]                                                         ; 1                 ; 6       ;
;      - fc1_folded_top:u_fc1|fc1_folded_neuron:gen_fc1_neurons[53].u_neuron|acc[2]                                                         ; 1                 ; 6       ;
;      - fc1_folded_top:u_fc1|fc1_folded_neuron:gen_fc1_neurons[53].u_neuron|acc[1]                                                         ; 1                 ; 6       ;
;      - fc1_folded_top:u_fc1|fc1_folded_neuron:gen_fc1_neurons[53].u_neuron|acc[0]                                                         ; 1                 ; 6       ;
;      - fc1_folded_top:u_fc1|fc1_folded_neuron:gen_fc1_neurons[53].u_neuron|acc[4]                                                         ; 1                 ; 6       ;
;      - fc1_folded_top:u_fc1|fc1_folded_neuron:gen_fc1_neurons[53].u_neuron|acc[5]                                                         ; 1                 ; 6       ;
;      - fc1_folded_top:u_fc1|fc1_folded_neuron:gen_fc1_neurons[53].u_neuron|acc[6]                                                         ; 1                 ; 6       ;
;      - fc1_folded_top:u_fc1|fc1_folded_neuron:gen_fc1_neurons[53].u_neuron|acc[7]                                                         ; 1                 ; 6       ;
;      - fc1_folded_top:u_fc1|fc1_folded_neuron:gen_fc1_neurons[53].u_neuron|acc[9]                                                         ; 1                 ; 6       ;
;      - fc1_folded_top:u_fc1|fc1_folded_neuron:gen_fc1_neurons[53].u_neuron|acc[10]                                                        ; 1                 ; 6       ;
;      - fc1_folded_top:u_fc1|fc1_folded_neuron:gen_fc1_neurons[53].u_neuron|acc[11]                                                        ; 1                 ; 6       ;
;      - fc1_folded_top:u_fc1|fc1_folded_neuron:gen_fc1_neurons[55].u_neuron|acc[7]                                                         ; 1                 ; 6       ;
;      - fc1_folded_top:u_fc1|fc1_folded_neuron:gen_fc1_neurons[55].u_neuron|acc[6]                                                         ; 1                 ; 6       ;
;      - fc1_folded_top:u_fc1|fc1_folded_neuron:gen_fc1_neurons[55].u_neuron|acc[5]                                                         ; 1                 ; 6       ;
;      - fc1_folded_top:u_fc1|fc1_folded_neuron:gen_fc1_neurons[55].u_neuron|acc[3]                                                         ; 1                 ; 6       ;
;      - fc1_folded_top:u_fc1|fc1_folded_neuron:gen_fc1_neurons[55].u_neuron|acc[1]                                                         ; 1                 ; 6       ;
;      - fc1_folded_top:u_fc1|fc1_folded_neuron:gen_fc1_neurons[55].u_neuron|acc[0]                                                         ; 1                 ; 6       ;
;      - fc1_folded_top:u_fc1|fc1_folded_neuron:gen_fc1_neurons[55].u_neuron|acc[2]                                                         ; 1                 ; 6       ;
;      - fc1_folded_top:u_fc1|fc1_folded_neuron:gen_fc1_neurons[55].u_neuron|acc[4]                                                         ; 1                 ; 6       ;
;      - fc1_folded_top:u_fc1|fc1_folded_neuron:gen_fc1_neurons[55].u_neuron|acc[8]                                                         ; 1                 ; 6       ;
;      - fc1_folded_top:u_fc1|fc1_folded_neuron:gen_fc1_neurons[55].u_neuron|acc[9]                                                         ; 1                 ; 6       ;
;      - fc1_folded_top:u_fc1|fc1_folded_neuron:gen_fc1_neurons[55].u_neuron|acc[10]                                                        ; 1                 ; 6       ;
;      - fc1_folded_top:u_fc1|fc1_folded_neuron:gen_fc1_neurons[55].u_neuron|acc[11]                                                        ; 1                 ; 6       ;
;      - fc2_top:u_fc2|t1_val[1][27]                                                                                                        ; 1                 ; 6       ;
;      - fc1_folded_top:u_fc1|fc1_folded_neuron:gen_fc1_neurons[46].u_neuron|acc[8]                                                         ; 1                 ; 6       ;
;      - fc1_folded_top:u_fc1|fc1_folded_neuron:gen_fc1_neurons[46].u_neuron|acc[4]                                                         ; 1                 ; 6       ;
;      - fc1_folded_top:u_fc1|fc1_folded_neuron:gen_fc1_neurons[46].u_neuron|acc[2]                                                         ; 1                 ; 6       ;
;      - fc1_folded_top:u_fc1|fc1_folded_neuron:gen_fc1_neurons[46].u_neuron|acc[0]                                                         ; 1                 ; 6       ;
;      - fc1_folded_top:u_fc1|fc1_folded_neuron:gen_fc1_neurons[46].u_neuron|acc[1]                                                         ; 1                 ; 6       ;
;      - fc1_folded_top:u_fc1|fc1_folded_neuron:gen_fc1_neurons[46].u_neuron|acc[3]                                                         ; 1                 ; 6       ;
;      - fc1_folded_top:u_fc1|fc1_folded_neuron:gen_fc1_neurons[46].u_neuron|acc[5]                                                         ; 1                 ; 6       ;
;      - fc1_folded_top:u_fc1|fc1_folded_neuron:gen_fc1_neurons[46].u_neuron|acc[6]                                                         ; 1                 ; 6       ;
;      - fc1_folded_top:u_fc1|fc1_folded_neuron:gen_fc1_neurons[46].u_neuron|acc[7]                                                         ; 1                 ; 6       ;
;      - fc1_folded_top:u_fc1|fc1_folded_neuron:gen_fc1_neurons[46].u_neuron|acc[9]                                                         ; 1                 ; 6       ;
;      - fc1_folded_top:u_fc1|fc1_folded_neuron:gen_fc1_neurons[46].u_neuron|acc[10]                                                        ; 1                 ; 6       ;
;      - fc1_folded_top:u_fc1|fc1_folded_neuron:gen_fc1_neurons[46].u_neuron|acc[11]                                                        ; 1                 ; 6       ;
;      - fc1_folded_top:u_fc1|fc1_folded_neuron:gen_fc1_neurons[52].u_neuron|acc[8]                                                         ; 1                 ; 6       ;
;      - fc1_folded_top:u_fc1|fc1_folded_neuron:gen_fc1_neurons[52].u_neuron|acc[5]                                                         ; 1                 ; 6       ;
;      - fc1_folded_top:u_fc1|fc1_folded_neuron:gen_fc1_neurons[52].u_neuron|acc[4]                                                         ; 1                 ; 6       ;
;      - fc1_folded_top:u_fc1|fc1_folded_neuron:gen_fc1_neurons[52].u_neuron|acc[2]                                                         ; 1                 ; 6       ;
;      - fc1_folded_top:u_fc1|fc1_folded_neuron:gen_fc1_neurons[52].u_neuron|acc[1]                                                         ; 1                 ; 6       ;
;      - fc1_folded_top:u_fc1|fc1_folded_neuron:gen_fc1_neurons[52].u_neuron|acc[0]                                                         ; 1                 ; 6       ;
;      - fc1_folded_top:u_fc1|fc1_folded_neuron:gen_fc1_neurons[52].u_neuron|acc[3]                                                         ; 1                 ; 6       ;
;      - fc1_folded_top:u_fc1|fc1_folded_neuron:gen_fc1_neurons[52].u_neuron|acc[6]                                                         ; 1                 ; 6       ;
;      - fc1_folded_top:u_fc1|fc1_folded_neuron:gen_fc1_neurons[52].u_neuron|acc[7]                                                         ; 1                 ; 6       ;
;      - fc1_folded_top:u_fc1|fc1_folded_neuron:gen_fc1_neurons[52].u_neuron|acc[9]                                                         ; 1                 ; 6       ;
;      - fc1_folded_top:u_fc1|fc1_folded_neuron:gen_fc1_neurons[52].u_neuron|acc[10]                                                        ; 1                 ; 6       ;
;      - fc1_folded_top:u_fc1|fc1_folded_neuron:gen_fc1_neurons[52].u_neuron|acc[11]                                                        ; 1                 ; 6       ;
;      - fc1_folded_top:u_fc1|fc1_folded_neuron:gen_fc1_neurons[61].u_neuron|acc[8]                                                         ; 1                 ; 6       ;
;      - fc1_folded_top:u_fc1|fc1_folded_neuron:gen_fc1_neurons[61].u_neuron|acc[3]                                                         ; 1                 ; 6       ;
;      - fc1_folded_top:u_fc1|fc1_folded_neuron:gen_fc1_neurons[61].u_neuron|acc[2]                                                         ; 1                 ; 6       ;
;      - fc1_folded_top:u_fc1|fc1_folded_neuron:gen_fc1_neurons[61].u_neuron|acc[1]                                                         ; 1                 ; 6       ;
;      - fc1_folded_top:u_fc1|fc1_folded_neuron:gen_fc1_neurons[61].u_neuron|acc[0]                                                         ; 1                 ; 6       ;
;      - fc1_folded_top:u_fc1|fc1_folded_neuron:gen_fc1_neurons[61].u_neuron|acc[4]                                                         ; 1                 ; 6       ;
;      - fc1_folded_top:u_fc1|fc1_folded_neuron:gen_fc1_neurons[61].u_neuron|acc[5]                                                         ; 1                 ; 6       ;
;      - fc1_folded_top:u_fc1|fc1_folded_neuron:gen_fc1_neurons[61].u_neuron|acc[6]                                                         ; 1                 ; 6       ;
;      - fc1_folded_top:u_fc1|fc1_folded_neuron:gen_fc1_neurons[61].u_neuron|acc[7]                                                         ; 1                 ; 6       ;
;      - fc1_folded_top:u_fc1|fc1_folded_neuron:gen_fc1_neurons[61].u_neuron|acc[9]                                                         ; 1                 ; 6       ;
;      - fc1_folded_top:u_fc1|fc1_folded_neuron:gen_fc1_neurons[61].u_neuron|acc[10]                                                        ; 1                 ; 6       ;
;      - fc1_folded_top:u_fc1|fc1_folded_neuron:gen_fc1_neurons[61].u_neuron|acc[11]                                                        ; 1                 ; 6       ;
;      - fc2_top:u_fc2|pop[0][1]                                                                                                            ; 1                 ; 6       ;
;      - fc2_top:u_fc2|t1_val[0][27]                                                                                                        ; 1                 ; 6       ;
;      - fc2_top:u_fc2|t2_val[0][26]                                                                                                        ; 1                 ; 6       ;
;      - fc2_top:u_fc2|t3_val[0][25]                                                                                                        ; 1                 ; 6       ;
;      - fc1_folded_top:u_fc1|fc1_folded_neuron:gen_fc1_neurons[56].u_neuron|acc[7]                                                         ; 1                 ; 6       ;
;      - fc1_folded_top:u_fc1|fc1_folded_neuron:gen_fc1_neurons[56].u_neuron|acc[6]                                                         ; 1                 ; 6       ;
;      - fc1_folded_top:u_fc1|fc1_folded_neuron:gen_fc1_neurons[56].u_neuron|acc[5]                                                         ; 1                 ; 6       ;
;      - fc1_folded_top:u_fc1|fc1_folded_neuron:gen_fc1_neurons[56].u_neuron|acc[3]                                                         ; 1                 ; 6       ;
;      - fc1_folded_top:u_fc1|fc1_folded_neuron:gen_fc1_neurons[56].u_neuron|acc[2]                                                         ; 1                 ; 6       ;
;      - fc1_folded_top:u_fc1|fc1_folded_neuron:gen_fc1_neurons[56].u_neuron|acc[0]                                                         ; 1                 ; 6       ;
;      - fc1_folded_top:u_fc1|fc1_folded_neuron:gen_fc1_neurons[56].u_neuron|acc[1]                                                         ; 1                 ; 6       ;
;      - fc1_folded_top:u_fc1|fc1_folded_neuron:gen_fc1_neurons[56].u_neuron|acc[4]                                                         ; 1                 ; 6       ;
;      - fc1_folded_top:u_fc1|fc1_folded_neuron:gen_fc1_neurons[56].u_neuron|acc[8]                                                         ; 1                 ; 6       ;
;      - fc1_folded_top:u_fc1|fc1_folded_neuron:gen_fc1_neurons[56].u_neuron|acc[9]                                                         ; 1                 ; 6       ;
;      - fc1_folded_top:u_fc1|fc1_folded_neuron:gen_fc1_neurons[56].u_neuron|acc[10]                                                        ; 1                 ; 6       ;
;      - fc1_folded_top:u_fc1|fc1_folded_neuron:gen_fc1_neurons[56].u_neuron|acc[11]                                                        ; 1                 ; 6       ;
;      - fc1_folded_top:u_fc1|fc1_folded_neuron:gen_fc1_neurons[34].u_neuron|acc[8]                                                         ; 1                 ; 6       ;
;      - fc1_folded_top:u_fc1|fc1_folded_neuron:gen_fc1_neurons[34].u_neuron|acc[4]                                                         ; 1                 ; 6       ;
;      - fc1_folded_top:u_fc1|fc1_folded_neuron:gen_fc1_neurons[34].u_neuron|acc[2]                                                         ; 1                 ; 6       ;
;      - fc1_folded_top:u_fc1|fc1_folded_neuron:gen_fc1_neurons[34].u_neuron|acc[0]                                                         ; 1                 ; 6       ;
;      - fc1_folded_top:u_fc1|fc1_folded_neuron:gen_fc1_neurons[34].u_neuron|acc[1]                                                         ; 1                 ; 6       ;
;      - fc1_folded_top:u_fc1|fc1_folded_neuron:gen_fc1_neurons[34].u_neuron|acc[3]                                                         ; 1                 ; 6       ;
;      - fc1_folded_top:u_fc1|fc1_folded_neuron:gen_fc1_neurons[34].u_neuron|acc[5]                                                         ; 1                 ; 6       ;
;      - fc1_folded_top:u_fc1|fc1_folded_neuron:gen_fc1_neurons[34].u_neuron|acc[6]                                                         ; 1                 ; 6       ;
;      - fc1_folded_top:u_fc1|fc1_folded_neuron:gen_fc1_neurons[34].u_neuron|acc[7]                                                         ; 1                 ; 6       ;
;      - fc1_folded_top:u_fc1|fc1_folded_neuron:gen_fc1_neurons[34].u_neuron|acc[9]                                                         ; 1                 ; 6       ;
;      - fc1_folded_top:u_fc1|fc1_folded_neuron:gen_fc1_neurons[34].u_neuron|acc[10]                                                        ; 1                 ; 6       ;
;      - fc1_folded_top:u_fc1|fc1_folded_neuron:gen_fc1_neurons[34].u_neuron|acc[11]                                                        ; 1                 ; 6       ;
;      - fc1_folded_top:u_fc1|fc1_folded_neuron:gen_fc1_neurons[35].u_neuron|acc[8]                                                         ; 1                 ; 6       ;
;      - fc1_folded_top:u_fc1|fc1_folded_neuron:gen_fc1_neurons[35].u_neuron|acc[3]                                                         ; 1                 ; 6       ;
;      - fc1_folded_top:u_fc1|fc1_folded_neuron:gen_fc1_neurons[35].u_neuron|acc[0]                                                         ; 1                 ; 6       ;
;      - fc1_folded_top:u_fc1|fc1_folded_neuron:gen_fc1_neurons[35].u_neuron|acc[1]                                                         ; 1                 ; 6       ;
;      - fc1_folded_top:u_fc1|fc1_folded_neuron:gen_fc1_neurons[35].u_neuron|acc[2]                                                         ; 1                 ; 6       ;
;      - fc1_folded_top:u_fc1|fc1_folded_neuron:gen_fc1_neurons[35].u_neuron|acc[4]                                                         ; 1                 ; 6       ;
;      - fc1_folded_top:u_fc1|fc1_folded_neuron:gen_fc1_neurons[35].u_neuron|acc[5]                                                         ; 1                 ; 6       ;
;      - fc1_folded_top:u_fc1|fc1_folded_neuron:gen_fc1_neurons[35].u_neuron|acc[6]                                                         ; 1                 ; 6       ;
;      - fc1_folded_top:u_fc1|fc1_folded_neuron:gen_fc1_neurons[35].u_neuron|acc[7]                                                         ; 1                 ; 6       ;
;      - fc1_folded_top:u_fc1|fc1_folded_neuron:gen_fc1_neurons[35].u_neuron|acc[9]                                                         ; 1                 ; 6       ;
;      - fc1_folded_top:u_fc1|fc1_folded_neuron:gen_fc1_neurons[35].u_neuron|acc[10]                                                        ; 1                 ; 6       ;
;      - fc1_folded_top:u_fc1|fc1_folded_neuron:gen_fc1_neurons[35].u_neuron|acc[11]                                                        ; 1                 ; 6       ;
;      - fc1_folded_top:u_fc1|fc1_folded_neuron:gen_fc1_neurons[54].u_neuron|acc[7]                                                         ; 1                 ; 6       ;
;      - fc1_folded_top:u_fc1|fc1_folded_neuron:gen_fc1_neurons[54].u_neuron|acc[6]                                                         ; 1                 ; 6       ;
;      - fc1_folded_top:u_fc1|fc1_folded_neuron:gen_fc1_neurons[54].u_neuron|acc[4]                                                         ; 1                 ; 6       ;
;      - fc1_folded_top:u_fc1|fc1_folded_neuron:gen_fc1_neurons[54].u_neuron|acc[2]                                                         ; 1                 ; 6       ;
;      - fc1_folded_top:u_fc1|fc1_folded_neuron:gen_fc1_neurons[54].u_neuron|acc[1]                                                         ; 1                 ; 6       ;
;      - fc1_folded_top:u_fc1|fc1_folded_neuron:gen_fc1_neurons[54].u_neuron|acc[0]                                                         ; 1                 ; 6       ;
;      - fc1_folded_top:u_fc1|fc1_folded_neuron:gen_fc1_neurons[54].u_neuron|acc[3]                                                         ; 1                 ; 6       ;
;      - fc1_folded_top:u_fc1|fc1_folded_neuron:gen_fc1_neurons[54].u_neuron|acc[5]                                                         ; 1                 ; 6       ;
;      - fc1_folded_top:u_fc1|fc1_folded_neuron:gen_fc1_neurons[54].u_neuron|acc[8]                                                         ; 1                 ; 6       ;
;      - fc1_folded_top:u_fc1|fc1_folded_neuron:gen_fc1_neurons[54].u_neuron|acc[9]                                                         ; 1                 ; 6       ;
;      - fc1_folded_top:u_fc1|fc1_folded_neuron:gen_fc1_neurons[54].u_neuron|acc[10]                                                        ; 1                 ; 6       ;
;      - fc1_folded_top:u_fc1|fc1_folded_neuron:gen_fc1_neurons[54].u_neuron|acc[11]                                                        ; 1                 ; 6       ;
;      - fc1_folded_top:u_fc1|fc1_folded_neuron:gen_fc1_neurons[30].u_neuron|acc[8]                                                         ; 1                 ; 6       ;
;      - fc1_folded_top:u_fc1|fc1_folded_neuron:gen_fc1_neurons[30].u_neuron|acc[4]                                                         ; 1                 ; 6       ;
;      - fc1_folded_top:u_fc1|fc1_folded_neuron:gen_fc1_neurons[30].u_neuron|acc[1]                                                         ; 1                 ; 6       ;
;      - fc1_folded_top:u_fc1|fc1_folded_neuron:gen_fc1_neurons[30].u_neuron|acc[0]                                                         ; 1                 ; 6       ;
;      - fc1_folded_top:u_fc1|fc1_folded_neuron:gen_fc1_neurons[30].u_neuron|acc[2]                                                         ; 1                 ; 6       ;
;      - fc1_folded_top:u_fc1|fc1_folded_neuron:gen_fc1_neurons[30].u_neuron|acc[3]                                                         ; 1                 ; 6       ;
;      - fc1_folded_top:u_fc1|fc1_folded_neuron:gen_fc1_neurons[30].u_neuron|acc[5]                                                         ; 1                 ; 6       ;
;      - fc1_folded_top:u_fc1|fc1_folded_neuron:gen_fc1_neurons[30].u_neuron|acc[6]                                                         ; 1                 ; 6       ;
;      - fc1_folded_top:u_fc1|fc1_folded_neuron:gen_fc1_neurons[30].u_neuron|acc[7]                                                         ; 1                 ; 6       ;
;      - fc1_folded_top:u_fc1|fc1_folded_neuron:gen_fc1_neurons[30].u_neuron|acc[9]                                                         ; 1                 ; 6       ;
;      - fc1_folded_top:u_fc1|fc1_folded_neuron:gen_fc1_neurons[30].u_neuron|acc[10]                                                        ; 1                 ; 6       ;
;      - fc1_folded_top:u_fc1|fc1_folded_neuron:gen_fc1_neurons[30].u_neuron|acc[11]                                                        ; 1                 ; 6       ;
;      - fc1_folded_top:u_fc1|fc1_folded_neuron:gen_fc1_neurons[19].u_neuron|acc[7]                                                         ; 1                 ; 6       ;
;      - fc1_folded_top:u_fc1|fc1_folded_neuron:gen_fc1_neurons[19].u_neuron|acc[6]                                                         ; 1                 ; 6       ;
;      - fc1_folded_top:u_fc1|fc1_folded_neuron:gen_fc1_neurons[19].u_neuron|acc[2]                                                         ; 1                 ; 6       ;
;      - fc1_folded_top:u_fc1|fc1_folded_neuron:gen_fc1_neurons[19].u_neuron|acc[1]                                                         ; 1                 ; 6       ;
;      - fc1_folded_top:u_fc1|fc1_folded_neuron:gen_fc1_neurons[19].u_neuron|acc[0]                                                         ; 1                 ; 6       ;
;      - fc1_folded_top:u_fc1|fc1_folded_neuron:gen_fc1_neurons[19].u_neuron|acc[3]                                                         ; 1                 ; 6       ;
;      - fc1_folded_top:u_fc1|fc1_folded_neuron:gen_fc1_neurons[19].u_neuron|acc[4]                                                         ; 1                 ; 6       ;
;      - fc1_folded_top:u_fc1|fc1_folded_neuron:gen_fc1_neurons[19].u_neuron|acc[5]                                                         ; 1                 ; 6       ;
;      - fc1_folded_top:u_fc1|fc1_folded_neuron:gen_fc1_neurons[19].u_neuron|acc[8]                                                         ; 1                 ; 6       ;
;      - fc1_folded_top:u_fc1|fc1_folded_neuron:gen_fc1_neurons[19].u_neuron|acc[9]                                                         ; 1                 ; 6       ;
;      - fc1_folded_top:u_fc1|fc1_folded_neuron:gen_fc1_neurons[19].u_neuron|acc[10]                                                        ; 1                 ; 6       ;
;      - fc1_folded_top:u_fc1|fc1_folded_neuron:gen_fc1_neurons[19].u_neuron|acc[11]                                                        ; 1                 ; 6       ;
;      - fc1_folded_top:u_fc1|fc1_folded_neuron:gen_fc1_neurons[25].u_neuron|acc[8]                                                         ; 1                 ; 6       ;
;      - fc1_folded_top:u_fc1|fc1_folded_neuron:gen_fc1_neurons[25].u_neuron|acc[3]                                                         ; 1                 ; 6       ;
;      - fc1_folded_top:u_fc1|fc1_folded_neuron:gen_fc1_neurons[25].u_neuron|acc[1]                                                         ; 1                 ; 6       ;
;      - fc1_folded_top:u_fc1|fc1_folded_neuron:gen_fc1_neurons[25].u_neuron|acc[0]                                                         ; 1                 ; 6       ;
;      - fc1_folded_top:u_fc1|fc1_folded_neuron:gen_fc1_neurons[25].u_neuron|acc[2]                                                         ; 1                 ; 6       ;
;      - fc1_folded_top:u_fc1|fc1_folded_neuron:gen_fc1_neurons[25].u_neuron|acc[4]                                                         ; 1                 ; 6       ;
;      - fc1_folded_top:u_fc1|fc1_folded_neuron:gen_fc1_neurons[25].u_neuron|acc[5]                                                         ; 1                 ; 6       ;
;      - fc1_folded_top:u_fc1|fc1_folded_neuron:gen_fc1_neurons[25].u_neuron|acc[6]                                                         ; 1                 ; 6       ;
;      - fc1_folded_top:u_fc1|fc1_folded_neuron:gen_fc1_neurons[25].u_neuron|acc[7]                                                         ; 1                 ; 6       ;
;      - fc1_folded_top:u_fc1|fc1_folded_neuron:gen_fc1_neurons[25].u_neuron|acc[9]                                                         ; 1                 ; 6       ;
;      - fc1_folded_top:u_fc1|fc1_folded_neuron:gen_fc1_neurons[25].u_neuron|acc[10]                                                        ; 1                 ; 6       ;
;      - fc1_folded_top:u_fc1|fc1_folded_neuron:gen_fc1_neurons[25].u_neuron|acc[11]                                                        ; 1                 ; 6       ;
;      - fc1_folded_top:u_fc1|fc1_folded_neuron:gen_fc1_neurons[17].u_neuron|acc[7]                                                         ; 1                 ; 6       ;
;      - fc1_folded_top:u_fc1|fc1_folded_neuron:gen_fc1_neurons[17].u_neuron|acc[5]                                                         ; 1                 ; 6       ;
;      - fc1_folded_top:u_fc1|fc1_folded_neuron:gen_fc1_neurons[17].u_neuron|acc[3]                                                         ; 1                 ; 6       ;
;      - fc1_folded_top:u_fc1|fc1_folded_neuron:gen_fc1_neurons[17].u_neuron|acc[2]                                                         ; 1                 ; 6       ;
;      - fc1_folded_top:u_fc1|fc1_folded_neuron:gen_fc1_neurons[17].u_neuron|acc[0]                                                         ; 1                 ; 6       ;
;      - fc1_folded_top:u_fc1|fc1_folded_neuron:gen_fc1_neurons[17].u_neuron|acc[1]                                                         ; 1                 ; 6       ;
;      - fc1_folded_top:u_fc1|fc1_folded_neuron:gen_fc1_neurons[17].u_neuron|acc[4]                                                         ; 1                 ; 6       ;
;      - fc1_folded_top:u_fc1|fc1_folded_neuron:gen_fc1_neurons[17].u_neuron|acc[6]                                                         ; 1                 ; 6       ;
;      - fc1_folded_top:u_fc1|fc1_folded_neuron:gen_fc1_neurons[17].u_neuron|acc[8]                                                         ; 1                 ; 6       ;
;      - fc1_folded_top:u_fc1|fc1_folded_neuron:gen_fc1_neurons[17].u_neuron|acc[9]                                                         ; 1                 ; 6       ;
;      - fc1_folded_top:u_fc1|fc1_folded_neuron:gen_fc1_neurons[17].u_neuron|acc[10]                                                        ; 1                 ; 6       ;
;      - fc1_folded_top:u_fc1|fc1_folded_neuron:gen_fc1_neurons[17].u_neuron|acc[11]                                                        ; 1                 ; 6       ;
;      - fc1_folded_top:u_fc1|fc1_folded_neuron:gen_fc1_neurons[14].u_neuron|acc[8]                                                         ; 1                 ; 6       ;
;      - fc1_folded_top:u_fc1|fc1_folded_neuron:gen_fc1_neurons[14].u_neuron|acc[2]                                                         ; 1                 ; 6       ;
;      - fc1_folded_top:u_fc1|fc1_folded_neuron:gen_fc1_neurons[14].u_neuron|acc[1]                                                         ; 1                 ; 6       ;
;      - fc1_folded_top:u_fc1|fc1_folded_neuron:gen_fc1_neurons[14].u_neuron|acc[0]                                                         ; 1                 ; 6       ;
;      - fc1_folded_top:u_fc1|fc1_folded_neuron:gen_fc1_neurons[14].u_neuron|acc[3]                                                         ; 1                 ; 6       ;
;      - fc1_folded_top:u_fc1|fc1_folded_neuron:gen_fc1_neurons[14].u_neuron|acc[4]                                                         ; 1                 ; 6       ;
;      - fc1_folded_top:u_fc1|fc1_folded_neuron:gen_fc1_neurons[14].u_neuron|acc[5]                                                         ; 1                 ; 6       ;
;      - fc1_folded_top:u_fc1|fc1_folded_neuron:gen_fc1_neurons[14].u_neuron|acc[6]                                                         ; 1                 ; 6       ;
;      - fc1_folded_top:u_fc1|fc1_folded_neuron:gen_fc1_neurons[14].u_neuron|acc[7]                                                         ; 1                 ; 6       ;
;      - fc1_folded_top:u_fc1|fc1_folded_neuron:gen_fc1_neurons[14].u_neuron|acc[9]                                                         ; 1                 ; 6       ;
;      - fc1_folded_top:u_fc1|fc1_folded_neuron:gen_fc1_neurons[14].u_neuron|acc[10]                                                        ; 1                 ; 6       ;
;      - fc1_folded_top:u_fc1|fc1_folded_neuron:gen_fc1_neurons[14].u_neuron|acc[11]                                                        ; 1                 ; 6       ;
;      - fc1_folded_top:u_fc1|fc1_folded_neuron:gen_fc1_neurons[15].u_neuron|acc[7]                                                         ; 1                 ; 6       ;
;      - fc1_folded_top:u_fc1|fc1_folded_neuron:gen_fc1_neurons[15].u_neuron|acc[6]                                                         ; 1                 ; 6       ;
;      - fc1_folded_top:u_fc1|fc1_folded_neuron:gen_fc1_neurons[15].u_neuron|acc[5]                                                         ; 1                 ; 6       ;
;      - fc1_folded_top:u_fc1|fc1_folded_neuron:gen_fc1_neurons[15].u_neuron|acc[3]                                                         ; 1                 ; 6       ;
;      - fc1_folded_top:u_fc1|fc1_folded_neuron:gen_fc1_neurons[15].u_neuron|acc[2]                                                         ; 1                 ; 6       ;
;      - fc1_folded_top:u_fc1|fc1_folded_neuron:gen_fc1_neurons[15].u_neuron|acc[0]                                                         ; 1                 ; 6       ;
;      - fc1_folded_top:u_fc1|fc1_folded_neuron:gen_fc1_neurons[15].u_neuron|acc[1]                                                         ; 1                 ; 6       ;
;      - fc1_folded_top:u_fc1|fc1_folded_neuron:gen_fc1_neurons[15].u_neuron|acc[4]                                                         ; 1                 ; 6       ;
;      - fc1_folded_top:u_fc1|fc1_folded_neuron:gen_fc1_neurons[15].u_neuron|acc[8]                                                         ; 1                 ; 6       ;
;      - fc1_folded_top:u_fc1|fc1_folded_neuron:gen_fc1_neurons[15].u_neuron|acc[9]                                                         ; 1                 ; 6       ;
;      - fc1_folded_top:u_fc1|fc1_folded_neuron:gen_fc1_neurons[15].u_neuron|acc[10]                                                        ; 1                 ; 6       ;
;      - fc1_folded_top:u_fc1|fc1_folded_neuron:gen_fc1_neurons[15].u_neuron|acc[11]                                                        ; 1                 ; 6       ;
;      - fc1_folded_top:u_fc1|fc1_folded_neuron:gen_fc1_neurons[32].u_neuron|acc[7]                                                         ; 1                 ; 6       ;
;      - fc1_folded_top:u_fc1|fc1_folded_neuron:gen_fc1_neurons[32].u_neuron|acc[6]                                                         ; 1                 ; 6       ;
;      - fc1_folded_top:u_fc1|fc1_folded_neuron:gen_fc1_neurons[32].u_neuron|acc[2]                                                         ; 1                 ; 6       ;
;      - fc1_folded_top:u_fc1|fc1_folded_neuron:gen_fc1_neurons[32].u_neuron|acc[0]                                                         ; 1                 ; 6       ;
;      - fc1_folded_top:u_fc1|fc1_folded_neuron:gen_fc1_neurons[32].u_neuron|acc[1]                                                         ; 1                 ; 6       ;
;      - fc1_folded_top:u_fc1|fc1_folded_neuron:gen_fc1_neurons[32].u_neuron|acc[3]                                                         ; 1                 ; 6       ;
;      - fc1_folded_top:u_fc1|fc1_folded_neuron:gen_fc1_neurons[32].u_neuron|acc[4]                                                         ; 1                 ; 6       ;
;      - fc1_folded_top:u_fc1|fc1_folded_neuron:gen_fc1_neurons[32].u_neuron|acc[5]                                                         ; 1                 ; 6       ;
;      - fc1_folded_top:u_fc1|fc1_folded_neuron:gen_fc1_neurons[32].u_neuron|acc[8]                                                         ; 1                 ; 6       ;
;      - fc1_folded_top:u_fc1|fc1_folded_neuron:gen_fc1_neurons[32].u_neuron|acc[9]                                                         ; 1                 ; 6       ;
;      - fc1_folded_top:u_fc1|fc1_folded_neuron:gen_fc1_neurons[32].u_neuron|acc[10]                                                        ; 1                 ; 6       ;
;      - fc1_folded_top:u_fc1|fc1_folded_neuron:gen_fc1_neurons[32].u_neuron|acc[11]                                                        ; 1                 ; 6       ;
;      - fc1_folded_top:u_fc1|fc1_folded_neuron:gen_fc1_neurons[33].u_neuron|acc[7]                                                         ; 1                 ; 6       ;
;      - fc1_folded_top:u_fc1|fc1_folded_neuron:gen_fc1_neurons[33].u_neuron|acc[6]                                                         ; 1                 ; 6       ;
;      - fc1_folded_top:u_fc1|fc1_folded_neuron:gen_fc1_neurons[33].u_neuron|acc[3]                                                         ; 1                 ; 6       ;
;      - fc1_folded_top:u_fc1|fc1_folded_neuron:gen_fc1_neurons[33].u_neuron|acc[2]                                                         ; 1                 ; 6       ;
;      - fc1_folded_top:u_fc1|fc1_folded_neuron:gen_fc1_neurons[33].u_neuron|acc[1]                                                         ; 1                 ; 6       ;
;      - fc1_folded_top:u_fc1|fc1_folded_neuron:gen_fc1_neurons[33].u_neuron|acc[0]                                                         ; 1                 ; 6       ;
;      - fc1_folded_top:u_fc1|fc1_folded_neuron:gen_fc1_neurons[33].u_neuron|acc[4]                                                         ; 1                 ; 6       ;
;      - fc1_folded_top:u_fc1|fc1_folded_neuron:gen_fc1_neurons[33].u_neuron|acc[5]                                                         ; 1                 ; 6       ;
;      - fc1_folded_top:u_fc1|fc1_folded_neuron:gen_fc1_neurons[33].u_neuron|acc[8]                                                         ; 1                 ; 6       ;
;      - fc1_folded_top:u_fc1|fc1_folded_neuron:gen_fc1_neurons[33].u_neuron|acc[9]                                                         ; 1                 ; 6       ;
;      - fc1_folded_top:u_fc1|fc1_folded_neuron:gen_fc1_neurons[33].u_neuron|acc[10]                                                        ; 1                 ; 6       ;
;      - fc1_folded_top:u_fc1|fc1_folded_neuron:gen_fc1_neurons[33].u_neuron|acc[11]                                                        ; 1                 ; 6       ;
;      - fc2_top:u_fc2|t1_val[4][26]                                                                                                        ; 1                 ; 6       ;
;      - fc1_folded_top:u_fc1|fc1_folded_neuron:gen_fc1_neurons[60].u_neuron|acc[7]                                                         ; 1                 ; 6       ;
;      - fc1_folded_top:u_fc1|fc1_folded_neuron:gen_fc1_neurons[60].u_neuron|acc[5]                                                         ; 1                 ; 6       ;
;      - fc1_folded_top:u_fc1|fc1_folded_neuron:gen_fc1_neurons[60].u_neuron|acc[4]                                                         ; 1                 ; 6       ;
;      - fc1_folded_top:u_fc1|fc1_folded_neuron:gen_fc1_neurons[60].u_neuron|acc[3]                                                         ; 1                 ; 6       ;
;      - fc1_folded_top:u_fc1|fc1_folded_neuron:gen_fc1_neurons[60].u_neuron|acc[0]                                                         ; 1                 ; 6       ;
;      - fc1_folded_top:u_fc1|fc1_folded_neuron:gen_fc1_neurons[60].u_neuron|acc[1]                                                         ; 1                 ; 6       ;
;      - fc1_folded_top:u_fc1|fc1_folded_neuron:gen_fc1_neurons[60].u_neuron|acc[2]                                                         ; 1                 ; 6       ;
;      - fc1_folded_top:u_fc1|fc1_folded_neuron:gen_fc1_neurons[60].u_neuron|acc[6]                                                         ; 1                 ; 6       ;
;      - fc1_folded_top:u_fc1|fc1_folded_neuron:gen_fc1_neurons[60].u_neuron|acc[8]                                                         ; 1                 ; 6       ;
;      - fc1_folded_top:u_fc1|fc1_folded_neuron:gen_fc1_neurons[60].u_neuron|acc[9]                                                         ; 1                 ; 6       ;
;      - fc1_folded_top:u_fc1|fc1_folded_neuron:gen_fc1_neurons[60].u_neuron|acc[10]                                                        ; 1                 ; 6       ;
;      - fc1_folded_top:u_fc1|fc1_folded_neuron:gen_fc1_neurons[60].u_neuron|acc[11]                                                        ; 1                 ; 6       ;
;      - fc1_folded_top:u_fc1|fc1_folded_neuron:gen_fc1_neurons[49].u_neuron|acc[8]                                                         ; 1                 ; 6       ;
;      - fc1_folded_top:u_fc1|fc1_folded_neuron:gen_fc1_neurons[49].u_neuron|acc[4]                                                         ; 1                 ; 6       ;
;      - fc1_folded_top:u_fc1|fc1_folded_neuron:gen_fc1_neurons[49].u_neuron|acc[2]                                                         ; 1                 ; 6       ;
;      - fc1_folded_top:u_fc1|fc1_folded_neuron:gen_fc1_neurons[49].u_neuron|acc[0]                                                         ; 1                 ; 6       ;
;      - fc1_folded_top:u_fc1|fc1_folded_neuron:gen_fc1_neurons[49].u_neuron|acc[1]                                                         ; 1                 ; 6       ;
;      - fc1_folded_top:u_fc1|fc1_folded_neuron:gen_fc1_neurons[49].u_neuron|acc[3]                                                         ; 1                 ; 6       ;
;      - fc1_folded_top:u_fc1|fc1_folded_neuron:gen_fc1_neurons[49].u_neuron|acc[5]                                                         ; 1                 ; 6       ;
;      - fc1_folded_top:u_fc1|fc1_folded_neuron:gen_fc1_neurons[49].u_neuron|acc[6]                                                         ; 1                 ; 6       ;
;      - fc1_folded_top:u_fc1|fc1_folded_neuron:gen_fc1_neurons[49].u_neuron|acc[7]                                                         ; 1                 ; 6       ;
;      - fc1_folded_top:u_fc1|fc1_folded_neuron:gen_fc1_neurons[49].u_neuron|acc[9]                                                         ; 1                 ; 6       ;
;      - fc1_folded_top:u_fc1|fc1_folded_neuron:gen_fc1_neurons[49].u_neuron|acc[10]                                                        ; 1                 ; 6       ;
;      - fc1_folded_top:u_fc1|fc1_folded_neuron:gen_fc1_neurons[49].u_neuron|acc[11]                                                        ; 1                 ; 6       ;
;      - fc1_folded_top:u_fc1|fc1_folded_neuron:gen_fc1_neurons[51].u_neuron|acc[7]                                                         ; 1                 ; 6       ;
;      - fc1_folded_top:u_fc1|fc1_folded_neuron:gen_fc1_neurons[51].u_neuron|acc[6]                                                         ; 1                 ; 6       ;
;      - fc1_folded_top:u_fc1|fc1_folded_neuron:gen_fc1_neurons[51].u_neuron|acc[5]                                                         ; 1                 ; 6       ;
;      - fc1_folded_top:u_fc1|fc1_folded_neuron:gen_fc1_neurons[51].u_neuron|acc[3]                                                         ; 1                 ; 6       ;
;      - fc1_folded_top:u_fc1|fc1_folded_neuron:gen_fc1_neurons[51].u_neuron|acc[2]                                                         ; 1                 ; 6       ;
;      - fc1_folded_top:u_fc1|fc1_folded_neuron:gen_fc1_neurons[51].u_neuron|acc[0]                                                         ; 1                 ; 6       ;
;      - fc1_folded_top:u_fc1|fc1_folded_neuron:gen_fc1_neurons[51].u_neuron|acc[1]                                                         ; 1                 ; 6       ;
;      - fc1_folded_top:u_fc1|fc1_folded_neuron:gen_fc1_neurons[51].u_neuron|acc[4]                                                         ; 1                 ; 6       ;
;      - fc1_folded_top:u_fc1|fc1_folded_neuron:gen_fc1_neurons[51].u_neuron|acc[8]                                                         ; 1                 ; 6       ;
;      - fc1_folded_top:u_fc1|fc1_folded_neuron:gen_fc1_neurons[51].u_neuron|acc[9]                                                         ; 1                 ; 6       ;
;      - fc1_folded_top:u_fc1|fc1_folded_neuron:gen_fc1_neurons[51].u_neuron|acc[10]                                                        ; 1                 ; 6       ;
;      - fc1_folded_top:u_fc1|fc1_folded_neuron:gen_fc1_neurons[51].u_neuron|acc[11]                                                        ; 1                 ; 6       ;
;      - fc1_folded_top:u_fc1|fc1_folded_neuron:gen_fc1_neurons[23].u_neuron|acc[7]                                                         ; 1                 ; 6       ;
;      - fc1_folded_top:u_fc1|fc1_folded_neuron:gen_fc1_neurons[23].u_neuron|acc[5]                                                         ; 1                 ; 6       ;
;      - fc1_folded_top:u_fc1|fc1_folded_neuron:gen_fc1_neurons[23].u_neuron|acc[4]                                                         ; 1                 ; 6       ;
;      - fc1_folded_top:u_fc1|fc1_folded_neuron:gen_fc1_neurons[23].u_neuron|acc[1]                                                         ; 1                 ; 6       ;
;      - fc1_folded_top:u_fc1|fc1_folded_neuron:gen_fc1_neurons[23].u_neuron|acc[0]                                                         ; 1                 ; 6       ;
;      - fc1_folded_top:u_fc1|fc1_folded_neuron:gen_fc1_neurons[23].u_neuron|acc[2]                                                         ; 1                 ; 6       ;
;      - fc1_folded_top:u_fc1|fc1_folded_neuron:gen_fc1_neurons[23].u_neuron|acc[3]                                                         ; 1                 ; 6       ;
;      - fc1_folded_top:u_fc1|fc1_folded_neuron:gen_fc1_neurons[23].u_neuron|acc[6]                                                         ; 1                 ; 6       ;
;      - fc1_folded_top:u_fc1|fc1_folded_neuron:gen_fc1_neurons[23].u_neuron|acc[8]                                                         ; 1                 ; 6       ;
;      - fc1_folded_top:u_fc1|fc1_folded_neuron:gen_fc1_neurons[23].u_neuron|acc[9]                                                         ; 1                 ; 6       ;
;      - fc1_folded_top:u_fc1|fc1_folded_neuron:gen_fc1_neurons[23].u_neuron|acc[10]                                                        ; 1                 ; 6       ;
;      - fc1_folded_top:u_fc1|fc1_folded_neuron:gen_fc1_neurons[23].u_neuron|acc[11]                                                        ; 1                 ; 6       ;
;      - fc1_folded_top:u_fc1|fc1_folded_neuron:gen_fc1_neurons[26].u_neuron|acc[7]                                                         ; 1                 ; 6       ;
;      - fc1_folded_top:u_fc1|fc1_folded_neuron:gen_fc1_neurons[26].u_neuron|acc[6]                                                         ; 1                 ; 6       ;
;      - fc1_folded_top:u_fc1|fc1_folded_neuron:gen_fc1_neurons[26].u_neuron|acc[4]                                                         ; 1                 ; 6       ;
;      - fc1_folded_top:u_fc1|fc1_folded_neuron:gen_fc1_neurons[26].u_neuron|acc[1]                                                         ; 1                 ; 6       ;
;      - fc1_folded_top:u_fc1|fc1_folded_neuron:gen_fc1_neurons[26].u_neuron|acc[0]                                                         ; 1                 ; 6       ;
;      - fc1_folded_top:u_fc1|fc1_folded_neuron:gen_fc1_neurons[26].u_neuron|acc[2]                                                         ; 1                 ; 6       ;
;      - fc1_folded_top:u_fc1|fc1_folded_neuron:gen_fc1_neurons[26].u_neuron|acc[3]                                                         ; 1                 ; 6       ;
;      - fc1_folded_top:u_fc1|fc1_folded_neuron:gen_fc1_neurons[26].u_neuron|acc[5]                                                         ; 1                 ; 6       ;
;      - fc1_folded_top:u_fc1|fc1_folded_neuron:gen_fc1_neurons[26].u_neuron|acc[8]                                                         ; 1                 ; 6       ;
;      - fc1_folded_top:u_fc1|fc1_folded_neuron:gen_fc1_neurons[26].u_neuron|acc[9]                                                         ; 1                 ; 6       ;
;      - fc1_folded_top:u_fc1|fc1_folded_neuron:gen_fc1_neurons[26].u_neuron|acc[10]                                                        ; 1                 ; 6       ;
;      - fc1_folded_top:u_fc1|fc1_folded_neuron:gen_fc1_neurons[26].u_neuron|acc[11]                                                        ; 1                 ; 6       ;
;      - fc1_folded_top:u_fc1|fc1_folded_neuron:gen_fc1_neurons[27].u_neuron|acc[7]                                                         ; 1                 ; 6       ;
;      - fc1_folded_top:u_fc1|fc1_folded_neuron:gen_fc1_neurons[27].u_neuron|acc[6]                                                         ; 1                 ; 6       ;
;      - fc1_folded_top:u_fc1|fc1_folded_neuron:gen_fc1_neurons[27].u_neuron|acc[5]                                                         ; 1                 ; 6       ;
;      - fc1_folded_top:u_fc1|fc1_folded_neuron:gen_fc1_neurons[27].u_neuron|acc[2]                                                         ; 1                 ; 6       ;
;      - fc1_folded_top:u_fc1|fc1_folded_neuron:gen_fc1_neurons[27].u_neuron|acc[1]                                                         ; 1                 ; 6       ;
;      - fc1_folded_top:u_fc1|fc1_folded_neuron:gen_fc1_neurons[27].u_neuron|acc[0]                                                         ; 1                 ; 6       ;
;      - fc1_folded_top:u_fc1|fc1_folded_neuron:gen_fc1_neurons[27].u_neuron|acc[3]                                                         ; 1                 ; 6       ;
;      - fc1_folded_top:u_fc1|fc1_folded_neuron:gen_fc1_neurons[27].u_neuron|acc[4]                                                         ; 1                 ; 6       ;
;      - fc1_folded_top:u_fc1|fc1_folded_neuron:gen_fc1_neurons[27].u_neuron|acc[8]                                                         ; 1                 ; 6       ;
;      - fc1_folded_top:u_fc1|fc1_folded_neuron:gen_fc1_neurons[27].u_neuron|acc[9]                                                         ; 1                 ; 6       ;
;      - fc1_folded_top:u_fc1|fc1_folded_neuron:gen_fc1_neurons[27].u_neuron|acc[10]                                                        ; 1                 ; 6       ;
;      - fc1_folded_top:u_fc1|fc1_folded_neuron:gen_fc1_neurons[27].u_neuron|acc[11]                                                        ; 1                 ; 6       ;
;      - fc1_folded_top:u_fc1|fc1_folded_neuron:gen_fc1_neurons[50].u_neuron|acc[7]                                                         ; 1                 ; 6       ;
;      - fc1_folded_top:u_fc1|fc1_folded_neuron:gen_fc1_neurons[50].u_neuron|acc[5]                                                         ; 1                 ; 6       ;
;      - fc1_folded_top:u_fc1|fc1_folded_neuron:gen_fc1_neurons[50].u_neuron|acc[4]                                                         ; 1                 ; 6       ;
;      - fc1_folded_top:u_fc1|fc1_folded_neuron:gen_fc1_neurons[50].u_neuron|acc[0]                                                         ; 1                 ; 6       ;
;      - fc1_folded_top:u_fc1|fc1_folded_neuron:gen_fc1_neurons[50].u_neuron|acc[1]                                                         ; 1                 ; 6       ;
;      - fc1_folded_top:u_fc1|fc1_folded_neuron:gen_fc1_neurons[50].u_neuron|acc[2]                                                         ; 1                 ; 6       ;
;      - fc1_folded_top:u_fc1|fc1_folded_neuron:gen_fc1_neurons[50].u_neuron|acc[3]                                                         ; 1                 ; 6       ;
;      - fc1_folded_top:u_fc1|fc1_folded_neuron:gen_fc1_neurons[50].u_neuron|acc[6]                                                         ; 1                 ; 6       ;
;      - fc1_folded_top:u_fc1|fc1_folded_neuron:gen_fc1_neurons[50].u_neuron|acc[8]                                                         ; 1                 ; 6       ;
;      - fc1_folded_top:u_fc1|fc1_folded_neuron:gen_fc1_neurons[50].u_neuron|acc[9]                                                         ; 1                 ; 6       ;
;      - fc1_folded_top:u_fc1|fc1_folded_neuron:gen_fc1_neurons[50].u_neuron|acc[10]                                                        ; 1                 ; 6       ;
;      - fc1_folded_top:u_fc1|fc1_folded_neuron:gen_fc1_neurons[50].u_neuron|acc[11]                                                        ; 1                 ; 6       ;
;      - fc1_folded_top:u_fc1|fc1_folded_neuron:gen_fc1_neurons[16].u_neuron|acc[7]                                                         ; 1                 ; 6       ;
;      - fc1_folded_top:u_fc1|fc1_folded_neuron:gen_fc1_neurons[16].u_neuron|acc[6]                                                         ; 1                 ; 6       ;
;      - fc1_folded_top:u_fc1|fc1_folded_neuron:gen_fc1_neurons[16].u_neuron|acc[5]                                                         ; 1                 ; 6       ;
;      - fc1_folded_top:u_fc1|fc1_folded_neuron:gen_fc1_neurons[16].u_neuron|acc[1]                                                         ; 1                 ; 6       ;
;      - fc1_folded_top:u_fc1|fc1_folded_neuron:gen_fc1_neurons[16].u_neuron|acc[0]                                                         ; 1                 ; 6       ;
;      - fc1_folded_top:u_fc1|fc1_folded_neuron:gen_fc1_neurons[16].u_neuron|acc[2]                                                         ; 1                 ; 6       ;
;      - fc1_folded_top:u_fc1|fc1_folded_neuron:gen_fc1_neurons[16].u_neuron|acc[3]                                                         ; 1                 ; 6       ;
;      - fc1_folded_top:u_fc1|fc1_folded_neuron:gen_fc1_neurons[16].u_neuron|acc[4]                                                         ; 1                 ; 6       ;
;      - fc1_folded_top:u_fc1|fc1_folded_neuron:gen_fc1_neurons[16].u_neuron|acc[8]                                                         ; 1                 ; 6       ;
;      - fc1_folded_top:u_fc1|fc1_folded_neuron:gen_fc1_neurons[16].u_neuron|acc[9]                                                         ; 1                 ; 6       ;
;      - fc1_folded_top:u_fc1|fc1_folded_neuron:gen_fc1_neurons[16].u_neuron|acc[10]                                                        ; 1                 ; 6       ;
;      - fc1_folded_top:u_fc1|fc1_folded_neuron:gen_fc1_neurons[16].u_neuron|acc[11]                                                        ; 1                 ; 6       ;
;      - fc1_folded_top:u_fc1|fc1_folded_neuron:gen_fc1_neurons[10].u_neuron|acc[7]                                                         ; 1                 ; 6       ;
;      - fc1_folded_top:u_fc1|fc1_folded_neuron:gen_fc1_neurons[10].u_neuron|acc[6]                                                         ; 1                 ; 6       ;
;      - fc1_folded_top:u_fc1|fc1_folded_neuron:gen_fc1_neurons[10].u_neuron|acc[4]                                                         ; 1                 ; 6       ;
;      - fc1_folded_top:u_fc1|fc1_folded_neuron:gen_fc1_neurons[10].u_neuron|acc[3]                                                         ; 1                 ; 6       ;
;      - fc1_folded_top:u_fc1|fc1_folded_neuron:gen_fc1_neurons[10].u_neuron|acc[2]                                                         ; 1                 ; 6       ;
;      - fc1_folded_top:u_fc1|fc1_folded_neuron:gen_fc1_neurons[10].u_neuron|acc[1]                                                         ; 1                 ; 6       ;
;      - fc1_folded_top:u_fc1|fc1_folded_neuron:gen_fc1_neurons[10].u_neuron|acc[0]                                                         ; 1                 ; 6       ;
;      - fc1_folded_top:u_fc1|fc1_folded_neuron:gen_fc1_neurons[10].u_neuron|acc[5]                                                         ; 1                 ; 6       ;
;      - fc1_folded_top:u_fc1|fc1_folded_neuron:gen_fc1_neurons[10].u_neuron|acc[8]                                                         ; 1                 ; 6       ;
;      - fc1_folded_top:u_fc1|fc1_folded_neuron:gen_fc1_neurons[10].u_neuron|acc[9]                                                         ; 1                 ; 6       ;
;      - fc1_folded_top:u_fc1|fc1_folded_neuron:gen_fc1_neurons[10].u_neuron|acc[10]                                                        ; 1                 ; 6       ;
;      - fc1_folded_top:u_fc1|fc1_folded_neuron:gen_fc1_neurons[10].u_neuron|acc[11]                                                        ; 1                 ; 6       ;
;      - fc1_folded_top:u_fc1|fc1_folded_neuron:gen_fc1_neurons[11].u_neuron|acc[8]                                                         ; 1                 ; 6       ;
;      - fc1_folded_top:u_fc1|fc1_folded_neuron:gen_fc1_neurons[11].u_neuron|acc[3]                                                         ; 1                 ; 6       ;
;      - fc1_folded_top:u_fc1|fc1_folded_neuron:gen_fc1_neurons[11].u_neuron|acc[0]                                                         ; 1                 ; 6       ;
;      - fc1_folded_top:u_fc1|fc1_folded_neuron:gen_fc1_neurons[11].u_neuron|acc[1]                                                         ; 1                 ; 6       ;
;      - fc1_folded_top:u_fc1|fc1_folded_neuron:gen_fc1_neurons[11].u_neuron|acc[2]                                                         ; 1                 ; 6       ;
;      - fc1_folded_top:u_fc1|fc1_folded_neuron:gen_fc1_neurons[11].u_neuron|acc[4]                                                         ; 1                 ; 6       ;
;      - fc1_folded_top:u_fc1|fc1_folded_neuron:gen_fc1_neurons[11].u_neuron|acc[5]                                                         ; 1                 ; 6       ;
;      - fc1_folded_top:u_fc1|fc1_folded_neuron:gen_fc1_neurons[11].u_neuron|acc[6]                                                         ; 1                 ; 6       ;
;      - fc1_folded_top:u_fc1|fc1_folded_neuron:gen_fc1_neurons[11].u_neuron|acc[7]                                                         ; 1                 ; 6       ;
;      - fc1_folded_top:u_fc1|fc1_folded_neuron:gen_fc1_neurons[11].u_neuron|acc[9]                                                         ; 1                 ; 6       ;
;      - fc1_folded_top:u_fc1|fc1_folded_neuron:gen_fc1_neurons[11].u_neuron|acc[10]                                                        ; 1                 ; 6       ;
;      - fc1_folded_top:u_fc1|fc1_folded_neuron:gen_fc1_neurons[11].u_neuron|acc[11]                                                        ; 1                 ; 6       ;
;      - fc1_folded_top:u_fc1|fc1_folded_neuron:gen_fc1_neurons[7].u_neuron|acc[7]                                                          ; 1                 ; 6       ;
;      - fc1_folded_top:u_fc1|fc1_folded_neuron:gen_fc1_neurons[7].u_neuron|acc[6]                                                          ; 1                 ; 6       ;
;      - fc1_folded_top:u_fc1|fc1_folded_neuron:gen_fc1_neurons[7].u_neuron|acc[4]                                                          ; 1                 ; 6       ;
;      - fc1_folded_top:u_fc1|fc1_folded_neuron:gen_fc1_neurons[7].u_neuron|acc[2]                                                          ; 1                 ; 6       ;
;      - fc1_folded_top:u_fc1|fc1_folded_neuron:gen_fc1_neurons[7].u_neuron|acc[0]                                                          ; 1                 ; 6       ;
;      - fc1_folded_top:u_fc1|fc1_folded_neuron:gen_fc1_neurons[7].u_neuron|acc[1]                                                          ; 1                 ; 6       ;
;      - fc1_folded_top:u_fc1|fc1_folded_neuron:gen_fc1_neurons[7].u_neuron|acc[3]                                                          ; 1                 ; 6       ;
;      - fc1_folded_top:u_fc1|fc1_folded_neuron:gen_fc1_neurons[7].u_neuron|acc[5]                                                          ; 1                 ; 6       ;
;      - fc1_folded_top:u_fc1|fc1_folded_neuron:gen_fc1_neurons[7].u_neuron|acc[8]                                                          ; 1                 ; 6       ;
;      - fc1_folded_top:u_fc1|fc1_folded_neuron:gen_fc1_neurons[7].u_neuron|acc[9]                                                          ; 1                 ; 6       ;
;      - fc1_folded_top:u_fc1|fc1_folded_neuron:gen_fc1_neurons[7].u_neuron|acc[10]                                                         ; 1                 ; 6       ;
;      - fc1_folded_top:u_fc1|fc1_folded_neuron:gen_fc1_neurons[7].u_neuron|acc[11]                                                         ; 1                 ; 6       ;
;      - fc1_folded_top:u_fc1|fc1_folded_neuron:gen_fc1_neurons[2].u_neuron|acc[7]                                                          ; 1                 ; 6       ;
;      - fc1_folded_top:u_fc1|fc1_folded_neuron:gen_fc1_neurons[2].u_neuron|acc[5]                                                          ; 1                 ; 6       ;
;      - fc1_folded_top:u_fc1|fc1_folded_neuron:gen_fc1_neurons[2].u_neuron|acc[3]                                                          ; 1                 ; 6       ;
;      - fc1_folded_top:u_fc1|fc1_folded_neuron:gen_fc1_neurons[2].u_neuron|acc[0]                                                          ; 1                 ; 6       ;
;      - fc1_folded_top:u_fc1|fc1_folded_neuron:gen_fc1_neurons[2].u_neuron|acc[1]                                                          ; 1                 ; 6       ;
;      - fc1_folded_top:u_fc1|fc1_folded_neuron:gen_fc1_neurons[2].u_neuron|acc[2]                                                          ; 1                 ; 6       ;
;      - fc1_folded_top:u_fc1|fc1_folded_neuron:gen_fc1_neurons[2].u_neuron|acc[4]                                                          ; 1                 ; 6       ;
;      - fc1_folded_top:u_fc1|fc1_folded_neuron:gen_fc1_neurons[2].u_neuron|acc[6]                                                          ; 1                 ; 6       ;
;      - fc1_folded_top:u_fc1|fc1_folded_neuron:gen_fc1_neurons[2].u_neuron|acc[8]                                                          ; 1                 ; 6       ;
;      - fc1_folded_top:u_fc1|fc1_folded_neuron:gen_fc1_neurons[2].u_neuron|acc[9]                                                          ; 1                 ; 6       ;
;      - fc1_folded_top:u_fc1|fc1_folded_neuron:gen_fc1_neurons[2].u_neuron|acc[10]                                                         ; 1                 ; 6       ;
;      - fc1_folded_top:u_fc1|fc1_folded_neuron:gen_fc1_neurons[2].u_neuron|acc[11]                                                         ; 1                 ; 6       ;
;      - fc1_folded_top:u_fc1|fc1_folded_neuron:gen_fc1_neurons[5].u_neuron|acc[8]                                                          ; 1                 ; 6       ;
;      - fc1_folded_top:u_fc1|fc1_folded_neuron:gen_fc1_neurons[5].u_neuron|acc[4]                                                          ; 1                 ; 6       ;
;      - fc1_folded_top:u_fc1|fc1_folded_neuron:gen_fc1_neurons[5].u_neuron|acc[2]                                                          ; 1                 ; 6       ;
;      - fc1_folded_top:u_fc1|fc1_folded_neuron:gen_fc1_neurons[5].u_neuron|acc[0]                                                          ; 1                 ; 6       ;
;      - fc1_folded_top:u_fc1|fc1_folded_neuron:gen_fc1_neurons[5].u_neuron|acc[1]                                                          ; 1                 ; 6       ;
;      - fc1_folded_top:u_fc1|fc1_folded_neuron:gen_fc1_neurons[5].u_neuron|acc[3]                                                          ; 1                 ; 6       ;
;      - fc1_folded_top:u_fc1|fc1_folded_neuron:gen_fc1_neurons[5].u_neuron|acc[5]                                                          ; 1                 ; 6       ;
;      - fc1_folded_top:u_fc1|fc1_folded_neuron:gen_fc1_neurons[5].u_neuron|acc[6]                                                          ; 1                 ; 6       ;
;      - fc1_folded_top:u_fc1|fc1_folded_neuron:gen_fc1_neurons[5].u_neuron|acc[7]                                                          ; 1                 ; 6       ;
;      - fc1_folded_top:u_fc1|fc1_folded_neuron:gen_fc1_neurons[5].u_neuron|acc[9]                                                          ; 1                 ; 6       ;
;      - fc1_folded_top:u_fc1|fc1_folded_neuron:gen_fc1_neurons[5].u_neuron|acc[10]                                                         ; 1                 ; 6       ;
;      - fc1_folded_top:u_fc1|fc1_folded_neuron:gen_fc1_neurons[5].u_neuron|acc[11]                                                         ; 1                 ; 6       ;
;      - fc1_folded_top:u_fc1|fc1_folded_neuron:gen_fc1_neurons[20].u_neuron|acc[8]                                                         ; 1                 ; 6       ;
;      - fc1_folded_top:u_fc1|fc1_folded_neuron:gen_fc1_neurons[20].u_neuron|acc[9]                                                         ; 1                 ; 6       ;
;      - fc1_folded_top:u_fc1|fc1_folded_neuron:gen_fc1_neurons[20].u_neuron|acc[10]                                                        ; 1                 ; 6       ;
;      - fc1_folded_top:u_fc1|fc1_folded_neuron:gen_fc1_neurons[20].u_neuron|acc[11]                                                        ; 1                 ; 6       ;
;      - fc1_folded_top:u_fc1|fc1_folded_neuron:gen_fc1_neurons[22].u_neuron|acc[7]                                                         ; 1                 ; 6       ;
;      - fc1_folded_top:u_fc1|fc1_folded_neuron:gen_fc1_neurons[22].u_neuron|acc[6]                                                         ; 1                 ; 6       ;
;      - fc1_folded_top:u_fc1|fc1_folded_neuron:gen_fc1_neurons[22].u_neuron|acc[2]                                                         ; 1                 ; 6       ;
;      - fc1_folded_top:u_fc1|fc1_folded_neuron:gen_fc1_neurons[22].u_neuron|acc[1]                                                         ; 1                 ; 6       ;
;      - fc1_folded_top:u_fc1|fc1_folded_neuron:gen_fc1_neurons[22].u_neuron|acc[0]                                                         ; 1                 ; 6       ;
;      - fc1_folded_top:u_fc1|fc1_folded_neuron:gen_fc1_neurons[22].u_neuron|acc[3]                                                         ; 1                 ; 6       ;
;      - fc1_folded_top:u_fc1|fc1_folded_neuron:gen_fc1_neurons[22].u_neuron|acc[4]                                                         ; 1                 ; 6       ;
;      - fc1_folded_top:u_fc1|fc1_folded_neuron:gen_fc1_neurons[22].u_neuron|acc[5]                                                         ; 1                 ; 6       ;
;      - fc1_folded_top:u_fc1|fc1_folded_neuron:gen_fc1_neurons[22].u_neuron|acc[8]                                                         ; 1                 ; 6       ;
;      - fc1_folded_top:u_fc1|fc1_folded_neuron:gen_fc1_neurons[22].u_neuron|acc[9]                                                         ; 1                 ; 6       ;
;      - fc1_folded_top:u_fc1|fc1_folded_neuron:gen_fc1_neurons[22].u_neuron|acc[10]                                                        ; 1                 ; 6       ;
;      - fc1_folded_top:u_fc1|fc1_folded_neuron:gen_fc1_neurons[22].u_neuron|acc[11]                                                        ; 1                 ; 6       ;
;      - fc2_top:u_fc2|t1_val[3][26]                                                                                                        ; 1                 ; 6       ;
;      - fc2_top:u_fc2|pop[5][0]                                                                                                            ; 1                 ; 6       ;
;      - fc1_folded_top:u_fc1|fc1_folded_neuron:gen_fc1_neurons[62].u_neuron|acc[8]                                                         ; 1                 ; 6       ;
;      - fc1_folded_top:u_fc1|fc1_folded_neuron:gen_fc1_neurons[62].u_neuron|acc[4]                                                         ; 1                 ; 6       ;
;      - fc1_folded_top:u_fc1|fc1_folded_neuron:gen_fc1_neurons[62].u_neuron|acc[3]                                                         ; 1                 ; 6       ;
;      - fc1_folded_top:u_fc1|fc1_folded_neuron:gen_fc1_neurons[62].u_neuron|acc[1]                                                         ; 1                 ; 6       ;
;      - fc1_folded_top:u_fc1|fc1_folded_neuron:gen_fc1_neurons[62].u_neuron|acc[0]                                                         ; 1                 ; 6       ;
;      - fc1_folded_top:u_fc1|fc1_folded_neuron:gen_fc1_neurons[62].u_neuron|acc[2]                                                         ; 1                 ; 6       ;
;      - fc1_folded_top:u_fc1|fc1_folded_neuron:gen_fc1_neurons[62].u_neuron|acc[5]                                                         ; 1                 ; 6       ;
;      - fc1_folded_top:u_fc1|fc1_folded_neuron:gen_fc1_neurons[62].u_neuron|acc[6]                                                         ; 1                 ; 6       ;
;      - fc1_folded_top:u_fc1|fc1_folded_neuron:gen_fc1_neurons[62].u_neuron|acc[7]                                                         ; 1                 ; 6       ;
;      - fc1_folded_top:u_fc1|fc1_folded_neuron:gen_fc1_neurons[62].u_neuron|acc[9]                                                         ; 1                 ; 6       ;
;      - fc1_folded_top:u_fc1|fc1_folded_neuron:gen_fc1_neurons[62].u_neuron|acc[10]                                                        ; 1                 ; 6       ;
;      - fc1_folded_top:u_fc1|fc1_folded_neuron:gen_fc1_neurons[62].u_neuron|acc[11]                                                        ; 1                 ; 6       ;
;      - fc1_folded_top:u_fc1|fc1_folded_neuron:gen_fc1_neurons[37].u_neuron|acc[8]                                                         ; 1                 ; 6       ;
;      - fc1_folded_top:u_fc1|fc1_folded_neuron:gen_fc1_neurons[37].u_neuron|acc[9]                                                         ; 1                 ; 6       ;
;      - fc1_folded_top:u_fc1|fc1_folded_neuron:gen_fc1_neurons[37].u_neuron|acc[10]                                                        ; 1                 ; 6       ;
;      - fc1_folded_top:u_fc1|fc1_folded_neuron:gen_fc1_neurons[37].u_neuron|acc[11]                                                        ; 1                 ; 6       ;
;      - fc1_folded_top:u_fc1|fc1_folded_neuron:gen_fc1_neurons[39].u_neuron|acc[7]                                                         ; 1                 ; 6       ;
;      - fc1_folded_top:u_fc1|fc1_folded_neuron:gen_fc1_neurons[39].u_neuron|acc[5]                                                         ; 1                 ; 6       ;
;      - fc1_folded_top:u_fc1|fc1_folded_neuron:gen_fc1_neurons[39].u_neuron|acc[2]                                                         ; 1                 ; 6       ;
;      - fc1_folded_top:u_fc1|fc1_folded_neuron:gen_fc1_neurons[39].u_neuron|acc[0]                                                         ; 1                 ; 6       ;
;      - fc1_folded_top:u_fc1|fc1_folded_neuron:gen_fc1_neurons[39].u_neuron|acc[1]                                                         ; 1                 ; 6       ;
;      - fc1_folded_top:u_fc1|fc1_folded_neuron:gen_fc1_neurons[39].u_neuron|acc[3]                                                         ; 1                 ; 6       ;
;      - fc1_folded_top:u_fc1|fc1_folded_neuron:gen_fc1_neurons[39].u_neuron|acc[4]                                                         ; 1                 ; 6       ;
;      - fc1_folded_top:u_fc1|fc1_folded_neuron:gen_fc1_neurons[39].u_neuron|acc[6]                                                         ; 1                 ; 6       ;
;      - fc1_folded_top:u_fc1|fc1_folded_neuron:gen_fc1_neurons[39].u_neuron|acc[8]                                                         ; 1                 ; 6       ;
;      - fc1_folded_top:u_fc1|fc1_folded_neuron:gen_fc1_neurons[39].u_neuron|acc[9]                                                         ; 1                 ; 6       ;
;      - fc1_folded_top:u_fc1|fc1_folded_neuron:gen_fc1_neurons[39].u_neuron|acc[10]                                                        ; 1                 ; 6       ;
;      - fc1_folded_top:u_fc1|fc1_folded_neuron:gen_fc1_neurons[39].u_neuron|acc[11]                                                        ; 1                 ; 6       ;
;      - fc2_top:u_fc2|t1_val[2][26]                                                                                                        ; 1                 ; 6       ;
;      - fc2_top:u_fc2|t2_val[1][25]                                                                                                        ; 1                 ; 6       ;
;      - fc1_folded_top:u_fc1|fc1_folded_neuron:gen_fc1_neurons[47].u_neuron|acc[7]                                                         ; 1                 ; 6       ;
;      - fc1_folded_top:u_fc1|fc1_folded_neuron:gen_fc1_neurons[47].u_neuron|acc[6]                                                         ; 1                 ; 6       ;
;      - fc1_folded_top:u_fc1|fc1_folded_neuron:gen_fc1_neurons[47].u_neuron|acc[2]                                                         ; 1                 ; 6       ;
;      - fc1_folded_top:u_fc1|fc1_folded_neuron:gen_fc1_neurons[47].u_neuron|acc[0]                                                         ; 1                 ; 6       ;
;      - fc1_folded_top:u_fc1|fc1_folded_neuron:gen_fc1_neurons[47].u_neuron|acc[1]                                                         ; 1                 ; 6       ;
;      - fc1_folded_top:u_fc1|fc1_folded_neuron:gen_fc1_neurons[47].u_neuron|acc[3]                                                         ; 1                 ; 6       ;
;      - fc1_folded_top:u_fc1|fc1_folded_neuron:gen_fc1_neurons[47].u_neuron|acc[4]                                                         ; 1                 ; 6       ;
;      - fc1_folded_top:u_fc1|fc1_folded_neuron:gen_fc1_neurons[47].u_neuron|acc[5]                                                         ; 1                 ; 6       ;
;      - fc1_folded_top:u_fc1|fc1_folded_neuron:gen_fc1_neurons[47].u_neuron|acc[8]                                                         ; 1                 ; 6       ;
;      - fc1_folded_top:u_fc1|fc1_folded_neuron:gen_fc1_neurons[47].u_neuron|acc[9]                                                         ; 1                 ; 6       ;
;      - fc1_folded_top:u_fc1|fc1_folded_neuron:gen_fc1_neurons[47].u_neuron|acc[10]                                                        ; 1                 ; 6       ;
;      - fc1_folded_top:u_fc1|fc1_folded_neuron:gen_fc1_neurons[47].u_neuron|acc[11]                                                        ; 1                 ; 6       ;
;      - fc1_folded_top:u_fc1|fc1_folded_neuron:gen_fc1_neurons[48].u_neuron|acc[8]                                                         ; 1                 ; 6       ;
;      - fc1_folded_top:u_fc1|fc1_folded_neuron:gen_fc1_neurons[48].u_neuron|acc[4]                                                         ; 1                 ; 6       ;
;      - fc1_folded_top:u_fc1|fc1_folded_neuron:gen_fc1_neurons[48].u_neuron|acc[3]                                                         ; 1                 ; 6       ;
;      - fc1_folded_top:u_fc1|fc1_folded_neuron:gen_fc1_neurons[48].u_neuron|acc[0]                                                         ; 1                 ; 6       ;
;      - fc1_folded_top:u_fc1|fc1_folded_neuron:gen_fc1_neurons[48].u_neuron|acc[1]                                                         ; 1                 ; 6       ;
;      - fc1_folded_top:u_fc1|fc1_folded_neuron:gen_fc1_neurons[48].u_neuron|acc[2]                                                         ; 1                 ; 6       ;
;      - fc1_folded_top:u_fc1|fc1_folded_neuron:gen_fc1_neurons[48].u_neuron|acc[5]                                                         ; 1                 ; 6       ;
;      - fc1_folded_top:u_fc1|fc1_folded_neuron:gen_fc1_neurons[48].u_neuron|acc[6]                                                         ; 1                 ; 6       ;
;      - fc1_folded_top:u_fc1|fc1_folded_neuron:gen_fc1_neurons[48].u_neuron|acc[7]                                                         ; 1                 ; 6       ;
;      - fc1_folded_top:u_fc1|fc1_folded_neuron:gen_fc1_neurons[48].u_neuron|acc[9]                                                         ; 1                 ; 6       ;
;      - fc1_folded_top:u_fc1|fc1_folded_neuron:gen_fc1_neurons[48].u_neuron|acc[10]                                                        ; 1                 ; 6       ;
;      - fc1_folded_top:u_fc1|fc1_folded_neuron:gen_fc1_neurons[48].u_neuron|acc[11]                                                        ; 1                 ; 6       ;
;      - fc2_top:u_fc2|t1_val[1][26]                                                                                                        ; 1                 ; 6       ;
;      - fc1_folded_top:u_fc1|fc1_folded_neuron:gen_fc1_neurons[44].u_neuron|acc[8]                                                         ; 1                 ; 6       ;
;      - fc1_folded_top:u_fc1|fc1_folded_neuron:gen_fc1_neurons[44].u_neuron|acc[5]                                                         ; 1                 ; 6       ;
;      - fc1_folded_top:u_fc1|fc1_folded_neuron:gen_fc1_neurons[44].u_neuron|acc[4]                                                         ; 1                 ; 6       ;
;      - fc1_folded_top:u_fc1|fc1_folded_neuron:gen_fc1_neurons[44].u_neuron|acc[3]                                                         ; 1                 ; 6       ;
;      - fc1_folded_top:u_fc1|fc1_folded_neuron:gen_fc1_neurons[44].u_neuron|acc[1]                                                         ; 1                 ; 6       ;
;      - fc1_folded_top:u_fc1|fc1_folded_neuron:gen_fc1_neurons[44].u_neuron|acc[0]                                                         ; 1                 ; 6       ;
;      - fc1_folded_top:u_fc1|fc1_folded_neuron:gen_fc1_neurons[44].u_neuron|acc[2]                                                         ; 1                 ; 6       ;
;      - fc1_folded_top:u_fc1|fc1_folded_neuron:gen_fc1_neurons[44].u_neuron|acc[6]                                                         ; 1                 ; 6       ;
;      - fc1_folded_top:u_fc1|fc1_folded_neuron:gen_fc1_neurons[44].u_neuron|acc[7]                                                         ; 1                 ; 6       ;
;      - fc1_folded_top:u_fc1|fc1_folded_neuron:gen_fc1_neurons[44].u_neuron|acc[9]                                                         ; 1                 ; 6       ;
;      - fc1_folded_top:u_fc1|fc1_folded_neuron:gen_fc1_neurons[44].u_neuron|acc[10]                                                        ; 1                 ; 6       ;
;      - fc1_folded_top:u_fc1|fc1_folded_neuron:gen_fc1_neurons[44].u_neuron|acc[11]                                                        ; 1                 ; 6       ;
;      - fc1_folded_top:u_fc1|fc1_folded_neuron:gen_fc1_neurons[45].u_neuron|acc[7]                                                         ; 1                 ; 6       ;
;      - fc1_folded_top:u_fc1|fc1_folded_neuron:gen_fc1_neurons[45].u_neuron|acc[6]                                                         ; 1                 ; 6       ;
;      - fc1_folded_top:u_fc1|fc1_folded_neuron:gen_fc1_neurons[45].u_neuron|acc[5]                                                         ; 1                 ; 6       ;
;      - fc1_folded_top:u_fc1|fc1_folded_neuron:gen_fc1_neurons[45].u_neuron|acc[0]                                                         ; 1                 ; 6       ;
;      - fc1_folded_top:u_fc1|fc1_folded_neuron:gen_fc1_neurons[45].u_neuron|acc[1]                                                         ; 1                 ; 6       ;
;      - fc1_folded_top:u_fc1|fc1_folded_neuron:gen_fc1_neurons[45].u_neuron|acc[2]                                                         ; 1                 ; 6       ;
;      - fc1_folded_top:u_fc1|fc1_folded_neuron:gen_fc1_neurons[45].u_neuron|acc[3]                                                         ; 1                 ; 6       ;
;      - fc1_folded_top:u_fc1|fc1_folded_neuron:gen_fc1_neurons[45].u_neuron|acc[4]                                                         ; 1                 ; 6       ;
;      - fc1_folded_top:u_fc1|fc1_folded_neuron:gen_fc1_neurons[45].u_neuron|acc[8]                                                         ; 1                 ; 6       ;
;      - fc1_folded_top:u_fc1|fc1_folded_neuron:gen_fc1_neurons[45].u_neuron|acc[9]                                                         ; 1                 ; 6       ;
;      - fc1_folded_top:u_fc1|fc1_folded_neuron:gen_fc1_neurons[45].u_neuron|acc[10]                                                        ; 1                 ; 6       ;
;      - fc1_folded_top:u_fc1|fc1_folded_neuron:gen_fc1_neurons[45].u_neuron|acc[11]                                                        ; 1                 ; 6       ;
;      - fc2_top:u_fc2|pop[0][0]                                                                                                            ; 1                 ; 6       ;
;      - fc2_top:u_fc2|t1_val[0][26]                                                                                                        ; 1                 ; 6       ;
;      - fc2_top:u_fc2|t2_val[0][25]                                                                                                        ; 1                 ; 6       ;
;      - fc2_top:u_fc2|t3_val[0][24]                                                                                                        ; 1                 ; 6       ;
;      - fc2_top:u_fc2|t1_val[4][25]                                                                                                        ; 1                 ; 6       ;
;      - fc1_folded_top:u_fc1|fc1_folded_neuron:gen_fc1_neurons[20].u_neuron|acc[7]                                                         ; 1                 ; 6       ;
;      - fc2_top:u_fc2|t1_val[3][25]                                                                                                        ; 1                 ; 6       ;
;      - fc1_folded_top:u_fc1|fc1_folded_neuron:gen_fc1_neurons[40].u_neuron|acc[7]                                                         ; 1                 ; 6       ;
;      - fc1_folded_top:u_fc1|fc1_folded_neuron:gen_fc1_neurons[40].u_neuron|acc[6]                                                         ; 1                 ; 6       ;
;      - fc1_folded_top:u_fc1|fc1_folded_neuron:gen_fc1_neurons[40].u_neuron|acc[4]                                                         ; 1                 ; 6       ;
;      - fc1_folded_top:u_fc1|fc1_folded_neuron:gen_fc1_neurons[40].u_neuron|acc[2]                                                         ; 1                 ; 6       ;
;      - fc1_folded_top:u_fc1|fc1_folded_neuron:gen_fc1_neurons[40].u_neuron|acc[0]                                                         ; 1                 ; 6       ;
;      - fc1_folded_top:u_fc1|fc1_folded_neuron:gen_fc1_neurons[40].u_neuron|acc[1]                                                         ; 1                 ; 6       ;
;      - fc1_folded_top:u_fc1|fc1_folded_neuron:gen_fc1_neurons[40].u_neuron|acc[3]                                                         ; 1                 ; 6       ;
;      - fc1_folded_top:u_fc1|fc1_folded_neuron:gen_fc1_neurons[40].u_neuron|acc[5]                                                         ; 1                 ; 6       ;
;      - fc1_folded_top:u_fc1|fc1_folded_neuron:gen_fc1_neurons[40].u_neuron|acc[8]                                                         ; 1                 ; 6       ;
;      - fc1_folded_top:u_fc1|fc1_folded_neuron:gen_fc1_neurons[40].u_neuron|acc[9]                                                         ; 1                 ; 6       ;
;      - fc1_folded_top:u_fc1|fc1_folded_neuron:gen_fc1_neurons[40].u_neuron|acc[10]                                                        ; 1                 ; 6       ;
;      - fc1_folded_top:u_fc1|fc1_folded_neuron:gen_fc1_neurons[40].u_neuron|acc[11]                                                        ; 1                 ; 6       ;
;      - fc1_folded_top:u_fc1|fc1_folded_neuron:gen_fc1_neurons[41].u_neuron|acc[8]                                                         ; 1                 ; 6       ;
;      - fc1_folded_top:u_fc1|fc1_folded_neuron:gen_fc1_neurons[41].u_neuron|acc[3]                                                         ; 1                 ; 6       ;
;      - fc1_folded_top:u_fc1|fc1_folded_neuron:gen_fc1_neurons[41].u_neuron|acc[0]                                                         ; 1                 ; 6       ;
;      - fc1_folded_top:u_fc1|fc1_folded_neuron:gen_fc1_neurons[41].u_neuron|acc[1]                                                         ; 1                 ; 6       ;
;      - fc1_folded_top:u_fc1|fc1_folded_neuron:gen_fc1_neurons[41].u_neuron|acc[2]                                                         ; 1                 ; 6       ;
;      - fc1_folded_top:u_fc1|fc1_folded_neuron:gen_fc1_neurons[41].u_neuron|acc[4]                                                         ; 1                 ; 6       ;
;      - fc1_folded_top:u_fc1|fc1_folded_neuron:gen_fc1_neurons[41].u_neuron|acc[5]                                                         ; 1                 ; 6       ;
;      - fc1_folded_top:u_fc1|fc1_folded_neuron:gen_fc1_neurons[41].u_neuron|acc[6]                                                         ; 1                 ; 6       ;
;      - fc1_folded_top:u_fc1|fc1_folded_neuron:gen_fc1_neurons[41].u_neuron|acc[7]                                                         ; 1                 ; 6       ;
;      - fc1_folded_top:u_fc1|fc1_folded_neuron:gen_fc1_neurons[41].u_neuron|acc[9]                                                         ; 1                 ; 6       ;
;      - fc1_folded_top:u_fc1|fc1_folded_neuron:gen_fc1_neurons[41].u_neuron|acc[10]                                                        ; 1                 ; 6       ;
;      - fc1_folded_top:u_fc1|fc1_folded_neuron:gen_fc1_neurons[41].u_neuron|acc[11]                                                        ; 1                 ; 6       ;
;      - fc1_folded_top:u_fc1|fc1_folded_neuron:gen_fc1_neurons[37].u_neuron|acc[7]                                                         ; 1                 ; 6       ;
;      - fc2_top:u_fc2|t1_val[2][25]                                                                                                        ; 1                 ; 6       ;
;      - fc2_top:u_fc2|t2_val[1][24]                                                                                                        ; 1                 ; 6       ;
;      - fc2_top:u_fc2|t1_val[1][25]                                                                                                        ; 1                 ; 6       ;
;      - fc2_top:u_fc2|t1_val[0][25]                                                                                                        ; 1                 ; 6       ;
;      - fc2_top:u_fc2|t2_val[0][24]                                                                                                        ; 1                 ; 6       ;
;      - fc2_top:u_fc2|t3_val[0][23]                                                                                                        ; 1                 ; 6       ;
;      - fc1_folded_top:u_fc1|fc1_folded_neuron:gen_fc1_neurons[12].u_neuron|acc[8]                                                         ; 1                 ; 6       ;
;      - fc1_folded_top:u_fc1|fc1_folded_neuron:gen_fc1_neurons[12].u_neuron|acc[3]                                                         ; 1                 ; 6       ;
;      - fc1_folded_top:u_fc1|fc1_folded_neuron:gen_fc1_neurons[12].u_neuron|acc[1]                                                         ; 1                 ; 6       ;
;      - fc1_folded_top:u_fc1|fc1_folded_neuron:gen_fc1_neurons[12].u_neuron|acc[0]                                                         ; 1                 ; 6       ;
;      - fc1_folded_top:u_fc1|fc1_folded_neuron:gen_fc1_neurons[12].u_neuron|acc[2]                                                         ; 1                 ; 6       ;
;      - fc1_folded_top:u_fc1|fc1_folded_neuron:gen_fc1_neurons[12].u_neuron|acc[4]                                                         ; 1                 ; 6       ;
;      - fc1_folded_top:u_fc1|fc1_folded_neuron:gen_fc1_neurons[12].u_neuron|acc[5]                                                         ; 1                 ; 6       ;
;      - fc1_folded_top:u_fc1|fc1_folded_neuron:gen_fc1_neurons[12].u_neuron|acc[6]                                                         ; 1                 ; 6       ;
;      - fc1_folded_top:u_fc1|fc1_folded_neuron:gen_fc1_neurons[12].u_neuron|acc[7]                                                         ; 1                 ; 6       ;
;      - fc1_folded_top:u_fc1|fc1_folded_neuron:gen_fc1_neurons[12].u_neuron|acc[9]                                                         ; 1                 ; 6       ;
;      - fc1_folded_top:u_fc1|fc1_folded_neuron:gen_fc1_neurons[12].u_neuron|acc[10]                                                        ; 1                 ; 6       ;
;      - fc1_folded_top:u_fc1|fc1_folded_neuron:gen_fc1_neurons[12].u_neuron|acc[11]                                                        ; 1                 ; 6       ;
;      - fc1_folded_top:u_fc1|fc1_folded_neuron:gen_fc1_neurons[21].u_neuron|acc[8]                                                         ; 1                 ; 6       ;
;      - fc1_folded_top:u_fc1|fc1_folded_neuron:gen_fc1_neurons[21].u_neuron|acc[0]                                                         ; 1                 ; 6       ;
;      - fc1_folded_top:u_fc1|fc1_folded_neuron:gen_fc1_neurons[21].u_neuron|acc[1]                                                         ; 1                 ; 6       ;
;      - fc1_folded_top:u_fc1|fc1_folded_neuron:gen_fc1_neurons[21].u_neuron|acc[2]                                                         ; 1                 ; 6       ;
;      - fc1_folded_top:u_fc1|fc1_folded_neuron:gen_fc1_neurons[21].u_neuron|acc[3]                                                         ; 1                 ; 6       ;
;      - fc1_folded_top:u_fc1|fc1_folded_neuron:gen_fc1_neurons[21].u_neuron|acc[4]                                                         ; 1                 ; 6       ;
;      - fc1_folded_top:u_fc1|fc1_folded_neuron:gen_fc1_neurons[21].u_neuron|acc[5]                                                         ; 1                 ; 6       ;
;      - fc1_folded_top:u_fc1|fc1_folded_neuron:gen_fc1_neurons[21].u_neuron|acc[6]                                                         ; 1                 ; 6       ;
;      - fc1_folded_top:u_fc1|fc1_folded_neuron:gen_fc1_neurons[21].u_neuron|acc[7]                                                         ; 1                 ; 6       ;
;      - fc1_folded_top:u_fc1|fc1_folded_neuron:gen_fc1_neurons[21].u_neuron|acc[9]                                                         ; 1                 ; 6       ;
;      - fc1_folded_top:u_fc1|fc1_folded_neuron:gen_fc1_neurons[21].u_neuron|acc[10]                                                        ; 1                 ; 6       ;
;      - fc1_folded_top:u_fc1|fc1_folded_neuron:gen_fc1_neurons[21].u_neuron|acc[11]                                                        ; 1                 ; 6       ;
;      - fc1_folded_top:u_fc1|fc1_folded_neuron:gen_fc1_neurons[3].u_neuron|acc[7]                                                          ; 1                 ; 6       ;
;      - fc1_folded_top:u_fc1|fc1_folded_neuron:gen_fc1_neurons[3].u_neuron|acc[6]                                                          ; 1                 ; 6       ;
;      - fc1_folded_top:u_fc1|fc1_folded_neuron:gen_fc1_neurons[3].u_neuron|acc[5]                                                          ; 1                 ; 6       ;
;      - fc1_folded_top:u_fc1|fc1_folded_neuron:gen_fc1_neurons[3].u_neuron|acc[2]                                                          ; 1                 ; 6       ;
;      - fc1_folded_top:u_fc1|fc1_folded_neuron:gen_fc1_neurons[3].u_neuron|acc[0]                                                          ; 1                 ; 6       ;
;      - fc1_folded_top:u_fc1|fc1_folded_neuron:gen_fc1_neurons[3].u_neuron|acc[1]                                                          ; 1                 ; 6       ;
;      - fc1_folded_top:u_fc1|fc1_folded_neuron:gen_fc1_neurons[3].u_neuron|acc[3]                                                          ; 1                 ; 6       ;
;      - fc1_folded_top:u_fc1|fc1_folded_neuron:gen_fc1_neurons[3].u_neuron|acc[4]                                                          ; 1                 ; 6       ;
;      - fc1_folded_top:u_fc1|fc1_folded_neuron:gen_fc1_neurons[3].u_neuron|acc[8]                                                          ; 1                 ; 6       ;
;      - fc1_folded_top:u_fc1|fc1_folded_neuron:gen_fc1_neurons[3].u_neuron|acc[9]                                                          ; 1                 ; 6       ;
;      - fc1_folded_top:u_fc1|fc1_folded_neuron:gen_fc1_neurons[3].u_neuron|acc[10]                                                         ; 1                 ; 6       ;
;      - fc1_folded_top:u_fc1|fc1_folded_neuron:gen_fc1_neurons[3].u_neuron|acc[11]                                                         ; 1                 ; 6       ;
;      - fc1_folded_top:u_fc1|fc1_folded_neuron:gen_fc1_neurons[4].u_neuron|acc[7]                                                          ; 1                 ; 6       ;
;      - fc1_folded_top:u_fc1|fc1_folded_neuron:gen_fc1_neurons[4].u_neuron|acc[6]                                                          ; 1                 ; 6       ;
;      - fc1_folded_top:u_fc1|fc1_folded_neuron:gen_fc1_neurons[4].u_neuron|acc[5]                                                          ; 1                 ; 6       ;
;      - fc1_folded_top:u_fc1|fc1_folded_neuron:gen_fc1_neurons[4].u_neuron|acc[2]                                                          ; 1                 ; 6       ;
;      - fc1_folded_top:u_fc1|fc1_folded_neuron:gen_fc1_neurons[4].u_neuron|acc[0]                                                          ; 1                 ; 6       ;
;      - fc1_folded_top:u_fc1|fc1_folded_neuron:gen_fc1_neurons[4].u_neuron|acc[1]                                                          ; 1                 ; 6       ;
;      - fc1_folded_top:u_fc1|fc1_folded_neuron:gen_fc1_neurons[4].u_neuron|acc[3]                                                          ; 1                 ; 6       ;
;      - fc1_folded_top:u_fc1|fc1_folded_neuron:gen_fc1_neurons[4].u_neuron|acc[4]                                                          ; 1                 ; 6       ;
;      - fc1_folded_top:u_fc1|fc1_folded_neuron:gen_fc1_neurons[4].u_neuron|acc[8]                                                          ; 1                 ; 6       ;
;      - fc1_folded_top:u_fc1|fc1_folded_neuron:gen_fc1_neurons[4].u_neuron|acc[9]                                                          ; 1                 ; 6       ;
;      - fc1_folded_top:u_fc1|fc1_folded_neuron:gen_fc1_neurons[4].u_neuron|acc[10]                                                         ; 1                 ; 6       ;
;      - fc1_folded_top:u_fc1|fc1_folded_neuron:gen_fc1_neurons[4].u_neuron|acc[11]                                                         ; 1                 ; 6       ;
;      - fc1_folded_top:u_fc1|fc1_folded_neuron:gen_fc1_neurons[36].u_neuron|acc[7]                                                         ; 1                 ; 6       ;
;      - fc1_folded_top:u_fc1|fc1_folded_neuron:gen_fc1_neurons[36].u_neuron|acc[6]                                                         ; 1                 ; 6       ;
;      - fc1_folded_top:u_fc1|fc1_folded_neuron:gen_fc1_neurons[36].u_neuron|acc[2]                                                         ; 1                 ; 6       ;
;      - fc1_folded_top:u_fc1|fc1_folded_neuron:gen_fc1_neurons[36].u_neuron|acc[1]                                                         ; 1                 ; 6       ;
;      - fc1_folded_top:u_fc1|fc1_folded_neuron:gen_fc1_neurons[36].u_neuron|acc[0]                                                         ; 1                 ; 6       ;
;      - fc1_folded_top:u_fc1|fc1_folded_neuron:gen_fc1_neurons[36].u_neuron|acc[3]                                                         ; 1                 ; 6       ;
;      - fc1_folded_top:u_fc1|fc1_folded_neuron:gen_fc1_neurons[36].u_neuron|acc[4]                                                         ; 1                 ; 6       ;
;      - fc1_folded_top:u_fc1|fc1_folded_neuron:gen_fc1_neurons[36].u_neuron|acc[5]                                                         ; 1                 ; 6       ;
;      - fc1_folded_top:u_fc1|fc1_folded_neuron:gen_fc1_neurons[36].u_neuron|acc[8]                                                         ; 1                 ; 6       ;
;      - fc1_folded_top:u_fc1|fc1_folded_neuron:gen_fc1_neurons[36].u_neuron|acc[9]                                                         ; 1                 ; 6       ;
;      - fc1_folded_top:u_fc1|fc1_folded_neuron:gen_fc1_neurons[36].u_neuron|acc[10]                                                        ; 1                 ; 6       ;
;      - fc1_folded_top:u_fc1|fc1_folded_neuron:gen_fc1_neurons[36].u_neuron|acc[11]                                                        ; 1                 ; 6       ;
;      - fc2_top:u_fc2|t1_val[4][24]                                                                                                        ; 1                 ; 6       ;
;      - fc1_folded_top:u_fc1|fc1_folded_neuron:gen_fc1_neurons[29].u_neuron|acc[7]                                                         ; 1                 ; 6       ;
;      - fc1_folded_top:u_fc1|fc1_folded_neuron:gen_fc1_neurons[29].u_neuron|acc[6]                                                         ; 1                 ; 6       ;
;      - fc1_folded_top:u_fc1|fc1_folded_neuron:gen_fc1_neurons[29].u_neuron|acc[5]                                                         ; 1                 ; 6       ;
;      - fc1_folded_top:u_fc1|fc1_folded_neuron:gen_fc1_neurons[29].u_neuron|acc[1]                                                         ; 1                 ; 6       ;
;      - fc1_folded_top:u_fc1|fc1_folded_neuron:gen_fc1_neurons[29].u_neuron|acc[0]                                                         ; 1                 ; 6       ;
;      - fc1_folded_top:u_fc1|fc1_folded_neuron:gen_fc1_neurons[29].u_neuron|acc[2]                                                         ; 1                 ; 6       ;
;      - fc1_folded_top:u_fc1|fc1_folded_neuron:gen_fc1_neurons[29].u_neuron|acc[3]                                                         ; 1                 ; 6       ;
;      - fc1_folded_top:u_fc1|fc1_folded_neuron:gen_fc1_neurons[29].u_neuron|acc[4]                                                         ; 1                 ; 6       ;
;      - fc1_folded_top:u_fc1|fc1_folded_neuron:gen_fc1_neurons[29].u_neuron|acc[8]                                                         ; 1                 ; 6       ;
;      - fc1_folded_top:u_fc1|fc1_folded_neuron:gen_fc1_neurons[29].u_neuron|acc[9]                                                         ; 1                 ; 6       ;
;      - fc1_folded_top:u_fc1|fc1_folded_neuron:gen_fc1_neurons[29].u_neuron|acc[10]                                                        ; 1                 ; 6       ;
;      - fc1_folded_top:u_fc1|fc1_folded_neuron:gen_fc1_neurons[29].u_neuron|acc[11]                                                        ; 1                 ; 6       ;
;      - fc1_folded_top:u_fc1|fc1_folded_neuron:gen_fc1_neurons[42].u_neuron|acc[7]                                                         ; 1                 ; 6       ;
;      - fc1_folded_top:u_fc1|fc1_folded_neuron:gen_fc1_neurons[42].u_neuron|acc[6]                                                         ; 1                 ; 6       ;
;      - fc1_folded_top:u_fc1|fc1_folded_neuron:gen_fc1_neurons[42].u_neuron|acc[4]                                                         ; 1                 ; 6       ;
;      - fc1_folded_top:u_fc1|fc1_folded_neuron:gen_fc1_neurons[42].u_neuron|acc[3]                                                         ; 1                 ; 6       ;
;      - fc1_folded_top:u_fc1|fc1_folded_neuron:gen_fc1_neurons[42].u_neuron|acc[2]                                                         ; 1                 ; 6       ;
;      - fc1_folded_top:u_fc1|fc1_folded_neuron:gen_fc1_neurons[42].u_neuron|acc[0]                                                         ; 1                 ; 6       ;
;      - fc1_folded_top:u_fc1|fc1_folded_neuron:gen_fc1_neurons[42].u_neuron|acc[1]                                                         ; 1                 ; 6       ;
;      - fc1_folded_top:u_fc1|fc1_folded_neuron:gen_fc1_neurons[42].u_neuron|acc[5]                                                         ; 1                 ; 6       ;
;      - fc1_folded_top:u_fc1|fc1_folded_neuron:gen_fc1_neurons[42].u_neuron|acc[8]                                                         ; 1                 ; 6       ;
;      - fc1_folded_top:u_fc1|fc1_folded_neuron:gen_fc1_neurons[42].u_neuron|acc[9]                                                         ; 1                 ; 6       ;
;      - fc1_folded_top:u_fc1|fc1_folded_neuron:gen_fc1_neurons[42].u_neuron|acc[10]                                                        ; 1                 ; 6       ;
;      - fc1_folded_top:u_fc1|fc1_folded_neuron:gen_fc1_neurons[42].u_neuron|acc[11]                                                        ; 1                 ; 6       ;
;      - fc1_folded_top:u_fc1|fc1_folded_neuron:gen_fc1_neurons[24].u_neuron|acc[8]                                                         ; 1                 ; 6       ;
;      - fc1_folded_top:u_fc1|fc1_folded_neuron:gen_fc1_neurons[24].u_neuron|acc[4]                                                         ; 1                 ; 6       ;
;      - fc1_folded_top:u_fc1|fc1_folded_neuron:gen_fc1_neurons[24].u_neuron|acc[2]                                                         ; 1                 ; 6       ;
;      - fc1_folded_top:u_fc1|fc1_folded_neuron:gen_fc1_neurons[24].u_neuron|acc[0]                                                         ; 1                 ; 6       ;
;      - fc1_folded_top:u_fc1|fc1_folded_neuron:gen_fc1_neurons[24].u_neuron|acc[1]                                                         ; 1                 ; 6       ;
;      - fc1_folded_top:u_fc1|fc1_folded_neuron:gen_fc1_neurons[24].u_neuron|acc[3]                                                         ; 1                 ; 6       ;
;      - fc1_folded_top:u_fc1|fc1_folded_neuron:gen_fc1_neurons[24].u_neuron|acc[5]                                                         ; 1                 ; 6       ;
;      - fc1_folded_top:u_fc1|fc1_folded_neuron:gen_fc1_neurons[24].u_neuron|acc[6]                                                         ; 1                 ; 6       ;
;      - fc1_folded_top:u_fc1|fc1_folded_neuron:gen_fc1_neurons[24].u_neuron|acc[7]                                                         ; 1                 ; 6       ;
;      - fc1_folded_top:u_fc1|fc1_folded_neuron:gen_fc1_neurons[24].u_neuron|acc[9]                                                         ; 1                 ; 6       ;
;      - fc1_folded_top:u_fc1|fc1_folded_neuron:gen_fc1_neurons[24].u_neuron|acc[10]                                                        ; 1                 ; 6       ;
;      - fc1_folded_top:u_fc1|fc1_folded_neuron:gen_fc1_neurons[24].u_neuron|acc[11]                                                        ; 1                 ; 6       ;
;      - fc1_folded_top:u_fc1|fc1_folded_neuron:gen_fc1_neurons[20].u_neuron|acc[6]                                                         ; 1                 ; 6       ;
;      - fc2_top:u_fc2|t1_val[3][24]                                                                                                        ; 1                 ; 6       ;
;      - fc1_folded_top:u_fc1|fc1_folded_neuron:gen_fc1_neurons[31].u_neuron|acc[7]                                                         ; 1                 ; 6       ;
;      - fc1_folded_top:u_fc1|fc1_folded_neuron:gen_fc1_neurons[31].u_neuron|acc[6]                                                         ; 1                 ; 6       ;
;      - fc1_folded_top:u_fc1|fc1_folded_neuron:gen_fc1_neurons[31].u_neuron|acc[4]                                                         ; 1                 ; 6       ;
;      - fc1_folded_top:u_fc1|fc1_folded_neuron:gen_fc1_neurons[31].u_neuron|acc[2]                                                         ; 1                 ; 6       ;
;      - fc1_folded_top:u_fc1|fc1_folded_neuron:gen_fc1_neurons[31].u_neuron|acc[0]                                                         ; 1                 ; 6       ;
;      - fc1_folded_top:u_fc1|fc1_folded_neuron:gen_fc1_neurons[31].u_neuron|acc[1]                                                         ; 1                 ; 6       ;
;      - fc1_folded_top:u_fc1|fc1_folded_neuron:gen_fc1_neurons[31].u_neuron|acc[3]                                                         ; 1                 ; 6       ;
;      - fc1_folded_top:u_fc1|fc1_folded_neuron:gen_fc1_neurons[31].u_neuron|acc[5]                                                         ; 1                 ; 6       ;
;      - fc1_folded_top:u_fc1|fc1_folded_neuron:gen_fc1_neurons[31].u_neuron|acc[8]                                                         ; 1                 ; 6       ;
;      - fc1_folded_top:u_fc1|fc1_folded_neuron:gen_fc1_neurons[31].u_neuron|acc[9]                                                         ; 1                 ; 6       ;
;      - fc1_folded_top:u_fc1|fc1_folded_neuron:gen_fc1_neurons[31].u_neuron|acc[10]                                                        ; 1                 ; 6       ;
;      - fc1_folded_top:u_fc1|fc1_folded_neuron:gen_fc1_neurons[31].u_neuron|acc[11]                                                        ; 1                 ; 6       ;
;      - fc1_folded_top:u_fc1|fc1_folded_neuron:gen_fc1_neurons[9].u_neuron|acc[7]                                                          ; 1                 ; 6       ;
;      - fc1_folded_top:u_fc1|fc1_folded_neuron:gen_fc1_neurons[9].u_neuron|acc[6]                                                          ; 1                 ; 6       ;
;      - fc1_folded_top:u_fc1|fc1_folded_neuron:gen_fc1_neurons[9].u_neuron|acc[5]                                                          ; 1                 ; 6       ;
;      - fc1_folded_top:u_fc1|fc1_folded_neuron:gen_fc1_neurons[9].u_neuron|acc[4]                                                          ; 1                 ; 6       ;
;      - fc1_folded_top:u_fc1|fc1_folded_neuron:gen_fc1_neurons[9].u_neuron|acc[3]                                                          ; 1                 ; 6       ;
;      - fc1_folded_top:u_fc1|fc1_folded_neuron:gen_fc1_neurons[9].u_neuron|acc[0]                                                          ; 1                 ; 6       ;
;      - fc1_folded_top:u_fc1|fc1_folded_neuron:gen_fc1_neurons[9].u_neuron|acc[1]                                                          ; 1                 ; 6       ;
;      - fc1_folded_top:u_fc1|fc1_folded_neuron:gen_fc1_neurons[9].u_neuron|acc[2]                                                          ; 1                 ; 6       ;
;      - fc1_folded_top:u_fc1|fc1_folded_neuron:gen_fc1_neurons[9].u_neuron|acc[8]                                                          ; 1                 ; 6       ;
;      - fc1_folded_top:u_fc1|fc1_folded_neuron:gen_fc1_neurons[9].u_neuron|acc[9]                                                          ; 1                 ; 6       ;
;      - fc1_folded_top:u_fc1|fc1_folded_neuron:gen_fc1_neurons[9].u_neuron|acc[10]                                                         ; 1                 ; 6       ;
;      - fc1_folded_top:u_fc1|fc1_folded_neuron:gen_fc1_neurons[9].u_neuron|acc[11]                                                         ; 1                 ; 6       ;
;      - fc1_folded_top:u_fc1|fc1_folded_neuron:gen_fc1_neurons[0].u_neuron|acc[7]                                                          ; 1                 ; 6       ;
;      - fc1_folded_top:u_fc1|fc1_folded_neuron:gen_fc1_neurons[0].u_neuron|acc[6]                                                          ; 1                 ; 6       ;
;      - fc1_folded_top:u_fc1|fc1_folded_neuron:gen_fc1_neurons[0].u_neuron|acc[4]                                                          ; 1                 ; 6       ;
;      - fc1_folded_top:u_fc1|fc1_folded_neuron:gen_fc1_neurons[0].u_neuron|acc[3]                                                          ; 1                 ; 6       ;
;      - fc1_folded_top:u_fc1|fc1_folded_neuron:gen_fc1_neurons[0].u_neuron|acc[1]                                                          ; 1                 ; 6       ;
;      - fc1_folded_top:u_fc1|fc1_folded_neuron:gen_fc1_neurons[0].u_neuron|acc[0]                                                          ; 1                 ; 6       ;
;      - fc1_folded_top:u_fc1|fc1_folded_neuron:gen_fc1_neurons[0].u_neuron|acc[2]                                                          ; 1                 ; 6       ;
;      - fc1_folded_top:u_fc1|fc1_folded_neuron:gen_fc1_neurons[0].u_neuron|acc[5]                                                          ; 1                 ; 6       ;
;      - fc1_folded_top:u_fc1|fc1_folded_neuron:gen_fc1_neurons[0].u_neuron|acc[8]                                                          ; 1                 ; 6       ;
;      - fc1_folded_top:u_fc1|fc1_folded_neuron:gen_fc1_neurons[0].u_neuron|acc[9]                                                          ; 1                 ; 6       ;
;      - fc1_folded_top:u_fc1|fc1_folded_neuron:gen_fc1_neurons[0].u_neuron|acc[10]                                                         ; 1                 ; 6       ;
;      - fc1_folded_top:u_fc1|fc1_folded_neuron:gen_fc1_neurons[0].u_neuron|acc[11]                                                         ; 1                 ; 6       ;
;      - fc1_folded_top:u_fc1|fc1_folded_neuron:gen_fc1_neurons[1].u_neuron|acc[7]                                                          ; 1                 ; 6       ;
;      - fc1_folded_top:u_fc1|fc1_folded_neuron:gen_fc1_neurons[1].u_neuron|acc[4]                                                          ; 1                 ; 6       ;
;      - fc1_folded_top:u_fc1|fc1_folded_neuron:gen_fc1_neurons[1].u_neuron|acc[2]                                                          ; 1                 ; 6       ;
;      - fc1_folded_top:u_fc1|fc1_folded_neuron:gen_fc1_neurons[1].u_neuron|acc[0]                                                          ; 1                 ; 6       ;
;      - fc1_folded_top:u_fc1|fc1_folded_neuron:gen_fc1_neurons[1].u_neuron|acc[1]                                                          ; 1                 ; 6       ;
;      - fc1_folded_top:u_fc1|fc1_folded_neuron:gen_fc1_neurons[1].u_neuron|acc[3]                                                          ; 1                 ; 6       ;
;      - fc1_folded_top:u_fc1|fc1_folded_neuron:gen_fc1_neurons[1].u_neuron|acc[5]                                                          ; 1                 ; 6       ;
;      - fc1_folded_top:u_fc1|fc1_folded_neuron:gen_fc1_neurons[1].u_neuron|acc[6]                                                          ; 1                 ; 6       ;
;      - fc1_folded_top:u_fc1|fc1_folded_neuron:gen_fc1_neurons[1].u_neuron|acc[8]                                                          ; 1                 ; 6       ;
;      - fc1_folded_top:u_fc1|fc1_folded_neuron:gen_fc1_neurons[1].u_neuron|acc[9]                                                          ; 1                 ; 6       ;
;      - fc1_folded_top:u_fc1|fc1_folded_neuron:gen_fc1_neurons[1].u_neuron|acc[10]                                                         ; 1                 ; 6       ;
;      - fc1_folded_top:u_fc1|fc1_folded_neuron:gen_fc1_neurons[1].u_neuron|acc[11]                                                         ; 1                 ; 6       ;
;      - fc1_folded_top:u_fc1|fc1_folded_neuron:gen_fc1_neurons[37].u_neuron|acc[6]                                                         ; 1                 ; 6       ;
;      - fc2_top:u_fc2|t1_val[2][24]                                                                                                        ; 1                 ; 6       ;
;      - fc2_top:u_fc2|t2_val[1][23]                                                                                                        ; 1                 ; 6       ;
;      - fc1_folded_top:u_fc1|fc1_folded_neuron:gen_fc1_neurons[8].u_neuron|acc[8]                                                          ; 1                 ; 6       ;
;      - fc1_folded_top:u_fc1|fc1_folded_neuron:gen_fc1_neurons[8].u_neuron|acc[4]                                                          ; 1                 ; 6       ;
;      - fc1_folded_top:u_fc1|fc1_folded_neuron:gen_fc1_neurons[8].u_neuron|acc[2]                                                          ; 1                 ; 6       ;
;      - fc1_folded_top:u_fc1|fc1_folded_neuron:gen_fc1_neurons[8].u_neuron|acc[0]                                                          ; 1                 ; 6       ;
;      - fc1_folded_top:u_fc1|fc1_folded_neuron:gen_fc1_neurons[8].u_neuron|acc[1]                                                          ; 1                 ; 6       ;
;      - fc1_folded_top:u_fc1|fc1_folded_neuron:gen_fc1_neurons[8].u_neuron|acc[3]                                                          ; 1                 ; 6       ;
;      - fc1_folded_top:u_fc1|fc1_folded_neuron:gen_fc1_neurons[8].u_neuron|acc[5]                                                          ; 1                 ; 6       ;
;      - fc1_folded_top:u_fc1|fc1_folded_neuron:gen_fc1_neurons[8].u_neuron|acc[6]                                                          ; 1                 ; 6       ;
;      - fc1_folded_top:u_fc1|fc1_folded_neuron:gen_fc1_neurons[8].u_neuron|acc[7]                                                          ; 1                 ; 6       ;
;      - fc1_folded_top:u_fc1|fc1_folded_neuron:gen_fc1_neurons[8].u_neuron|acc[9]                                                          ; 1                 ; 6       ;
;      - fc1_folded_top:u_fc1|fc1_folded_neuron:gen_fc1_neurons[8].u_neuron|acc[10]                                                         ; 1                 ; 6       ;
;      - fc1_folded_top:u_fc1|fc1_folded_neuron:gen_fc1_neurons[8].u_neuron|acc[11]                                                         ; 1                 ; 6       ;
;      - fc1_folded_top:u_fc1|fc1_folded_neuron:gen_fc1_neurons[6].u_neuron|acc[7]                                                          ; 1                 ; 6       ;
;      - fc1_folded_top:u_fc1|fc1_folded_neuron:gen_fc1_neurons[6].u_neuron|acc[6]                                                          ; 1                 ; 6       ;
;      - fc1_folded_top:u_fc1|fc1_folded_neuron:gen_fc1_neurons[6].u_neuron|acc[1]                                                          ; 1                 ; 6       ;
;      - fc1_folded_top:u_fc1|fc1_folded_neuron:gen_fc1_neurons[6].u_neuron|acc[0]                                                          ; 1                 ; 6       ;
;      - fc1_folded_top:u_fc1|fc1_folded_neuron:gen_fc1_neurons[6].u_neuron|acc[2]                                                          ; 1                 ; 6       ;
;      - fc1_folded_top:u_fc1|fc1_folded_neuron:gen_fc1_neurons[6].u_neuron|acc[3]                                                          ; 1                 ; 6       ;
;      - fc1_folded_top:u_fc1|fc1_folded_neuron:gen_fc1_neurons[6].u_neuron|acc[4]                                                          ; 1                 ; 6       ;
;      - fc1_folded_top:u_fc1|fc1_folded_neuron:gen_fc1_neurons[6].u_neuron|acc[5]                                                          ; 1                 ; 6       ;
;      - fc1_folded_top:u_fc1|fc1_folded_neuron:gen_fc1_neurons[6].u_neuron|acc[8]                                                          ; 1                 ; 6       ;
;      - fc1_folded_top:u_fc1|fc1_folded_neuron:gen_fc1_neurons[6].u_neuron|acc[9]                                                          ; 1                 ; 6       ;
;      - fc1_folded_top:u_fc1|fc1_folded_neuron:gen_fc1_neurons[6].u_neuron|acc[10]                                                         ; 1                 ; 6       ;
;      - fc1_folded_top:u_fc1|fc1_folded_neuron:gen_fc1_neurons[6].u_neuron|acc[11]                                                         ; 1                 ; 6       ;
;      - fc1_folded_top:u_fc1|fc1_folded_neuron:gen_fc1_neurons[13].u_neuron|acc[8]                                                         ; 1                 ; 6       ;
;      - fc1_folded_top:u_fc1|fc1_folded_neuron:gen_fc1_neurons[13].u_neuron|acc[4]                                                         ; 1                 ; 6       ;
;      - fc1_folded_top:u_fc1|fc1_folded_neuron:gen_fc1_neurons[13].u_neuron|acc[3]                                                         ; 1                 ; 6       ;
;      - fc1_folded_top:u_fc1|fc1_folded_neuron:gen_fc1_neurons[13].u_neuron|acc[1]                                                         ; 1                 ; 6       ;
;      - fc1_folded_top:u_fc1|fc1_folded_neuron:gen_fc1_neurons[13].u_neuron|acc[0]                                                         ; 1                 ; 6       ;
;      - fc1_folded_top:u_fc1|fc1_folded_neuron:gen_fc1_neurons[13].u_neuron|acc[2]                                                         ; 1                 ; 6       ;
;      - fc1_folded_top:u_fc1|fc1_folded_neuron:gen_fc1_neurons[13].u_neuron|acc[5]                                                         ; 1                 ; 6       ;
;      - fc1_folded_top:u_fc1|fc1_folded_neuron:gen_fc1_neurons[13].u_neuron|acc[6]                                                         ; 1                 ; 6       ;
;      - fc1_folded_top:u_fc1|fc1_folded_neuron:gen_fc1_neurons[13].u_neuron|acc[7]                                                         ; 1                 ; 6       ;
;      - fc1_folded_top:u_fc1|fc1_folded_neuron:gen_fc1_neurons[13].u_neuron|acc[9]                                                         ; 1                 ; 6       ;
;      - fc1_folded_top:u_fc1|fc1_folded_neuron:gen_fc1_neurons[13].u_neuron|acc[10]                                                        ; 1                 ; 6       ;
;      - fc1_folded_top:u_fc1|fc1_folded_neuron:gen_fc1_neurons[13].u_neuron|acc[11]                                                        ; 1                 ; 6       ;
;      - fc2_top:u_fc2|t1_val[1][24]                                                                                                        ; 1                 ; 6       ;
;      - fc1_folded_top:u_fc1|fc1_folded_neuron:gen_fc1_neurons[43].u_neuron|acc[8]                                                         ; 1                 ; 6       ;
;      - fc1_folded_top:u_fc1|fc1_folded_neuron:gen_fc1_neurons[43].u_neuron|acc[5]                                                         ; 1                 ; 6       ;
;      - fc1_folded_top:u_fc1|fc1_folded_neuron:gen_fc1_neurons[43].u_neuron|acc[1]                                                         ; 1                 ; 6       ;
;      - fc1_folded_top:u_fc1|fc1_folded_neuron:gen_fc1_neurons[43].u_neuron|acc[0]                                                         ; 1                 ; 6       ;
;      - fc1_folded_top:u_fc1|fc1_folded_neuron:gen_fc1_neurons[43].u_neuron|acc[2]                                                         ; 1                 ; 6       ;
;      - fc1_folded_top:u_fc1|fc1_folded_neuron:gen_fc1_neurons[43].u_neuron|acc[3]                                                         ; 1                 ; 6       ;
;      - fc1_folded_top:u_fc1|fc1_folded_neuron:gen_fc1_neurons[43].u_neuron|acc[4]                                                         ; 1                 ; 6       ;
;      - fc1_folded_top:u_fc1|fc1_folded_neuron:gen_fc1_neurons[43].u_neuron|acc[6]                                                         ; 1                 ; 6       ;
;      - fc1_folded_top:u_fc1|fc1_folded_neuron:gen_fc1_neurons[43].u_neuron|acc[7]                                                         ; 1                 ; 6       ;
;      - fc1_folded_top:u_fc1|fc1_folded_neuron:gen_fc1_neurons[43].u_neuron|acc[9]                                                         ; 1                 ; 6       ;
;      - fc1_folded_top:u_fc1|fc1_folded_neuron:gen_fc1_neurons[43].u_neuron|acc[10]                                                        ; 1                 ; 6       ;
;      - fc1_folded_top:u_fc1|fc1_folded_neuron:gen_fc1_neurons[43].u_neuron|acc[11]                                                        ; 1                 ; 6       ;
;      - fc1_folded_top:u_fc1|fc1_folded_neuron:gen_fc1_neurons[28].u_neuron|acc[7]                                                         ; 1                 ; 6       ;
;      - fc1_folded_top:u_fc1|fc1_folded_neuron:gen_fc1_neurons[28].u_neuron|acc[6]                                                         ; 1                 ; 6       ;
;      - fc1_folded_top:u_fc1|fc1_folded_neuron:gen_fc1_neurons[28].u_neuron|acc[5]                                                         ; 1                 ; 6       ;
;      - fc1_folded_top:u_fc1|fc1_folded_neuron:gen_fc1_neurons[28].u_neuron|acc[2]                                                         ; 1                 ; 6       ;
;      - fc1_folded_top:u_fc1|fc1_folded_neuron:gen_fc1_neurons[28].u_neuron|acc[0]                                                         ; 1                 ; 6       ;
;      - fc1_folded_top:u_fc1|fc1_folded_neuron:gen_fc1_neurons[28].u_neuron|acc[1]                                                         ; 1                 ; 6       ;
;      - fc1_folded_top:u_fc1|fc1_folded_neuron:gen_fc1_neurons[28].u_neuron|acc[3]                                                         ; 1                 ; 6       ;
;      - fc1_folded_top:u_fc1|fc1_folded_neuron:gen_fc1_neurons[28].u_neuron|acc[4]                                                         ; 1                 ; 6       ;
;      - fc1_folded_top:u_fc1|fc1_folded_neuron:gen_fc1_neurons[28].u_neuron|acc[8]                                                         ; 1                 ; 6       ;
;      - fc1_folded_top:u_fc1|fc1_folded_neuron:gen_fc1_neurons[28].u_neuron|acc[9]                                                         ; 1                 ; 6       ;
;      - fc1_folded_top:u_fc1|fc1_folded_neuron:gen_fc1_neurons[28].u_neuron|acc[10]                                                        ; 1                 ; 6       ;
;      - fc1_folded_top:u_fc1|fc1_folded_neuron:gen_fc1_neurons[28].u_neuron|acc[11]                                                        ; 1                 ; 6       ;
;      - fc1_folded_top:u_fc1|fc1_folded_neuron:gen_fc1_neurons[18].u_neuron|acc[8]                                                         ; 1                 ; 6       ;
;      - fc1_folded_top:u_fc1|fc1_folded_neuron:gen_fc1_neurons[18].u_neuron|acc[3]                                                         ; 1                 ; 6       ;
;      - fc1_folded_top:u_fc1|fc1_folded_neuron:gen_fc1_neurons[18].u_neuron|acc[1]                                                         ; 1                 ; 6       ;
;      - fc1_folded_top:u_fc1|fc1_folded_neuron:gen_fc1_neurons[18].u_neuron|acc[0]                                                         ; 1                 ; 6       ;
;      - fc1_folded_top:u_fc1|fc1_folded_neuron:gen_fc1_neurons[18].u_neuron|acc[2]                                                         ; 1                 ; 6       ;
;      - fc1_folded_top:u_fc1|fc1_folded_neuron:gen_fc1_neurons[18].u_neuron|acc[4]                                                         ; 1                 ; 6       ;
;      - fc1_folded_top:u_fc1|fc1_folded_neuron:gen_fc1_neurons[18].u_neuron|acc[5]                                                         ; 1                 ; 6       ;
;      - fc1_folded_top:u_fc1|fc1_folded_neuron:gen_fc1_neurons[18].u_neuron|acc[6]                                                         ; 1                 ; 6       ;
;      - fc1_folded_top:u_fc1|fc1_folded_neuron:gen_fc1_neurons[18].u_neuron|acc[7]                                                         ; 1                 ; 6       ;
;      - fc1_folded_top:u_fc1|fc1_folded_neuron:gen_fc1_neurons[18].u_neuron|acc[9]                                                         ; 1                 ; 6       ;
;      - fc1_folded_top:u_fc1|fc1_folded_neuron:gen_fc1_neurons[18].u_neuron|acc[10]                                                        ; 1                 ; 6       ;
;      - fc1_folded_top:u_fc1|fc1_folded_neuron:gen_fc1_neurons[18].u_neuron|acc[11]                                                        ; 1                 ; 6       ;
;      - fc2_top:u_fc2|t1_val[0][24]                                                                                                        ; 1                 ; 6       ;
;      - fc2_top:u_fc2|t2_val[0][23]                                                                                                        ; 1                 ; 6       ;
;      - fc2_top:u_fc2|t3_val[0][22]                                                                                                        ; 1                 ; 6       ;
;      - fc2_top:u_fc2|t1_val[4][23]                                                                                                        ; 1                 ; 6       ;
;      - fc1_folded_top:u_fc1|fc1_folded_neuron:gen_fc1_neurons[20].u_neuron|acc[5]                                                         ; 1                 ; 6       ;
;      - fc2_top:u_fc2|t1_val[3][23]                                                                                                        ; 1                 ; 6       ;
;      - fc1_folded_top:u_fc1|fc1_folded_neuron:gen_fc1_neurons[37].u_neuron|acc[5]                                                         ; 1                 ; 6       ;
;      - fc2_top:u_fc2|t1_val[2][23]                                                                                                        ; 1                 ; 6       ;
;      - fc2_top:u_fc2|t2_val[1][22]                                                                                                        ; 1                 ; 6       ;
;      - fc1_folded_top:u_fc1|fc1_folded_neuron:gen_fc1_neurons[38].u_neuron|acc[7]                                                         ; 1                 ; 6       ;
;      - fc1_folded_top:u_fc1|fc1_folded_neuron:gen_fc1_neurons[38].u_neuron|acc[6]                                                         ; 1                 ; 6       ;
;      - fc1_folded_top:u_fc1|fc1_folded_neuron:gen_fc1_neurons[38].u_neuron|acc[4]                                                         ; 1                 ; 6       ;
;      - fc1_folded_top:u_fc1|fc1_folded_neuron:gen_fc1_neurons[38].u_neuron|acc[3]                                                         ; 1                 ; 6       ;
;      - fc1_folded_top:u_fc1|fc1_folded_neuron:gen_fc1_neurons[38].u_neuron|acc[0]                                                         ; 1                 ; 6       ;
;      - fc1_folded_top:u_fc1|fc1_folded_neuron:gen_fc1_neurons[38].u_neuron|acc[1]                                                         ; 1                 ; 6       ;
;      - fc1_folded_top:u_fc1|fc1_folded_neuron:gen_fc1_neurons[38].u_neuron|acc[2]                                                         ; 1                 ; 6       ;
;      - fc1_folded_top:u_fc1|fc1_folded_neuron:gen_fc1_neurons[38].u_neuron|acc[5]                                                         ; 1                 ; 6       ;
;      - fc1_folded_top:u_fc1|fc1_folded_neuron:gen_fc1_neurons[38].u_neuron|acc[8]                                                         ; 1                 ; 6       ;
;      - fc1_folded_top:u_fc1|fc1_folded_neuron:gen_fc1_neurons[38].u_neuron|acc[9]                                                         ; 1                 ; 6       ;
;      - fc1_folded_top:u_fc1|fc1_folded_neuron:gen_fc1_neurons[38].u_neuron|acc[10]                                                        ; 1                 ; 6       ;
;      - fc1_folded_top:u_fc1|fc1_folded_neuron:gen_fc1_neurons[38].u_neuron|acc[11]                                                        ; 1                 ; 6       ;
;      - fc2_top:u_fc2|t1_val[1][23]                                                                                                        ; 1                 ; 6       ;
;      - fc2_top:u_fc2|t1_val[0][23]                                                                                                        ; 1                 ; 6       ;
;      - fc2_top:u_fc2|t2_val[0][22]                                                                                                        ; 1                 ; 6       ;
;      - fc2_top:u_fc2|t3_val[0][21]                                                                                                        ; 1                 ; 6       ;
;      - fc2_top:u_fc2|t1_val[4][22]                                                                                                        ; 1                 ; 6       ;
;      - fc1_folded_top:u_fc1|fc1_folded_neuron:gen_fc1_neurons[20].u_neuron|acc[4]                                                         ; 1                 ; 6       ;
;      - fc2_top:u_fc2|t1_val[3][22]                                                                                                        ; 1                 ; 6       ;
;      - fc1_folded_top:u_fc1|fc1_folded_neuron:gen_fc1_neurons[37].u_neuron|acc[4]                                                         ; 1                 ; 6       ;
;      - fc2_top:u_fc2|t1_val[2][22]                                                                                                        ; 1                 ; 6       ;
;      - fc2_top:u_fc2|t2_val[1][21]                                                                                                        ; 1                 ; 6       ;
;      - fc2_top:u_fc2|t1_val[1][22]                                                                                                        ; 1                 ; 6       ;
;      - fc2_top:u_fc2|t1_val[0][22]                                                                                                        ; 1                 ; 6       ;
;      - fc2_top:u_fc2|t2_val[0][21]                                                                                                        ; 1                 ; 6       ;
;      - fc2_top:u_fc2|t3_val[0][20]                                                                                                        ; 1                 ; 6       ;
;      - pw_top:u_pw|pw_pe:gen_pw_neurons[8].u_pe|sum_pw_r[2]                                                                               ; 1                 ; 6       ;
;      - pw_top:u_pw|pw_pe:gen_pw_neurons[8].u_pe|sum_pw_r[0]                                                                               ; 1                 ; 6       ;
;      - pw_top:u_pw|pw_pe:gen_pw_neurons[8].u_pe|sum_pw_r[1]                                                                               ; 1                 ; 6       ;
;      - pw_top:u_pw|pw_pe:gen_pw_neurons[8].u_pe|sum_pw_r[3]                                                                               ; 1                 ; 6       ;
;      - fc2_top:u_fc2|t1_val[4][21]                                                                                                        ; 1                 ; 6       ;
;      - fc1_folded_top:u_fc1|fc1_folded_neuron:gen_fc1_neurons[20].u_neuron|acc[3]                                                         ; 1                 ; 6       ;
;      - fc2_top:u_fc2|t1_val[3][21]                                                                                                        ; 1                 ; 6       ;
;      - fc1_folded_top:u_fc1|fc1_folded_neuron:gen_fc1_neurons[37].u_neuron|acc[3]                                                         ; 1                 ; 6       ;
;      - fc2_top:u_fc2|t1_val[2][21]                                                                                                        ; 1                 ; 6       ;
;      - fc2_top:u_fc2|t2_val[1][20]                                                                                                        ; 1                 ; 6       ;
;      - fc2_top:u_fc2|t1_val[1][21]                                                                                                        ; 1                 ; 6       ;
;      - fc2_top:u_fc2|t1_val[0][21]                                                                                                        ; 1                 ; 6       ;
;      - fc2_top:u_fc2|t2_val[0][20]                                                                                                        ; 1                 ; 6       ;
;      - fc2_top:u_fc2|t3_val[0][19]                                                                                                        ; 1                 ; 6       ;
;      - fc2_top:u_fc2|t1_val[4][20]                                                                                                        ; 1                 ; 6       ;
;      - fc1_folded_top:u_fc1|fc1_folded_neuron:gen_fc1_neurons[20].u_neuron|acc[2]                                                         ; 1                 ; 6       ;
;      - fc2_top:u_fc2|t1_val[3][20]                                                                                                        ; 1                 ; 6       ;
;      - fc1_folded_top:u_fc1|fc1_folded_neuron:gen_fc1_neurons[37].u_neuron|acc[2]                                                         ; 1                 ; 6       ;
;      - fc2_top:u_fc2|t1_val[2][20]                                                                                                        ; 1                 ; 6       ;
;      - fc2_top:u_fc2|t2_val[1][19]                                                                                                        ; 1                 ; 6       ;
;      - fc2_top:u_fc2|t1_val[1][20]                                                                                                        ; 1                 ; 6       ;
;      - fc2_top:u_fc2|t1_val[0][20]                                                                                                        ; 1                 ; 6       ;
;      - fc2_top:u_fc2|t2_val[0][19]                                                                                                        ; 1                 ; 6       ;
;      - fc2_top:u_fc2|t3_val[0][18]                                                                                                        ; 1                 ; 6       ;
;      - fc2_top:u_fc2|t1_val[4][19]                                                                                                        ; 1                 ; 6       ;
;      - fc1_folded_top:u_fc1|fc1_folded_neuron:gen_fc1_neurons[20].u_neuron|acc[1]                                                         ; 1                 ; 6       ;
;      - fc1_folded_top:u_fc1|fc1_folded_neuron:gen_fc1_neurons[20].u_neuron|acc[0]                                                         ; 1                 ; 6       ;
;      - fc2_top:u_fc2|t1_val[3][19]                                                                                                        ; 1                 ; 6       ;
;      - fc1_folded_top:u_fc1|fc1_folded_neuron:gen_fc1_neurons[37].u_neuron|acc[1]                                                         ; 1                 ; 6       ;
;      - fc2_top:u_fc2|t1_val[2][19]                                                                                                        ; 1                 ; 6       ;
;      - fc2_top:u_fc2|t2_val[1][18]                                                                                                        ; 1                 ; 6       ;
;      - fc2_top:u_fc2|t1_val[1][19]                                                                                                        ; 1                 ; 6       ;
;      - fc2_top:u_fc2|t1_val[0][19]                                                                                                        ; 1                 ; 6       ;
;      - fc2_top:u_fc2|t2_val[0][18]                                                                                                        ; 1                 ; 6       ;
;      - fc2_top:u_fc2|t3_val[0][17]                                                                                                        ; 1                 ; 6       ;
;      - fc2_top:u_fc2|t1_val[4][18]                                                                                                        ; 1                 ; 6       ;
;      - fc2_top:u_fc2|t1_val[3][18]                                                                                                        ; 1                 ; 6       ;
;      - fc1_folded_top:u_fc1|fc1_folded_neuron:gen_fc1_neurons[37].u_neuron|acc[0]                                                         ; 1                 ; 6       ;
;      - fc2_top:u_fc2|t1_val[2][18]                                                                                                        ; 1                 ; 6       ;
;      - fc2_top:u_fc2|t2_val[1][17]                                                                                                        ; 1                 ; 6       ;
;      - fc2_top:u_fc2|t1_val[1][18]                                                                                                        ; 1                 ; 6       ;
;      - fc2_top:u_fc2|t1_val[0][18]                                                                                                        ; 1                 ; 6       ;
;      - fc2_top:u_fc2|t2_val[0][17]                                                                                                        ; 1                 ; 6       ;
;      - fc2_top:u_fc2|t3_val[0][16]                                                                                                        ; 1                 ; 6       ;
;      - fc2_top:u_fc2|t1_val[4][17]                                                                                                        ; 1                 ; 6       ;
;      - fc2_top:u_fc2|t1_val[3][17]                                                                                                        ; 1                 ; 6       ;
;      - fc2_top:u_fc2|t1_val[2][17]                                                                                                        ; 1                 ; 6       ;
;      - fc2_top:u_fc2|t2_val[1][16]                                                                                                        ; 1                 ; 6       ;
;      - fc2_top:u_fc2|t1_val[1][17]                                                                                                        ; 1                 ; 6       ;
;      - fc2_top:u_fc2|t1_val[0][17]                                                                                                        ; 1                 ; 6       ;
;      - fc2_top:u_fc2|t2_val[0][16]                                                                                                        ; 1                 ; 6       ;
;      - fc2_top:u_fc2|t3_val[0][15]                                                                                                        ; 1                 ; 6       ;
;      - fc2_top:u_fc2|t1_val[4][16]                                                                                                        ; 1                 ; 6       ;
;      - fc2_top:u_fc2|t1_val[3][16]                                                                                                        ; 1                 ; 6       ;
;      - fc2_top:u_fc2|t1_val[2][16]                                                                                                        ; 1                 ; 6       ;
;      - fc2_top:u_fc2|t2_val[1][15]                                                                                                        ; 1                 ; 6       ;
;      - fc2_top:u_fc2|t1_val[1][16]                                                                                                        ; 1                 ; 6       ;
;      - fc2_top:u_fc2|t1_val[0][16]                                                                                                        ; 1                 ; 6       ;
;      - fc2_top:u_fc2|t2_val[0][15]                                                                                                        ; 1                 ; 6       ;
;      - fc2_top:u_fc2|t3_val[0][14]                                                                                                        ; 1                 ; 6       ;
;      - fc2_top:u_fc2|t1_val[4][15]                                                                                                        ; 1                 ; 6       ;
;      - fc2_top:u_fc2|t1_val[3][15]                                                                                                        ; 1                 ; 6       ;
;      - fc2_top:u_fc2|t1_val[2][15]                                                                                                        ; 1                 ; 6       ;
;      - fc2_top:u_fc2|t2_val[1][14]                                                                                                        ; 1                 ; 6       ;
;      - fc2_top:u_fc2|t1_val[1][15]                                                                                                        ; 1                 ; 6       ;
;      - fc2_top:u_fc2|t1_val[0][15]                                                                                                        ; 1                 ; 6       ;
;      - fc2_top:u_fc2|t2_val[0][14]                                                                                                        ; 1                 ; 6       ;
;      - fc2_top:u_fc2|t3_val[0][13]                                                                                                        ; 1                 ; 6       ;
;      - fc2_top:u_fc2|t1_val[4][14]                                                                                                        ; 1                 ; 6       ;
;      - fc2_top:u_fc2|t1_val[3][14]                                                                                                        ; 1                 ; 6       ;
;      - fc2_top:u_fc2|t1_val[2][14]                                                                                                        ; 1                 ; 6       ;
;      - fc2_top:u_fc2|t2_val[1][13]                                                                                                        ; 1                 ; 6       ;
;      - fc2_top:u_fc2|t1_val[1][14]                                                                                                        ; 1                 ; 6       ;
;      - fc2_top:u_fc2|t1_val[0][14]                                                                                                        ; 1                 ; 6       ;
;      - fc2_top:u_fc2|t2_val[0][13]                                                                                                        ; 1                 ; 6       ;
;      - fc2_top:u_fc2|t3_val[0][12]                                                                                                        ; 1                 ; 6       ;
;      - fc2_top:u_fc2|t1_val[4][13]                                                                                                        ; 1                 ; 6       ;
;      - fc2_top:u_fc2|t1_val[3][13]                                                                                                        ; 1                 ; 6       ;
;      - fc2_top:u_fc2|t1_val[2][13]                                                                                                        ; 1                 ; 6       ;
;      - fc2_top:u_fc2|t2_val[1][12]                                                                                                        ; 1                 ; 6       ;
;      - fc2_top:u_fc2|t1_val[1][13]                                                                                                        ; 1                 ; 6       ;
;      - fc2_top:u_fc2|t1_val[0][13]                                                                                                        ; 1                 ; 6       ;
;      - fc2_top:u_fc2|t2_val[0][12]                                                                                                        ; 1                 ; 6       ;
;      - fc2_top:u_fc2|t3_val[0][11]                                                                                                        ; 1                 ; 6       ;
;      - fc2_top:u_fc2|t1_val[4][12]                                                                                                        ; 1                 ; 6       ;
;      - fc2_top:u_fc2|t1_val[3][12]                                                                                                        ; 1                 ; 6       ;
;      - fc2_top:u_fc2|t1_val[2][12]                                                                                                        ; 1                 ; 6       ;
;      - fc2_top:u_fc2|t2_val[1][11]                                                                                                        ; 1                 ; 6       ;
;      - fc2_top:u_fc2|t1_val[1][12]                                                                                                        ; 1                 ; 6       ;
;      - fc2_top:u_fc2|t1_val[0][12]                                                                                                        ; 1                 ; 6       ;
;      - fc2_top:u_fc2|t2_val[0][11]                                                                                                        ; 1                 ; 6       ;
;      - fc2_top:u_fc2|t3_val[0][10]                                                                                                        ; 1                 ; 6       ;
;      - fc2_top:u_fc2|t1_val[4][11]                                                                                                        ; 1                 ; 6       ;
;      - fc2_top:u_fc2|t1_val[3][11]                                                                                                        ; 1                 ; 6       ;
;      - fc2_top:u_fc2|t1_val[2][11]                                                                                                        ; 1                 ; 6       ;
;      - fc2_top:u_fc2|t2_val[1][10]                                                                                                        ; 1                 ; 6       ;
;      - fc2_top:u_fc2|t1_val[1][11]                                                                                                        ; 1                 ; 6       ;
;      - fc2_top:u_fc2|t1_val[0][11]                                                                                                        ; 1                 ; 6       ;
;      - fc2_top:u_fc2|t2_val[0][10]                                                                                                        ; 1                 ; 6       ;
;      - fc2_top:u_fc2|t3_val[0][9]                                                                                                         ; 1                 ; 6       ;
;      - fc2_top:u_fc2|t1_val[4][10]                                                                                                        ; 1                 ; 6       ;
;      - fc2_top:u_fc2|t1_val[3][10]                                                                                                        ; 1                 ; 6       ;
;      - fc2_top:u_fc2|t1_val[2][10]                                                                                                        ; 1                 ; 6       ;
;      - fc2_top:u_fc2|t2_val[1][9]                                                                                                         ; 1                 ; 6       ;
;      - fc2_top:u_fc2|t1_val[1][10]                                                                                                        ; 1                 ; 6       ;
;      - fc2_top:u_fc2|t1_val[0][10]                                                                                                        ; 1                 ; 6       ;
;      - fc2_top:u_fc2|t2_val[0][9]                                                                                                         ; 1                 ; 6       ;
;      - fc2_top:u_fc2|t3_val[0][8]                                                                                                         ; 1                 ; 6       ;
;      - fc2_top:u_fc2|t1_val[4][9]                                                                                                         ; 1                 ; 6       ;
;      - fc2_top:u_fc2|t1_val[3][9]                                                                                                         ; 1                 ; 6       ;
;      - fc2_top:u_fc2|t1_val[2][9]                                                                                                         ; 1                 ; 6       ;
;      - fc2_top:u_fc2|t2_val[1][8]                                                                                                         ; 1                 ; 6       ;
;      - fc2_top:u_fc2|t1_val[1][9]                                                                                                         ; 1                 ; 6       ;
;      - fc2_top:u_fc2|t1_val[0][9]                                                                                                         ; 1                 ; 6       ;
;      - fc2_top:u_fc2|t2_val[0][8]                                                                                                         ; 1                 ; 6       ;
;      - fc2_top:u_fc2|t3_val[0][7]                                                                                                         ; 1                 ; 6       ;
;      - fc2_top:u_fc2|t1_val[4][8]                                                                                                         ; 1                 ; 6       ;
;      - fc2_top:u_fc2|t1_val[3][8]                                                                                                         ; 1                 ; 6       ;
;      - fc2_top:u_fc2|t1_val[2][8]                                                                                                         ; 1                 ; 6       ;
;      - fc2_top:u_fc2|t2_val[1][7]                                                                                                         ; 1                 ; 6       ;
;      - fc2_top:u_fc2|t1_val[1][8]                                                                                                         ; 1                 ; 6       ;
;      - fc2_top:u_fc2|t1_val[0][8]                                                                                                         ; 1                 ; 6       ;
;      - fc2_top:u_fc2|t2_val[0][7]                                                                                                         ; 1                 ; 6       ;
;      - fc2_top:u_fc2|t3_val[0][6]                                                                                                         ; 1                 ; 6       ;
;      - fc2_top:u_fc2|t1_val[4][7]                                                                                                         ; 1                 ; 6       ;
;      - fc2_top:u_fc2|t1_val[3][7]                                                                                                         ; 1                 ; 6       ;
;      - fc2_top:u_fc2|t1_val[2][7]                                                                                                         ; 1                 ; 6       ;
;      - fc2_top:u_fc2|t2_val[1][6]                                                                                                         ; 1                 ; 6       ;
;      - fc2_top:u_fc2|t1_val[1][7]                                                                                                         ; 1                 ; 6       ;
;      - fc2_top:u_fc2|t1_val[0][7]                                                                                                         ; 1                 ; 6       ;
;      - fc2_top:u_fc2|t2_val[0][6]                                                                                                         ; 1                 ; 6       ;
;      - fc2_top:u_fc2|t3_val[0][5]                                                                                                         ; 1                 ; 6       ;
;      - fc2_top:u_fc2|t1_val[4][6]                                                                                                         ; 1                 ; 6       ;
;      - fc2_top:u_fc2|t1_val[3][6]                                                                                                         ; 1                 ; 6       ;
;      - fc2_top:u_fc2|t1_val[2][6]                                                                                                         ; 1                 ; 6       ;
;      - fc2_top:u_fc2|t2_val[1][5]                                                                                                         ; 1                 ; 6       ;
;      - fc2_top:u_fc2|t1_val[1][6]                                                                                                         ; 1                 ; 6       ;
;      - fc2_top:u_fc2|t1_val[0][6]                                                                                                         ; 1                 ; 6       ;
;      - fc2_top:u_fc2|t2_val[0][5]                                                                                                         ; 1                 ; 6       ;
;      - fc2_top:u_fc2|t3_val[0][4]                                                                                                         ; 1                 ; 6       ;
;      - fc2_top:u_fc2|t1_val[4][5]                                                                                                         ; 1                 ; 6       ;
;      - fc2_top:u_fc2|t1_val[3][5]                                                                                                         ; 1                 ; 6       ;
;      - fc2_top:u_fc2|t1_val[2][5]                                                                                                         ; 1                 ; 6       ;
;      - fc2_top:u_fc2|t2_val[1][4]                                                                                                         ; 1                 ; 6       ;
;      - fc2_top:u_fc2|t1_val[1][5]                                                                                                         ; 1                 ; 6       ;
;      - fc2_top:u_fc2|t1_val[0][5]                                                                                                         ; 1                 ; 6       ;
;      - fc2_top:u_fc2|t2_val[0][4]                                                                                                         ; 1                 ; 6       ;
;      - fc2_top:u_fc2|t3_val[0][3]                                                                                                         ; 1                 ; 6       ;
;      - fc2_top:u_fc2|t1_val[4][4]                                                                                                         ; 1                 ; 6       ;
;      - fc2_top:u_fc2|t1_val[3][4]                                                                                                         ; 1                 ; 6       ;
;      - fc2_top:u_fc2|t1_val[2][4]                                                                                                         ; 1                 ; 6       ;
;      - fc2_top:u_fc2|t2_val[1][3]                                                                                                         ; 1                 ; 6       ;
;      - fc2_top:u_fc2|t1_val[1][4]                                                                                                         ; 1                 ; 6       ;
;      - fc2_top:u_fc2|t1_val[0][4]                                                                                                         ; 1                 ; 6       ;
;      - fc2_top:u_fc2|t2_val[0][3]                                                                                                         ; 1                 ; 6       ;
;      - fc2_top:u_fc2|t3_val[0][2]                                                                                                         ; 1                 ; 6       ;
;      - fc2_top:u_fc2|t1_val[4][3]                                                                                                         ; 1                 ; 6       ;
;      - fc2_top:u_fc2|t1_val[3][3]                                                                                                         ; 1                 ; 6       ;
;      - fc2_top:u_fc2|t1_val[2][3]                                                                                                         ; 1                 ; 6       ;
;      - fc2_top:u_fc2|t2_val[1][2]                                                                                                         ; 1                 ; 6       ;
;      - fc2_top:u_fc2|t1_val[1][3]                                                                                                         ; 1                 ; 6       ;
;      - fc2_top:u_fc2|t1_val[0][3]                                                                                                         ; 1                 ; 6       ;
;      - fc2_top:u_fc2|t2_val[0][2]                                                                                                         ; 1                 ; 6       ;
;      - fc2_top:u_fc2|t3_val[0][1]                                                                                                         ; 1                 ; 6       ;
;      - fc2_top:u_fc2|t1_val[4][2]                                                                                                         ; 1                 ; 6       ;
;      - fc2_top:u_fc2|t1_val[3][2]                                                                                                         ; 1                 ; 6       ;
;      - fc2_top:u_fc2|t1_val[2][2]                                                                                                         ; 1                 ; 6       ;
;      - fc2_top:u_fc2|t2_val[1][1]                                                                                                         ; 1                 ; 6       ;
;      - fc2_top:u_fc2|t1_val[0][2]                                                                                                         ; 1                 ; 6       ;
;      - fc2_top:u_fc2|t2_val[0][1]                                                                                                         ; 1                 ; 6       ;
;      - fc2_top:u_fc2|t3_val[0][0]                                                                                                         ; 1                 ; 6       ;
;      - fc2_top:u_fc2|t1_val[4][1]                                                                                                         ; 1                 ; 6       ;
;      - fc2_top:u_fc2|t1_val[3][1]                                                                                                         ; 1                 ; 6       ;
;      - fc2_top:u_fc2|t1_val[2][1]                                                                                                         ; 1                 ; 6       ;
;      - fc2_top:u_fc2|t2_val[1][0]                                                                                                         ; 1                 ; 6       ;
;      - fc2_top:u_fc2|t1_val[0][1]                                                                                                         ; 1                 ; 6       ;
;      - fc2_top:u_fc2|t2_val[0][0]                                                                                                         ; 1                 ; 6       ;
;      - fc2_top:u_fc2|t1_val[4][0]                                                                                                         ; 1                 ; 6       ;
;      - fc2_top:u_fc2|t1_val[3][0]                                                                                                         ; 1                 ; 6       ;
;      - fc2_top:u_fc2|t1_val[2][0]                                                                                                         ; 1                 ; 6       ;
;      - fc2_top:u_fc2|t1_val[0][0]                                                                                                         ; 1                 ; 6       ;
;      - fc2_top:u_fc2|score[5][17]                                                                                                         ; 1                 ; 6       ;
;      - fc2_top:u_fc2|score[2][15]                                                                                                         ; 1                 ; 6       ;
;      - fc2_top:u_fc2|score[2][6]                                                                                                          ; 1                 ; 6       ;
;      - fc2_top:u_fc2|t3_idx[1][0]                                                                                                         ; 1                 ; 6       ;
;      - fc2_top:u_fc2|t3_idx[0][0]                                                                                                         ; 1                 ; 6       ;
;      - fc2_top:u_fc2|t3_val[1][31]                                                                                                        ; 1                 ; 6       ;
;      - fc2_top:u_fc2|t3_val[1][30]                                                                                                        ; 1                 ; 6       ;
;      - fc2_top:u_fc2|t3_val[1][29]                                                                                                        ; 1                 ; 6       ;
;      - fc2_top:u_fc2|t3_val[1][28]                                                                                                        ; 1                 ; 6       ;
;      - fc2_top:u_fc2|t3_val[1][27]                                                                                                        ; 1                 ; 6       ;
;      - fc2_top:u_fc2|t3_val[1][26]                                                                                                        ; 1                 ; 6       ;
;      - fc2_top:u_fc2|t3_val[1][25]                                                                                                        ; 1                 ; 6       ;
;      - fc2_top:u_fc2|t3_val[1][24]                                                                                                        ; 1                 ; 6       ;
;      - fc2_top:u_fc2|t3_val[1][23]                                                                                                        ; 1                 ; 6       ;
;      - fc2_top:u_fc2|t3_val[1][22]                                                                                                        ; 1                 ; 6       ;
;      - fc2_top:u_fc2|t3_val[1][21]                                                                                                        ; 1                 ; 6       ;
;      - fc2_top:u_fc2|t3_val[1][20]                                                                                                        ; 1                 ; 6       ;
;      - fc2_top:u_fc2|t3_val[1][19]                                                                                                        ; 1                 ; 6       ;
;      - fc2_top:u_fc2|t3_val[1][18]                                                                                                        ; 1                 ; 6       ;
;      - fc2_top:u_fc2|t3_val[1][17]                                                                                                        ; 1                 ; 6       ;
;      - fc2_top:u_fc2|t3_val[1][16]                                                                                                        ; 1                 ; 6       ;
;      - fc2_top:u_fc2|t3_val[1][15]                                                                                                        ; 1                 ; 6       ;
;      - fc2_top:u_fc2|t3_val[1][14]                                                                                                        ; 1                 ; 6       ;
;      - fc2_top:u_fc2|t3_val[1][13]                                                                                                        ; 1                 ; 6       ;
;      - fc2_top:u_fc2|t3_val[1][12]                                                                                                        ; 1                 ; 6       ;
;      - fc2_top:u_fc2|t3_val[1][11]                                                                                                        ; 1                 ; 6       ;
;      - fc2_top:u_fc2|t3_val[1][10]                                                                                                        ; 1                 ; 6       ;
;      - fc2_top:u_fc2|t3_val[1][9]                                                                                                         ; 1                 ; 6       ;
;      - fc2_top:u_fc2|t3_val[1][8]                                                                                                         ; 1                 ; 6       ;
;      - fc2_top:u_fc2|t3_val[1][7]                                                                                                         ; 1                 ; 6       ;
;      - fc2_top:u_fc2|t3_val[1][6]                                                                                                         ; 1                 ; 6       ;
;      - fc2_top:u_fc2|t3_val[1][5]                                                                                                         ; 1                 ; 6       ;
;      - fc2_top:u_fc2|t3_val[1][4]                                                                                                         ; 1                 ; 6       ;
;      - fc2_top:u_fc2|t3_val[1][3]                                                                                                         ; 1                 ; 6       ;
;      - fc2_top:u_fc2|t3_val[1][2]                                                                                                         ; 1                 ; 6       ;
;      - fc2_top:u_fc2|t3_val[1][1]                                                                                                         ; 1                 ; 6       ;
;      - fc2_top:u_fc2|t3_val[1][0]                                                                                                         ; 1                 ; 6       ;
;      - fc2_top:u_fc2|t3_idx[0][1]                                                                                                         ; 1                 ; 6       ;
;      - fc2_top:u_fc2|t3_idx[0][2]                                                                                                         ; 1                 ; 6       ;
;      - fc2_top:u_fc2|t3_idx[1][3]                                                                                                         ; 1                 ; 6       ;
;      - fc2_top:u_fc2|valid_t2                                                                                                             ; 1                 ; 6       ;
;      - fc2_top:u_fc2|t2_idx[2][0]                                                                                                         ; 1                 ; 6       ;
;      - fc2_top:u_fc2|t2_idx[1][0]                                                                                                         ; 1                 ; 6       ;
;      - fc2_top:u_fc2|t2_idx[0][0]                                                                                                         ; 1                 ; 6       ;
;      - fc2_top:u_fc2|t2_val[2][31]                                                                                                        ; 1                 ; 6       ;
;      - fc2_top:u_fc2|t2_val[2][30]                                                                                                        ; 1                 ; 6       ;
;      - fc2_top:u_fc2|t2_val[2][29]                                                                                                        ; 1                 ; 6       ;
;      - fc2_top:u_fc2|t2_val[2][28]                                                                                                        ; 1                 ; 6       ;
;      - fc2_top:u_fc2|t2_val[2][27]                                                                                                        ; 1                 ; 6       ;
;      - fc2_top:u_fc2|t2_val[2][26]                                                                                                        ; 1                 ; 6       ;
;      - fc2_top:u_fc2|t2_val[2][25]                                                                                                        ; 1                 ; 6       ;
;      - fc2_top:u_fc2|t2_val[2][24]                                                                                                        ; 1                 ; 6       ;
;      - fc2_top:u_fc2|t2_val[2][23]                                                                                                        ; 1                 ; 6       ;
;      - fc2_top:u_fc2|t2_val[2][22]                                                                                                        ; 1                 ; 6       ;
;      - fc2_top:u_fc2|t2_val[2][21]                                                                                                        ; 1                 ; 6       ;
;      - fc2_top:u_fc2|t2_val[2][20]                                                                                                        ; 1                 ; 6       ;
;      - fc2_top:u_fc2|t2_val[2][19]                                                                                                        ; 1                 ; 6       ;
;      - fc2_top:u_fc2|t2_val[2][18]                                                                                                        ; 1                 ; 6       ;
;      - fc2_top:u_fc2|t2_val[2][17]                                                                                                        ; 1                 ; 6       ;
;      - fc2_top:u_fc2|t2_val[2][16]                                                                                                        ; 1                 ; 6       ;
;      - fc2_top:u_fc2|t2_val[2][15]                                                                                                        ; 1                 ; 6       ;
;      - fc2_top:u_fc2|t2_val[2][14]                                                                                                        ; 1                 ; 6       ;
;      - fc2_top:u_fc2|t2_val[2][13]                                                                                                        ; 1                 ; 6       ;
;      - fc2_top:u_fc2|t2_val[2][12]                                                                                                        ; 1                 ; 6       ;
;      - fc2_top:u_fc2|t2_val[2][11]                                                                                                        ; 1                 ; 6       ;
;      - fc2_top:u_fc2|t2_val[2][10]                                                                                                        ; 1                 ; 6       ;
;      - fc2_top:u_fc2|t2_val[2][9]                                                                                                         ; 1                 ; 6       ;
;      - fc2_top:u_fc2|t2_val[2][8]                                                                                                         ; 1                 ; 6       ;
;      - fc2_top:u_fc2|t2_val[2][7]                                                                                                         ; 1                 ; 6       ;
;      - fc2_top:u_fc2|t2_val[2][6]                                                                                                         ; 1                 ; 6       ;
;      - fc2_top:u_fc2|t2_val[2][5]                                                                                                         ; 1                 ; 6       ;
;      - fc2_top:u_fc2|t2_val[2][4]                                                                                                         ; 1                 ; 6       ;
;      - fc2_top:u_fc2|t2_val[2][3]                                                                                                         ; 1                 ; 6       ;
;      - fc2_top:u_fc2|t2_val[2][2]                                                                                                         ; 1                 ; 6       ;
;      - fc2_top:u_fc2|t2_val[2][1]                                                                                                         ; 1                 ; 6       ;
;      - fc2_top:u_fc2|t2_val[2][0]                                                                                                         ; 1                 ; 6       ;
;      - fc2_top:u_fc2|t2_idx[1][1]                                                                                                         ; 1                 ; 6       ;
;      - fc2_top:u_fc2|t2_idx[0][1]                                                                                                         ; 1                 ; 6       ;
;      - fc2_top:u_fc2|t2_idx[1][2]                                                                                                         ; 1                 ; 6       ;
;      - fc2_top:u_fc2|t2_idx[2][3]                                                                                                         ; 1                 ; 6       ;
;      - fc2_top:u_fc2|valid_t1                                                                                                             ; 1                 ; 6       ;
;      - fc2_top:u_fc2|t1_idx[4][0]                                                                                                         ; 1                 ; 6       ;
;      - fc2_top:u_fc2|t1_idx[3][0]                                                                                                         ; 1                 ; 6       ;
;      - fc2_top:u_fc2|t1_idx[2][0]                                                                                                         ; 1                 ; 6       ;
;      - fc2_top:u_fc2|t1_idx[1][0]                                                                                                         ; 1                 ; 6       ;
;      - fc2_top:u_fc2|t1_idx[0][0]                                                                                                         ; 1                 ; 6       ;
;      - fc2_top:u_fc2|t1_val[1][2]                                                                                                         ; 1                 ; 6       ;
;      - fc2_top:u_fc2|t1_val[1][1]                                                                                                         ; 1                 ; 6       ;
;      - fc2_top:u_fc2|t1_val[1][0]                                                                                                         ; 1                 ; 6       ;
;      - fc2_top:u_fc2|t1_idx[3][1]                                                                                                         ; 1                 ; 6       ;
;      - fc2_top:u_fc2|t1_idx[1][1]                                                                                                         ; 1                 ; 6       ;
;      - fc2_top:u_fc2|t1_idx[3][2]                                                                                                         ; 1                 ; 6       ;
;      - fc2_top:u_fc2|t1_idx[2][2]                                                                                                         ; 1                 ; 6       ;
;      - fc2_top:u_fc2|t1_idx[4][3]                                                                                                         ; 1                 ; 6       ;
;      - fc2_top:u_fc2|valid_stg2                                                                                                           ; 1                 ; 6       ;
;      - fc2_top:u_fc2|score[9][31]                                                                                                         ; 1                 ; 6       ;
;      - fc2_top:u_fc2|score[8][31]                                                                                                         ; 1                 ; 6       ;
;      - fc2_top:u_fc2|score[8][30]                                                                                                         ; 1                 ; 6       ;
;      - fc2_top:u_fc2|score[9][30]                                                                                                         ; 1                 ; 6       ;
;      - fc2_top:u_fc2|score[8][29]                                                                                                         ; 1                 ; 6       ;
;      - fc2_top:u_fc2|score[9][29]                                                                                                         ; 1                 ; 6       ;
;      - fc2_top:u_fc2|score[8][28]                                                                                                         ; 1                 ; 6       ;
;      - fc2_top:u_fc2|score[9][28]                                                                                                         ; 1                 ; 6       ;
;      - fc2_top:u_fc2|score[8][27]                                                                                                         ; 1                 ; 6       ;
;      - fc2_top:u_fc2|score[9][27]                                                                                                         ; 1                 ; 6       ;
;      - fc2_top:u_fc2|score[8][26]                                                                                                         ; 1                 ; 6       ;
;      - fc2_top:u_fc2|score[9][26]                                                                                                         ; 1                 ; 6       ;
;      - fc2_top:u_fc2|score[8][25]                                                                                                         ; 1                 ; 6       ;
;      - fc2_top:u_fc2|score[9][25]                                                                                                         ; 1                 ; 6       ;
;      - fc2_top:u_fc2|score[8][24]                                                                                                         ; 1                 ; 6       ;
;      - fc2_top:u_fc2|score[9][24]                                                                                                         ; 1                 ; 6       ;
;      - fc2_top:u_fc2|score[8][23]                                                                                                         ; 1                 ; 6       ;
;      - fc2_top:u_fc2|score[9][23]                                                                                                         ; 1                 ; 6       ;
;      - fc2_top:u_fc2|score[8][22]                                                                                                         ; 1                 ; 6       ;
;      - fc2_top:u_fc2|score[9][22]                                                                                                         ; 1                 ; 6       ;
;      - fc2_top:u_fc2|score[8][21]                                                                                                         ; 1                 ; 6       ;
;      - fc2_top:u_fc2|score[9][21]                                                                                                         ; 1                 ; 6       ;
;      - fc2_top:u_fc2|score[8][20]                                                                                                         ; 1                 ; 6       ;
;      - fc2_top:u_fc2|score[9][20]                                                                                                         ; 1                 ; 6       ;
;      - fc2_top:u_fc2|score[8][19]                                                                                                         ; 1                 ; 6       ;
;      - fc2_top:u_fc2|score[9][19]                                                                                                         ; 1                 ; 6       ;
;      - fc2_top:u_fc2|score[8][18]                                                                                                         ; 1                 ; 6       ;
;      - fc2_top:u_fc2|score[9][18]                                                                                                         ; 1                 ; 6       ;
;      - fc2_top:u_fc2|score[8][17]                                                                                                         ; 1                 ; 6       ;
;      - fc2_top:u_fc2|score[9][17]                                                                                                         ; 1                 ; 6       ;
;      - fc2_top:u_fc2|score[8][16]                                                                                                         ; 1                 ; 6       ;
;      - fc2_top:u_fc2|score[9][16]                                                                                                         ; 1                 ; 6       ;
;      - fc2_top:u_fc2|score[8][15]                                                                                                         ; 1                 ; 6       ;
;      - fc2_top:u_fc2|score[9][15]                                                                                                         ; 1                 ; 6       ;
;      - fc2_top:u_fc2|score[8][14]                                                                                                         ; 1                 ; 6       ;
;      - fc2_top:u_fc2|score[9][14]                                                                                                         ; 1                 ; 6       ;
;      - fc2_top:u_fc2|score[8][13]                                                                                                         ; 1                 ; 6       ;
;      - fc2_top:u_fc2|score[9][13]                                                                                                         ; 1                 ; 6       ;
;      - fc2_top:u_fc2|score[8][12]                                                                                                         ; 1                 ; 6       ;
;      - fc2_top:u_fc2|score[9][12]                                                                                                         ; 1                 ; 6       ;
;      - fc2_top:u_fc2|score[8][11]                                                                                                         ; 1                 ; 6       ;
;      - fc2_top:u_fc2|score[9][11]                                                                                                         ; 1                 ; 6       ;
;      - fc2_top:u_fc2|score[8][10]                                                                                                         ; 1                 ; 6       ;
;      - fc2_top:u_fc2|score[9][10]                                                                                                         ; 1                 ; 6       ;
;      - fc2_top:u_fc2|score[8][9]                                                                                                          ; 1                 ; 6       ;
;      - fc2_top:u_fc2|score[9][9]                                                                                                          ; 1                 ; 6       ;
;      - fc2_top:u_fc2|score[8][8]                                                                                                          ; 1                 ; 6       ;
;      - fc2_top:u_fc2|score[9][8]                                                                                                          ; 1                 ; 6       ;
;      - fc2_top:u_fc2|score[8][7]                                                                                                          ; 1                 ; 6       ;
;      - fc2_top:u_fc2|score[8][6]                                                                                                          ; 1                 ; 6       ;
;      - fc2_top:u_fc2|score[9][6]                                                                                                          ; 1                 ; 6       ;
;      - fc2_top:u_fc2|score[8][5]                                                                                                          ; 1                 ; 6       ;
;      - fc2_top:u_fc2|score[9][5]                                                                                                          ; 1                 ; 6       ;
;      - fc2_top:u_fc2|score[8][4]                                                                                                          ; 1                 ; 6       ;
;      - fc2_top:u_fc2|score[9][4]                                                                                                          ; 1                 ; 6       ;
;      - fc2_top:u_fc2|score[8][3]                                                                                                          ; 1                 ; 6       ;
;      - fc2_top:u_fc2|score[9][3]                                                                                                          ; 1                 ; 6       ;
;      - fc2_top:u_fc2|score[8][2]                                                                                                          ; 1                 ; 6       ;
;      - fc2_top:u_fc2|score[9][2]                                                                                                          ; 1                 ; 6       ;
;      - fc2_top:u_fc2|score[8][1]                                                                                                          ; 1                 ; 6       ;
;      - fc2_top:u_fc2|score[9][1]                                                                                                          ; 1                 ; 6       ;
;      - fc2_top:u_fc2|score[8][0]                                                                                                          ; 1                 ; 6       ;
;      - fc2_top:u_fc2|score[9][0]                                                                                                          ; 1                 ; 6       ;
;      - fc2_top:u_fc2|score[7][31]                                                                                                         ; 1                 ; 6       ;
;      - fc2_top:u_fc2|score[6][31]                                                                                                         ; 1                 ; 6       ;
;      - fc2_top:u_fc2|score[6][30]                                                                                                         ; 1                 ; 6       ;
;      - fc2_top:u_fc2|score[7][30]                                                                                                         ; 1                 ; 6       ;
;      - fc2_top:u_fc2|score[6][29]                                                                                                         ; 1                 ; 6       ;
;      - fc2_top:u_fc2|score[7][29]                                                                                                         ; 1                 ; 6       ;
;      - fc2_top:u_fc2|score[6][28]                                                                                                         ; 1                 ; 6       ;
;      - fc2_top:u_fc2|score[7][28]                                                                                                         ; 1                 ; 6       ;
;      - fc2_top:u_fc2|score[6][27]                                                                                                         ; 1                 ; 6       ;
;      - fc2_top:u_fc2|score[7][27]                                                                                                         ; 1                 ; 6       ;
;      - fc2_top:u_fc2|score[6][26]                                                                                                         ; 1                 ; 6       ;
;      - fc2_top:u_fc2|score[7][26]                                                                                                         ; 1                 ; 6       ;
;      - fc2_top:u_fc2|score[6][25]                                                                                                         ; 1                 ; 6       ;
;      - fc2_top:u_fc2|score[7][25]                                                                                                         ; 1                 ; 6       ;
;      - fc2_top:u_fc2|score[6][24]                                                                                                         ; 1                 ; 6       ;
;      - fc2_top:u_fc2|score[7][24]                                                                                                         ; 1                 ; 6       ;
;      - fc2_top:u_fc2|score[6][23]                                                                                                         ; 1                 ; 6       ;
;      - fc2_top:u_fc2|score[7][23]                                                                                                         ; 1                 ; 6       ;
;      - fc2_top:u_fc2|score[6][22]                                                                                                         ; 1                 ; 6       ;
;      - fc2_top:u_fc2|score[7][22]                                                                                                         ; 1                 ; 6       ;
;      - fc2_top:u_fc2|score[6][21]                                                                                                         ; 1                 ; 6       ;
;      - fc2_top:u_fc2|score[7][21]                                                                                                         ; 1                 ; 6       ;
;      - fc2_top:u_fc2|score[6][20]                                                                                                         ; 1                 ; 6       ;
;      - fc2_top:u_fc2|score[7][20]                                                                                                         ; 1                 ; 6       ;
;      - fc2_top:u_fc2|score[6][19]                                                                                                         ; 1                 ; 6       ;
;      - fc2_top:u_fc2|score[7][19]                                                                                                         ; 1                 ; 6       ;
;      - fc2_top:u_fc2|score[6][18]                                                                                                         ; 1                 ; 6       ;
;      - fc2_top:u_fc2|score[7][18]                                                                                                         ; 1                 ; 6       ;
;      - fc2_top:u_fc2|score[6][17]                                                                                                         ; 1                 ; 6       ;
;      - fc2_top:u_fc2|score[7][17]                                                                                                         ; 1                 ; 6       ;
;      - fc2_top:u_fc2|score[6][16]                                                                                                         ; 1                 ; 6       ;
;      - fc2_top:u_fc2|score[7][16]                                                                                                         ; 1                 ; 6       ;
;      - fc2_top:u_fc2|score[6][15]                                                                                                         ; 1                 ; 6       ;
;      - fc2_top:u_fc2|score[7][15]                                                                                                         ; 1                 ; 6       ;
;      - fc2_top:u_fc2|score[6][14]                                                                                                         ; 1                 ; 6       ;
;      - fc2_top:u_fc2|score[7][14]                                                                                                         ; 1                 ; 6       ;
;      - fc2_top:u_fc2|score[6][13]                                                                                                         ; 1                 ; 6       ;
;      - fc2_top:u_fc2|score[7][13]                                                                                                         ; 1                 ; 6       ;
;      - fc2_top:u_fc2|score[6][12]                                                                                                         ; 1                 ; 6       ;
;      - fc2_top:u_fc2|score[7][12]                                                                                                         ; 1                 ; 6       ;
;      - fc2_top:u_fc2|score[6][11]                                                                                                         ; 1                 ; 6       ;
;      - fc2_top:u_fc2|score[7][11]                                                                                                         ; 1                 ; 6       ;
;      - fc2_top:u_fc2|score[6][10]                                                                                                         ; 1                 ; 6       ;
;      - fc2_top:u_fc2|score[7][10]                                                                                                         ; 1                 ; 6       ;
;      - fc2_top:u_fc2|score[6][9]                                                                                                          ; 1                 ; 6       ;
;      - fc2_top:u_fc2|score[7][9]                                                                                                          ; 1                 ; 6       ;
;      - fc2_top:u_fc2|score[6][8]                                                                                                          ; 1                 ; 6       ;
;      - fc2_top:u_fc2|score[7][8]                                                                                                          ; 1                 ; 6       ;
;      - fc2_top:u_fc2|score[6][7]                                                                                                          ; 1                 ; 6       ;
;      - fc2_top:u_fc2|score[7][7]                                                                                                          ; 1                 ; 6       ;
;      - fc2_top:u_fc2|score[6][6]                                                                                                          ; 1                 ; 6       ;
;      - fc2_top:u_fc2|score[7][6]                                                                                                          ; 1                 ; 6       ;
;      - fc2_top:u_fc2|score[6][5]                                                                                                          ; 1                 ; 6       ;
;      - fc2_top:u_fc2|score[7][5]                                                                                                          ; 1                 ; 6       ;
;      - fc2_top:u_fc2|score[6][4]                                                                                                          ; 1                 ; 6       ;
;      - fc2_top:u_fc2|score[7][4]                                                                                                          ; 1                 ; 6       ;
;      - fc2_top:u_fc2|score[6][3]                                                                                                          ; 1                 ; 6       ;
;      - fc2_top:u_fc2|score[7][3]                                                                                                          ; 1                 ; 6       ;
;      - fc2_top:u_fc2|score[6][2]                                                                                                          ; 1                 ; 6       ;
;      - fc2_top:u_fc2|score[7][2]                                                                                                          ; 1                 ; 6       ;
;      - fc2_top:u_fc2|score[6][1]                                                                                                          ; 1                 ; 6       ;
;      - fc2_top:u_fc2|score[7][1]                                                                                                          ; 1                 ; 6       ;
;      - fc2_top:u_fc2|score[6][0]                                                                                                          ; 1                 ; 6       ;
;      - fc2_top:u_fc2|score[7][0]                                                                                                          ; 1                 ; 6       ;
;      - fc2_top:u_fc2|score[5][31]                                                                                                         ; 1                 ; 6       ;
;      - fc2_top:u_fc2|score[4][31]                                                                                                         ; 1                 ; 6       ;
;      - fc2_top:u_fc2|score[4][30]                                                                                                         ; 1                 ; 6       ;
;      - fc2_top:u_fc2|score[5][30]                                                                                                         ; 1                 ; 6       ;
;      - fc2_top:u_fc2|score[4][29]                                                                                                         ; 1                 ; 6       ;
;      - fc2_top:u_fc2|score[5][29]                                                                                                         ; 1                 ; 6       ;
;      - fc2_top:u_fc2|score[4][28]                                                                                                         ; 1                 ; 6       ;
;      - fc2_top:u_fc2|score[5][28]                                                                                                         ; 1                 ; 6       ;
;      - fc2_top:u_fc2|score[4][27]                                                                                                         ; 1                 ; 6       ;
;      - fc2_top:u_fc2|score[5][27]                                                                                                         ; 1                 ; 6       ;
;      - fc2_top:u_fc2|score[4][26]                                                                                                         ; 1                 ; 6       ;
;      - fc2_top:u_fc2|score[5][26]                                                                                                         ; 1                 ; 6       ;
;      - fc2_top:u_fc2|score[4][25]                                                                                                         ; 1                 ; 6       ;
;      - fc2_top:u_fc2|score[5][25]                                                                                                         ; 1                 ; 6       ;
;      - fc2_top:u_fc2|score[4][24]                                                                                                         ; 1                 ; 6       ;
;      - fc2_top:u_fc2|score[5][24]                                                                                                         ; 1                 ; 6       ;
;      - fc2_top:u_fc2|score[4][23]                                                                                                         ; 1                 ; 6       ;
;      - fc2_top:u_fc2|score[5][23]                                                                                                         ; 1                 ; 6       ;
;      - fc2_top:u_fc2|score[4][22]                                                                                                         ; 1                 ; 6       ;
;      - fc2_top:u_fc2|score[5][22]                                                                                                         ; 1                 ; 6       ;
;      - fc2_top:u_fc2|score[4][21]                                                                                                         ; 1                 ; 6       ;
;      - fc2_top:u_fc2|score[5][21]                                                                                                         ; 1                 ; 6       ;
;      - fc2_top:u_fc2|score[4][20]                                                                                                         ; 1                 ; 6       ;
;      - fc2_top:u_fc2|score[4][19]                                                                                                         ; 1                 ; 6       ;
;      - fc2_top:u_fc2|score[5][19]                                                                                                         ; 1                 ; 6       ;
;      - fc2_top:u_fc2|score[4][18]                                                                                                         ; 1                 ; 6       ;
;      - fc2_top:u_fc2|score[5][18]                                                                                                         ; 1                 ; 6       ;
;      - fc2_top:u_fc2|score[4][17]                                                                                                         ; 1                 ; 6       ;
;      - fc2_top:u_fc2|score[4][16]                                                                                                         ; 1                 ; 6       ;
;      - fc2_top:u_fc2|score[5][16]                                                                                                         ; 1                 ; 6       ;
;      - fc2_top:u_fc2|score[4][15]                                                                                                         ; 1                 ; 6       ;
;      - fc2_top:u_fc2|score[5][15]                                                                                                         ; 1                 ; 6       ;
;      - fc2_top:u_fc2|score[4][14]                                                                                                         ; 1                 ; 6       ;
;      - fc2_top:u_fc2|score[5][14]                                                                                                         ; 1                 ; 6       ;
;      - fc2_top:u_fc2|score[4][13]                                                                                                         ; 1                 ; 6       ;
;      - fc2_top:u_fc2|score[5][13]                                                                                                         ; 1                 ; 6       ;
;      - fc2_top:u_fc2|score[4][12]                                                                                                         ; 1                 ; 6       ;
;      - fc2_top:u_fc2|score[5][12]                                                                                                         ; 1                 ; 6       ;
;      - fc2_top:u_fc2|score[4][11]                                                                                                         ; 1                 ; 6       ;
;      - fc2_top:u_fc2|score[5][11]                                                                                                         ; 1                 ; 6       ;
;      - fc2_top:u_fc2|score[4][10]                                                                                                         ; 1                 ; 6       ;
;      - fc2_top:u_fc2|score[5][10]                                                                                                         ; 1                 ; 6       ;
;      - fc2_top:u_fc2|score[4][9]                                                                                                          ; 1                 ; 6       ;
;      - fc2_top:u_fc2|score[5][9]                                                                                                          ; 1                 ; 6       ;
;      - fc2_top:u_fc2|score[4][8]                                                                                                          ; 1                 ; 6       ;
;      - fc2_top:u_fc2|score[5][8]                                                                                                          ; 1                 ; 6       ;
;      - fc2_top:u_fc2|score[4][7]                                                                                                          ; 1                 ; 6       ;
;      - fc2_top:u_fc2|score[5][7]                                                                                                          ; 1                 ; 6       ;
;      - fc2_top:u_fc2|score[4][6]                                                                                                          ; 1                 ; 6       ;
;      - fc2_top:u_fc2|score[5][6]                                                                                                          ; 1                 ; 6       ;
;      - fc2_top:u_fc2|score[4][5]                                                                                                          ; 1                 ; 6       ;
;      - fc2_top:u_fc2|score[5][5]                                                                                                          ; 1                 ; 6       ;
;      - fc2_top:u_fc2|score[4][4]                                                                                                          ; 1                 ; 6       ;
;      - fc2_top:u_fc2|score[5][4]                                                                                                          ; 1                 ; 6       ;
;      - fc2_top:u_fc2|score[4][3]                                                                                                          ; 1                 ; 6       ;
;      - fc2_top:u_fc2|score[5][3]                                                                                                          ; 1                 ; 6       ;
;      - fc2_top:u_fc2|score[4][2]                                                                                                          ; 1                 ; 6       ;
;      - fc2_top:u_fc2|score[5][2]                                                                                                          ; 1                 ; 6       ;
;      - fc2_top:u_fc2|score[4][1]                                                                                                          ; 1                 ; 6       ;
;      - fc2_top:u_fc2|score[5][1]                                                                                                          ; 1                 ; 6       ;
;      - fc2_top:u_fc2|score[4][0]                                                                                                          ; 1                 ; 6       ;
;      - fc2_top:u_fc2|score[5][0]                                                                                                          ; 1                 ; 6       ;
;      - fc2_top:u_fc2|score[3][31]                                                                                                         ; 1                 ; 6       ;
;      - fc2_top:u_fc2|score[2][31]                                                                                                         ; 1                 ; 6       ;
;      - fc2_top:u_fc2|score[2][30]                                                                                                         ; 1                 ; 6       ;
;      - fc2_top:u_fc2|score[3][30]                                                                                                         ; 1                 ; 6       ;
;      - fc2_top:u_fc2|score[2][29]                                                                                                         ; 1                 ; 6       ;
;      - fc2_top:u_fc2|score[3][29]                                                                                                         ; 1                 ; 6       ;
;      - fc2_top:u_fc2|score[2][28]                                                                                                         ; 1                 ; 6       ;
;      - fc2_top:u_fc2|score[3][28]                                                                                                         ; 1                 ; 6       ;
;      - fc2_top:u_fc2|score[2][27]                                                                                                         ; 1                 ; 6       ;
;      - fc2_top:u_fc2|score[3][27]                                                                                                         ; 1                 ; 6       ;
;      - fc2_top:u_fc2|score[2][26]                                                                                                         ; 1                 ; 6       ;
;      - fc2_top:u_fc2|score[3][26]                                                                                                         ; 1                 ; 6       ;
;      - fc2_top:u_fc2|score[2][25]                                                                                                         ; 1                 ; 6       ;
;      - fc2_top:u_fc2|score[3][25]                                                                                                         ; 1                 ; 6       ;
;      - fc2_top:u_fc2|score[2][24]                                                                                                         ; 1                 ; 6       ;
;      - fc2_top:u_fc2|score[3][24]                                                                                                         ; 1                 ; 6       ;
;      - fc2_top:u_fc2|score[2][23]                                                                                                         ; 1                 ; 6       ;
;      - fc2_top:u_fc2|score[3][23]                                                                                                         ; 1                 ; 6       ;
;      - fc2_top:u_fc2|score[2][22]                                                                                                         ; 1                 ; 6       ;
;      - fc2_top:u_fc2|score[3][22]                                                                                                         ; 1                 ; 6       ;
;      - fc2_top:u_fc2|score[2][21]                                                                                                         ; 1                 ; 6       ;
;      - fc2_top:u_fc2|score[3][21]                                                                                                         ; 1                 ; 6       ;
;      - fc2_top:u_fc2|score[2][20]                                                                                                         ; 1                 ; 6       ;
;      - fc2_top:u_fc2|score[3][20]                                                                                                         ; 1                 ; 6       ;
;      - fc2_top:u_fc2|score[2][19]                                                                                                         ; 1                 ; 6       ;
;      - fc2_top:u_fc2|score[3][19]                                                                                                         ; 1                 ; 6       ;
;      - fc2_top:u_fc2|score[2][18]                                                                                                         ; 1                 ; 6       ;
;      - fc2_top:u_fc2|score[3][18]                                                                                                         ; 1                 ; 6       ;
;      - fc2_top:u_fc2|score[2][17]                                                                                                         ; 1                 ; 6       ;
;      - fc2_top:u_fc2|score[3][17]                                                                                                         ; 1                 ; 6       ;
;      - fc2_top:u_fc2|score[2][16]                                                                                                         ; 1                 ; 6       ;
;      - fc2_top:u_fc2|score[3][16]                                                                                                         ; 1                 ; 6       ;
;      - fc2_top:u_fc2|score[3][15]                                                                                                         ; 1                 ; 6       ;
;      - fc2_top:u_fc2|score[2][14]                                                                                                         ; 1                 ; 6       ;
;      - fc2_top:u_fc2|score[3][14]                                                                                                         ; 1                 ; 6       ;
;      - fc2_top:u_fc2|score[2][13]                                                                                                         ; 1                 ; 6       ;
;      - fc2_top:u_fc2|score[3][13]                                                                                                         ; 1                 ; 6       ;
;      - fc2_top:u_fc2|score[2][12]                                                                                                         ; 1                 ; 6       ;
;      - fc2_top:u_fc2|score[3][12]                                                                                                         ; 1                 ; 6       ;
;      - fc2_top:u_fc2|score[2][11]                                                                                                         ; 1                 ; 6       ;
;      - fc2_top:u_fc2|score[3][11]                                                                                                         ; 1                 ; 6       ;
;      - fc2_top:u_fc2|score[2][10]                                                                                                         ; 1                 ; 6       ;
;      - fc2_top:u_fc2|score[3][10]                                                                                                         ; 1                 ; 6       ;
;      - fc2_top:u_fc2|score[2][9]                                                                                                          ; 1                 ; 6       ;
;      - fc2_top:u_fc2|score[3][9]                                                                                                          ; 1                 ; 6       ;
;      - fc2_top:u_fc2|score[2][8]                                                                                                          ; 1                 ; 6       ;
;      - fc2_top:u_fc2|score[3][8]                                                                                                          ; 1                 ; 6       ;
;      - fc2_top:u_fc2|score[2][7]                                                                                                          ; 1                 ; 6       ;
;      - fc2_top:u_fc2|score[3][7]                                                                                                          ; 1                 ; 6       ;
;      - fc2_top:u_fc2|score[3][6]                                                                                                          ; 1                 ; 6       ;
;      - fc2_top:u_fc2|score[2][5]                                                                                                          ; 1                 ; 6       ;
;      - fc2_top:u_fc2|score[3][5]                                                                                                          ; 1                 ; 6       ;
;      - fc2_top:u_fc2|score[2][4]                                                                                                          ; 1                 ; 6       ;
;      - fc2_top:u_fc2|score[3][4]                                                                                                          ; 1                 ; 6       ;
;      - fc2_top:u_fc2|score[2][3]                                                                                                          ; 1                 ; 6       ;
;      - fc2_top:u_fc2|score[3][3]                                                                                                          ; 1                 ; 6       ;
;      - fc2_top:u_fc2|score[3][1]                                                                                                          ; 1                 ; 6       ;
;      - fc2_top:u_fc2|score[3][0]                                                                                                          ; 1                 ; 6       ;
;      - fc2_top:u_fc2|score[2][0]                                                                                                          ; 1                 ; 6       ;
;      - fc2_top:u_fc2|score[2][1]                                                                                                          ; 1                 ; 6       ;
;      - fc2_top:u_fc2|score[2][2]                                                                                                          ; 1                 ; 6       ;
;      - fc2_top:u_fc2|score[1][31]                                                                                                         ; 1                 ; 6       ;
;      - fc2_top:u_fc2|score[0][31]                                                                                                         ; 1                 ; 6       ;
;      - fc2_top:u_fc2|score[0][30]                                                                                                         ; 1                 ; 6       ;
;      - fc2_top:u_fc2|score[1][30]                                                                                                         ; 1                 ; 6       ;
;      - fc2_top:u_fc2|score[0][29]                                                                                                         ; 1                 ; 6       ;
;      - fc2_top:u_fc2|score[1][29]                                                                                                         ; 1                 ; 6       ;
;      - fc2_top:u_fc2|score[0][28]                                                                                                         ; 1                 ; 6       ;
;      - fc2_top:u_fc2|score[1][28]                                                                                                         ; 1                 ; 6       ;
;      - fc2_top:u_fc2|score[0][27]                                                                                                         ; 1                 ; 6       ;
;      - fc2_top:u_fc2|score[1][27]                                                                                                         ; 1                 ; 6       ;
;      - fc2_top:u_fc2|score[0][26]                                                                                                         ; 1                 ; 6       ;
;      - fc2_top:u_fc2|score[1][26]                                                                                                         ; 1                 ; 6       ;
;      - fc2_top:u_fc2|score[0][25]                                                                                                         ; 1                 ; 6       ;
;      - fc2_top:u_fc2|score[1][25]                                                                                                         ; 1                 ; 6       ;
;      - fc2_top:u_fc2|score[0][24]                                                                                                         ; 1                 ; 6       ;
;      - fc2_top:u_fc2|score[1][24]                                                                                                         ; 1                 ; 6       ;
;      - fc2_top:u_fc2|score[0][23]                                                                                                         ; 1                 ; 6       ;
;      - fc2_top:u_fc2|score[1][23]                                                                                                         ; 1                 ; 6       ;
;      - fc2_top:u_fc2|score[0][22]                                                                                                         ; 1                 ; 6       ;
;      - fc2_top:u_fc2|score[1][22]                                                                                                         ; 1                 ; 6       ;
;      - fc2_top:u_fc2|score[0][21]                                                                                                         ; 1                 ; 6       ;
;      - fc2_top:u_fc2|score[1][21]                                                                                                         ; 1                 ; 6       ;
;      - fc2_top:u_fc2|score[0][20]                                                                                                         ; 1                 ; 6       ;
;      - fc2_top:u_fc2|score[1][20]                                                                                                         ; 1                 ; 6       ;
;      - fc2_top:u_fc2|score[0][19]                                                                                                         ; 1                 ; 6       ;
;      - fc2_top:u_fc2|score[1][19]                                                                                                         ; 1                 ; 6       ;
;      - fc2_top:u_fc2|score[1][18]                                                                                                         ; 1                 ; 6       ;
;      - fc2_top:u_fc2|score[0][17]                                                                                                         ; 1                 ; 6       ;
;      - fc2_top:u_fc2|score[1][17]                                                                                                         ; 1                 ; 6       ;
;      - fc2_top:u_fc2|score[0][16]                                                                                                         ; 1                 ; 6       ;
;      - fc2_top:u_fc2|score[1][16]                                                                                                         ; 1                 ; 6       ;
;      - fc2_top:u_fc2|score[0][15]                                                                                                         ; 1                 ; 6       ;
;      - fc2_top:u_fc2|score[1][15]                                                                                                         ; 1                 ; 6       ;
;      - fc2_top:u_fc2|score[0][14]                                                                                                         ; 1                 ; 6       ;
;      - fc2_top:u_fc2|score[1][14]                                                                                                         ; 1                 ; 6       ;
;      - fc2_top:u_fc2|score[0][13]                                                                                                         ; 1                 ; 6       ;
;      - fc2_top:u_fc2|score[1][13]                                                                                                         ; 1                 ; 6       ;
;      - fc2_top:u_fc2|score[0][12]                                                                                                         ; 1                 ; 6       ;
;      - fc2_top:u_fc2|score[1][12]                                                                                                         ; 1                 ; 6       ;
;      - fc2_top:u_fc2|score[0][11]                                                                                                         ; 1                 ; 6       ;
;      - fc2_top:u_fc2|score[1][11]                                                                                                         ; 1                 ; 6       ;
;      - fc2_top:u_fc2|score[0][10]                                                                                                         ; 1                 ; 6       ;
;      - fc2_top:u_fc2|score[1][10]                                                                                                         ; 1                 ; 6       ;
;      - fc2_top:u_fc2|score[0][9]                                                                                                          ; 1                 ; 6       ;
;      - fc2_top:u_fc2|score[1][9]                                                                                                          ; 1                 ; 6       ;
;      - fc2_top:u_fc2|score[0][8]                                                                                                          ; 1                 ; 6       ;
;      - fc2_top:u_fc2|score[1][8]                                                                                                          ; 1                 ; 6       ;
;      - fc2_top:u_fc2|score[0][7]                                                                                                          ; 1                 ; 6       ;
;      - fc2_top:u_fc2|score[1][7]                                                                                                          ; 1                 ; 6       ;
;      - fc2_top:u_fc2|score[0][6]                                                                                                          ; 1                 ; 6       ;
;      - fc2_top:u_fc2|score[1][6]                                                                                                          ; 1                 ; 6       ;
;      - fc2_top:u_fc2|score[0][5]                                                                                                          ; 1                 ; 6       ;
;      - fc2_top:u_fc2|score[1][5]                                                                                                          ; 1                 ; 6       ;
;      - fc2_top:u_fc2|score[0][4]                                                                                                          ; 1                 ; 6       ;
;      - fc2_top:u_fc2|score[1][4]                                                                                                          ; 1                 ; 6       ;
;      - fc2_top:u_fc2|score[0][3]                                                                                                          ; 1                 ; 6       ;
;      - fc2_top:u_fc2|score[1][3]                                                                                                          ; 1                 ; 6       ;
;      - fc2_top:u_fc2|score[0][2]                                                                                                          ; 1                 ; 6       ;
;      - fc2_top:u_fc2|score[1][2]                                                                                                          ; 1                 ; 6       ;
;      - fc2_top:u_fc2|score[0][1]                                                                                                          ; 1                 ; 6       ;
;      - fc2_top:u_fc2|score[1][1]                                                                                                          ; 1                 ; 6       ;
;      - fc2_top:u_fc2|score[0][0]                                                                                                          ; 1                 ; 6       ;
;      - fc2_top:u_fc2|score[1][0]                                                                                                          ; 1                 ; 6       ;
;      - fc2_top:u_fc2|valid_stg1                                                                                                           ; 1                 ; 6       ;
;      - fc1_folded_top:u_fc1|fc1_folded_neuron:gen_fc1_neurons[0].u_neuron|valid_out                                                       ; 1                 ; 6       ;
;      - fc1_folded_top:u_fc1|fc1_folded_neuron:gen_fc1_neurons[57].u_neuron|data_out                                                       ; 1                 ; 6       ;
;      - fc1_folded_top:u_fc1|fc1_folded_neuron:gen_fc1_neurons[63].u_neuron|data_out                                                       ; 1                 ; 6       ;
;      - fc1_folded_top:u_fc1|fc1_folded_neuron:gen_fc1_neurons[55].u_neuron|data_out                                                       ; 1                 ; 6       ;
;      - fc1_folded_top:u_fc1|fc1_folded_neuron:gen_fc1_neurons[56].u_neuron|data_out                                                       ; 1                 ; 6       ;
;      - fc1_folded_top:u_fc1|fc1_folded_neuron:gen_fc1_neurons[37].u_neuron|data_out                                                       ; 1                 ; 6       ;
;      - fc1_folded_top:u_fc1|fc1_folded_neuron:gen_fc1_neurons[39].u_neuron|data_out                                                       ; 1                 ; 6       ;
;      - fc1_folded_top:u_fc1|fc1_folded_neuron:gen_fc1_neurons[41].u_neuron|data_out                                                       ; 1                 ; 6       ;
;      - fc1_folded_top:u_fc1|fc1_folded_neuron:gen_fc1_neurons[44].u_neuron|data_out                                                       ; 1                 ; 6       ;
;      - fc1_folded_top:u_fc1|fc1_folded_neuron:gen_fc1_neurons[50].u_neuron|data_out                                                       ; 1                 ; 6       ;
;      - fc1_folded_top:u_fc1|fc1_folded_neuron:gen_fc1_neurons[51].u_neuron|data_out                                                       ; 1                 ; 6       ;
;      - fc1_folded_top:u_fc1|fc1_folded_neuron:gen_fc1_neurons[26].u_neuron|data_out                                                       ; 1                 ; 6       ;
;      - fc1_folded_top:u_fc1|fc1_folded_neuron:gen_fc1_neurons[12].u_neuron|data_out                                                       ; 1                 ; 6       ;
;      - fc1_folded_top:u_fc1|fc1_folded_neuron:gen_fc1_neurons[21].u_neuron|data_out                                                       ; 1                 ; 6       ;
;      - fc1_folded_top:u_fc1|fc1_folded_neuron:gen_fc1_neurons[5].u_neuron|data_out                                                        ; 1                 ; 6       ;
;      - fc1_folded_top:u_fc1|fc1_folded_neuron:gen_fc1_neurons[3].u_neuron|data_out                                                        ; 1                 ; 6       ;
;      - fc1_folded_top:u_fc1|fc1_folded_neuron:gen_fc1_neurons[4].u_neuron|data_out                                                        ; 1                 ; 6       ;
;      - fc1_folded_top:u_fc1|fc1_folded_neuron:gen_fc1_neurons[27].u_neuron|data_out                                                       ; 1                 ; 6       ;
;      - fc1_folded_top:u_fc1|fc1_folded_neuron:gen_fc1_neurons[36].u_neuron|data_out                                                       ; 1                 ; 6       ;
;      - fc1_folded_top:u_fc1|fc1_folded_neuron:gen_fc1_neurons[34].u_neuron|data_out                                                       ; 1                 ; 6       ;
;      - fc1_folded_top:u_fc1|fc1_folded_neuron:gen_fc1_neurons[35].u_neuron|data_out                                                       ; 1                 ; 6       ;
;      - fc1_folded_top:u_fc1|fc1_folded_neuron:gen_fc1_neurons[54].u_neuron|data_out                                                       ; 1                 ; 6       ;
;      - fc1_folded_top:u_fc1|fc1_folded_neuron:gen_fc1_neurons[58].u_neuron|data_out                                                       ; 1                 ; 6       ;
;      - fc1_folded_top:u_fc1|fc1_folded_neuron:gen_fc1_neurons[61].u_neuron|data_out                                                       ; 1                 ; 6       ;
;      - fc1_folded_top:u_fc1|fc1_folded_neuron:gen_fc1_neurons[30].u_neuron|data_out                                                       ; 1                 ; 6       ;
;      - fc1_folded_top:u_fc1|fc1_folded_neuron:gen_fc1_neurons[19].u_neuron|data_out                                                       ; 1                 ; 6       ;
;      - fc1_folded_top:u_fc1|fc1_folded_neuron:gen_fc1_neurons[25].u_neuron|data_out                                                       ; 1                 ; 6       ;
;      - fc1_folded_top:u_fc1|fc1_folded_neuron:gen_fc1_neurons[17].u_neuron|data_out                                                       ; 1                 ; 6       ;
;      - fc1_folded_top:u_fc1|fc1_folded_neuron:gen_fc1_neurons[14].u_neuron|data_out                                                       ; 1                 ; 6       ;
;      - fc1_folded_top:u_fc1|fc1_folded_neuron:gen_fc1_neurons[15].u_neuron|data_out                                                       ; 1                 ; 6       ;
;      - fc1_folded_top:u_fc1|fc1_folded_neuron:gen_fc1_neurons[32].u_neuron|data_out                                                       ; 1                 ; 6       ;
;      - fc1_folded_top:u_fc1|fc1_folded_neuron:gen_fc1_neurons[33].u_neuron|data_out                                                       ; 1                 ; 6       ;
;      - fc1_folded_top:u_fc1|fc1_folded_neuron:gen_fc1_neurons[52].u_neuron|data_out                                                       ; 1                 ; 6       ;
;      - fc1_folded_top:u_fc1|fc1_folded_neuron:gen_fc1_neurons[60].u_neuron|data_out                                                       ; 1                 ; 6       ;
;      - fc1_folded_top:u_fc1|fc1_folded_neuron:gen_fc1_neurons[49].u_neuron|data_out                                                       ; 1                 ; 6       ;
;      - fc1_folded_top:u_fc1|fc1_folded_neuron:gen_fc1_neurons[29].u_neuron|data_out                                                       ; 1                 ; 6       ;
;      - fc1_folded_top:u_fc1|fc1_folded_neuron:gen_fc1_neurons[42].u_neuron|data_out                                                       ; 1                 ; 6       ;
;      - fc1_folded_top:u_fc1|fc1_folded_neuron:gen_fc1_neurons[48].u_neuron|data_out                                                       ; 1                 ; 6       ;
;      - fc1_folded_top:u_fc1|fc1_folded_neuron:gen_fc1_neurons[22].u_neuron|data_out                                                       ; 1                 ; 6       ;
;      - fc1_folded_top:u_fc1|fc1_folded_neuron:gen_fc1_neurons[7].u_neuron|data_out                                                        ; 1                 ; 6       ;
;      - fc1_folded_top:u_fc1|fc1_folded_neuron:gen_fc1_neurons[24].u_neuron|data_out                                                       ; 1                 ; 6       ;
;      - fc1_folded_top:u_fc1|fc1_folded_neuron:gen_fc1_neurons[23].u_neuron|data_out                                                       ; 1                 ; 6       ;
;      - fc1_folded_top:u_fc1|fc1_folded_neuron:gen_fc1_neurons[16].u_neuron|data_out                                                       ; 1                 ; 6       ;
;      - fc1_folded_top:u_fc1|fc1_folded_neuron:gen_fc1_neurons[10].u_neuron|data_out                                                       ; 1                 ; 6       ;
;      - fc1_folded_top:u_fc1|fc1_folded_neuron:gen_fc1_neurons[11].u_neuron|data_out                                                       ; 1                 ; 6       ;
;      - fc1_folded_top:u_fc1|fc1_folded_neuron:gen_fc1_neurons[2].u_neuron|data_out                                                        ; 1                 ; 6       ;
;      - fc1_folded_top:u_fc1|fc1_folded_neuron:gen_fc1_neurons[20].u_neuron|data_out                                                       ; 1                 ; 6       ;
;      - fc1_folded_top:u_fc1|fc1_folded_neuron:gen_fc1_neurons[40].u_neuron|data_out                                                       ; 1                 ; 6       ;
;      - fc1_folded_top:u_fc1|fc1_folded_neuron:gen_fc1_neurons[47].u_neuron|data_out                                                       ; 1                 ; 6       ;
;      - fc1_folded_top:u_fc1|fc1_folded_neuron:gen_fc1_neurons[53].u_neuron|data_out                                                       ; 1                 ; 6       ;
;      - fc1_folded_top:u_fc1|fc1_folded_neuron:gen_fc1_neurons[31].u_neuron|data_out                                                       ; 1                 ; 6       ;
;      - fc1_folded_top:u_fc1|fc1_folded_neuron:gen_fc1_neurons[8].u_neuron|data_out                                                        ; 1                 ; 6       ;
;      - fc1_folded_top:u_fc1|fc1_folded_neuron:gen_fc1_neurons[9].u_neuron|data_out                                                        ; 1                 ; 6       ;
;      - fc1_folded_top:u_fc1|fc1_folded_neuron:gen_fc1_neurons[0].u_neuron|data_out                                                        ; 1                 ; 6       ;
;      - fc1_folded_top:u_fc1|fc1_folded_neuron:gen_fc1_neurons[1].u_neuron|data_out                                                        ; 1                 ; 6       ;
;      - fc1_folded_top:u_fc1|fc1_folded_neuron:gen_fc1_neurons[46].u_neuron|data_out                                                       ; 1                 ; 6       ;
;      - fc1_folded_top:u_fc1|fc1_folded_neuron:gen_fc1_neurons[62].u_neuron|data_out                                                       ; 1                 ; 6       ;
;      - fc1_folded_top:u_fc1|fc1_folded_neuron:gen_fc1_neurons[45].u_neuron|data_out                                                       ; 1                 ; 6       ;
;      - fc1_folded_top:u_fc1|fc1_folded_neuron:gen_fc1_neurons[6].u_neuron|data_out                                                        ; 1                 ; 6       ;
;      - fc1_folded_top:u_fc1|fc1_folded_neuron:gen_fc1_neurons[13].u_neuron|data_out                                                       ; 1                 ; 6       ;
;      - fc1_folded_top:u_fc1|fc1_folded_neuron:gen_fc1_neurons[38].u_neuron|data_out                                                       ; 1                 ; 6       ;
;      - fc1_folded_top:u_fc1|fc1_folded_neuron:gen_fc1_neurons[43].u_neuron|data_out                                                       ; 1                 ; 6       ;
;      - fc1_folded_top:u_fc1|fc1_folded_neuron:gen_fc1_neurons[18].u_neuron|data_out                                                       ; 1                 ; 6       ;
;      - fc1_folded_top:u_fc1|fc1_folded_neuron:gen_fc1_neurons[28].u_neuron|data_out                                                       ; 1                 ; 6       ;
;      - fc1_folded_top:u_fc1|fc1_folded_neuron:gen_fc1_neurons[0].u_neuron|compute_done                                                    ; 1                 ; 6       ;
;      - fc1_folded_top:u_fc1|fc1_folded_neuron:gen_fc1_neurons[57].u_neuron|compute_done                                                   ; 1                 ; 6       ;
;      - fc1_folded_top:u_fc1|fc1_folded_neuron:gen_fc1_neurons[57].u_neuron|thresh_reg[16]                                                 ; 1                 ; 6       ;
;      - fc1_folded_top:u_fc1|fc1_folded_neuron:gen_fc1_neurons[57].u_neuron|thresh_reg[8]                                                  ; 1                 ; 6       ;
;      - fc1_folded_top:u_fc1|fc1_folded_neuron:gen_fc1_neurons[57].u_neuron|thresh_reg[5]                                                  ; 1                 ; 6       ;
;      - fc1_folded_top:u_fc1|fc1_folded_neuron:gen_fc1_neurons[57].u_neuron|thresh_reg[3]                                                  ; 1                 ; 6       ;
;      - fc1_folded_top:u_fc1|fc1_folded_neuron:gen_fc1_neurons[57].u_neuron|thresh_reg[4]                                                  ; 1                 ; 6       ;
;      - fc1_folded_top:u_fc1|fc1_folded_neuron:gen_fc1_neurons[63].u_neuron|thresh_reg[16]                                                 ; 1                 ; 6       ;
;      - fc1_folded_top:u_fc1|fc1_folded_neuron:gen_fc1_neurons[63].u_neuron|thresh_reg[8]                                                  ; 1                 ; 6       ;
;      - fc1_folded_top:u_fc1|fc1_folded_neuron:gen_fc1_neurons[63].u_neuron|thresh_reg[0]                                                  ; 1                 ; 6       ;
;      - fc1_folded_top:u_fc1|fc1_folded_neuron:gen_fc1_neurons[63].u_neuron|thresh_reg[1]                                                  ; 1                 ; 6       ;
;      - fc1_folded_top:u_fc1|fc1_folded_neuron:gen_fc1_neurons[63].u_neuron|compute_done                                                   ; 1                 ; 6       ;
;      - fc1_folded_top:u_fc1|fc1_folded_neuron:gen_fc1_neurons[55].u_neuron|compute_done                                                   ; 1                 ; 6       ;
;      - fc1_folded_top:u_fc1|fc1_folded_neuron:gen_fc1_neurons[55].u_neuron|thresh_reg[16]                                                 ; 1                 ; 6       ;
;      - fc1_folded_top:u_fc1|fc1_folded_neuron:gen_fc1_neurons[55].u_neuron|thresh_reg[7]                                                  ; 1                 ; 6       ;
;      - fc1_folded_top:u_fc1|fc1_folded_neuron:gen_fc1_neurons[55].u_neuron|thresh_reg[6]                                                  ; 1                 ; 6       ;
;      - fc1_folded_top:u_fc1|fc1_folded_neuron:gen_fc1_neurons[55].u_neuron|thresh_reg[5]                                                  ; 1                 ; 6       ;
;      - fc1_folded_top:u_fc1|fc1_folded_neuron:gen_fc1_neurons[55].u_neuron|thresh_reg[3]                                                  ; 1                 ; 6       ;
;      - fc1_folded_top:u_fc1|fc1_folded_neuron:gen_fc1_neurons[55].u_neuron|thresh_reg[1]                                                  ; 1                 ; 6       ;
;      - fc1_folded_top:u_fc1|fc1_folded_neuron:gen_fc1_neurons[56].u_neuron|thresh_reg[7]                                                  ; 1                 ; 6       ;
;      - fc1_folded_top:u_fc1|fc1_folded_neuron:gen_fc1_neurons[56].u_neuron|thresh_reg[6]                                                  ; 1                 ; 6       ;
;      - fc1_folded_top:u_fc1|fc1_folded_neuron:gen_fc1_neurons[56].u_neuron|thresh_reg[5]                                                  ; 1                 ; 6       ;
;      - fc1_folded_top:u_fc1|fc1_folded_neuron:gen_fc1_neurons[56].u_neuron|thresh_reg[3]                                                  ; 1                 ; 6       ;
;      - fc1_folded_top:u_fc1|fc1_folded_neuron:gen_fc1_neurons[56].u_neuron|thresh_reg[2]                                                  ; 1                 ; 6       ;
;      - fc1_folded_top:u_fc1|fc1_folded_neuron:gen_fc1_neurons[56].u_neuron|thresh_reg[0]                                                  ; 1                 ; 6       ;
;      - fc1_folded_top:u_fc1|fc1_folded_neuron:gen_fc1_neurons[56].u_neuron|thresh_reg[16]                                                 ; 1                 ; 6       ;
;      - fc1_folded_top:u_fc1|fc1_folded_neuron:gen_fc1_neurons[56].u_neuron|compute_done                                                   ; 1                 ; 6       ;
;      - fc1_folded_top:u_fc1|fc1_folded_neuron:gen_fc1_neurons[37].u_neuron|thresh_reg[16]                                                 ; 1                 ; 6       ;
;      - fc1_folded_top:u_fc1|fc1_folded_neuron:gen_fc1_neurons[37].u_neuron|thresh_reg[7]                                                  ; 1                 ; 6       ;
;      - fc1_folded_top:u_fc1|fc1_folded_neuron:gen_fc1_neurons[37].u_neuron|thresh_reg[6]                                                  ; 1                 ; 6       ;
;      - fc1_folded_top:u_fc1|fc1_folded_neuron:gen_fc1_neurons[37].u_neuron|thresh_reg[5]                                                  ; 1                 ; 6       ;
;      - fc1_folded_top:u_fc1|fc1_folded_neuron:gen_fc1_neurons[37].u_neuron|thresh_reg[4]                                                  ; 1                 ; 6       ;
;      - fc1_folded_top:u_fc1|fc1_folded_neuron:gen_fc1_neurons[37].u_neuron|thresh_reg[3]                                                  ; 1                 ; 6       ;
;      - fc1_folded_top:u_fc1|fc1_folded_neuron:gen_fc1_neurons[37].u_neuron|thresh_reg[2]                                                  ; 1                 ; 6       ;
;      - fc1_folded_top:u_fc1|fc1_folded_neuron:gen_fc1_neurons[37].u_neuron|thresh_reg[1]                                                  ; 1                 ; 6       ;
;      - fc1_folded_top:u_fc1|fc1_folded_neuron:gen_fc1_neurons[37].u_neuron|thresh_reg[0]                                                  ; 1                 ; 6       ;
;      - fc1_folded_top:u_fc1|fc1_folded_neuron:gen_fc1_neurons[37].u_neuron|compute_done                                                   ; 1                 ; 6       ;
;      - fc1_folded_top:u_fc1|fc1_folded_neuron:gen_fc1_neurons[39].u_neuron|thresh_reg[16]                                                 ; 1                 ; 6       ;
;      - fc1_folded_top:u_fc1|fc1_folded_neuron:gen_fc1_neurons[39].u_neuron|thresh_reg[7]                                                  ; 1                 ; 6       ;
;      - fc1_folded_top:u_fc1|fc1_folded_neuron:gen_fc1_neurons[39].u_neuron|thresh_reg[5]                                                  ; 1                 ; 6       ;
;      - fc1_folded_top:u_fc1|fc1_folded_neuron:gen_fc1_neurons[39].u_neuron|thresh_reg[2]                                                  ; 1                 ; 6       ;
;      - fc1_folded_top:u_fc1|fc1_folded_neuron:gen_fc1_neurons[39].u_neuron|compute_done                                                   ; 1                 ; 6       ;
;      - fc1_folded_top:u_fc1|fc1_folded_neuron:gen_fc1_neurons[41].u_neuron|compute_done                                                   ; 1                 ; 6       ;
;      - fc1_folded_top:u_fc1|fc1_folded_neuron:gen_fc1_neurons[41].u_neuron|thresh_reg[16]                                                 ; 1                 ; 6       ;
;      - fc1_folded_top:u_fc1|fc1_folded_neuron:gen_fc1_neurons[41].u_neuron|thresh_reg[3]                                                  ; 1                 ; 6       ;
;      - fc1_folded_top:u_fc1|fc1_folded_neuron:gen_fc1_neurons[41].u_neuron|thresh_reg[8]                                                  ; 1                 ; 6       ;
;      - fc1_folded_top:u_fc1|fc1_folded_neuron:gen_fc1_neurons[41].u_neuron|thresh_reg[0]                                                  ; 1                 ; 6       ;
;      - fc1_folded_top:u_fc1|fc1_folded_neuron:gen_fc1_neurons[44].u_neuron|thresh_reg[16]                                                 ; 1                 ; 6       ;
;      - fc1_folded_top:u_fc1|fc1_folded_neuron:gen_fc1_neurons[44].u_neuron|thresh_reg[8]                                                  ; 1                 ; 6       ;
;      - fc1_folded_top:u_fc1|fc1_folded_neuron:gen_fc1_neurons[44].u_neuron|thresh_reg[0]                                                  ; 1                 ; 6       ;
;      - fc1_folded_top:u_fc1|fc1_folded_neuron:gen_fc1_neurons[44].u_neuron|thresh_reg[1]                                                  ; 1                 ; 6       ;
;      - fc1_folded_top:u_fc1|fc1_folded_neuron:gen_fc1_neurons[44].u_neuron|thresh_reg[3]                                                  ; 1                 ; 6       ;
;      - fc1_folded_top:u_fc1|fc1_folded_neuron:gen_fc1_neurons[44].u_neuron|thresh_reg[4]                                                  ; 1                 ; 6       ;
;      - fc1_folded_top:u_fc1|fc1_folded_neuron:gen_fc1_neurons[44].u_neuron|thresh_reg[5]                                                  ; 1                 ; 6       ;
;      - fc1_folded_top:u_fc1|fc1_folded_neuron:gen_fc1_neurons[44].u_neuron|compute_done                                                   ; 1                 ; 6       ;
;      - fc1_folded_top:u_fc1|fc1_folded_neuron:gen_fc1_neurons[50].u_neuron|thresh_reg[16]                                                 ; 1                 ; 6       ;
;      - fc1_folded_top:u_fc1|fc1_folded_neuron:gen_fc1_neurons[50].u_neuron|thresh_reg[7]                                                  ; 1                 ; 6       ;
;      - fc1_folded_top:u_fc1|fc1_folded_neuron:gen_fc1_neurons[50].u_neuron|thresh_reg[5]                                                  ; 1                 ; 6       ;
;      - fc1_folded_top:u_fc1|fc1_folded_neuron:gen_fc1_neurons[50].u_neuron|thresh_reg[4]                                                  ; 1                 ; 6       ;
;      - fc1_folded_top:u_fc1|fc1_folded_neuron:gen_fc1_neurons[50].u_neuron|compute_done                                                   ; 1                 ; 6       ;
;      - fc1_folded_top:u_fc1|fc1_folded_neuron:gen_fc1_neurons[51].u_neuron|compute_done                                                   ; 1                 ; 6       ;
;      - fc1_folded_top:u_fc1|fc1_folded_neuron:gen_fc1_neurons[51].u_neuron|thresh_reg[16]                                                 ; 1                 ; 6       ;
;      - fc1_folded_top:u_fc1|fc1_folded_neuron:gen_fc1_neurons[51].u_neuron|thresh_reg[6]                                                  ; 1                 ; 6       ;
;      - fc1_folded_top:u_fc1|fc1_folded_neuron:gen_fc1_neurons[51].u_neuron|thresh_reg[7]                                                  ; 1                 ; 6       ;
;      - fc1_folded_top:u_fc1|fc1_folded_neuron:gen_fc1_neurons[51].u_neuron|thresh_reg[5]                                                  ; 1                 ; 6       ;
;      - fc1_folded_top:u_fc1|fc1_folded_neuron:gen_fc1_neurons[51].u_neuron|thresh_reg[3]                                                  ; 1                 ; 6       ;
;      - fc1_folded_top:u_fc1|fc1_folded_neuron:gen_fc1_neurons[51].u_neuron|thresh_reg[2]                                                  ; 1                 ; 6       ;
;      - fc1_folded_top:u_fc1|fc1_folded_neuron:gen_fc1_neurons[51].u_neuron|thresh_reg[0]                                                  ; 1                 ; 6       ;
;      - fc1_folded_top:u_fc1|fc1_folded_neuron:gen_fc1_neurons[26].u_neuron|compute_done                                                   ; 1                 ; 6       ;
;      - fc1_folded_top:u_fc1|fc1_folded_neuron:gen_fc1_neurons[26].u_neuron|thresh_reg[16]                                                 ; 1                 ; 6       ;
;      - fc1_folded_top:u_fc1|fc1_folded_neuron:gen_fc1_neurons[26].u_neuron|thresh_reg[6]                                                  ; 1                 ; 6       ;
;      - fc1_folded_top:u_fc1|fc1_folded_neuron:gen_fc1_neurons[26].u_neuron|thresh_reg[7]                                                  ; 1                 ; 6       ;
;      - fc1_folded_top:u_fc1|fc1_folded_neuron:gen_fc1_neurons[26].u_neuron|thresh_reg[4]                                                  ; 1                 ; 6       ;
;      - fc1_folded_top:u_fc1|fc1_folded_neuron:gen_fc1_neurons[26].u_neuron|thresh_reg[0]                                                  ; 1                 ; 6       ;
;      - fc1_folded_top:u_fc1|fc1_folded_neuron:gen_fc1_neurons[26].u_neuron|thresh_reg[1]                                                  ; 1                 ; 6       ;
;      - fc1_folded_top:u_fc1|fc1_folded_neuron:gen_fc1_neurons[12].u_neuron|compute_done                                                   ; 1                 ; 6       ;
;      - fc1_folded_top:u_fc1|fc1_folded_neuron:gen_fc1_neurons[12].u_neuron|thresh_reg[16]                                                 ; 1                 ; 6       ;
;      - fc1_folded_top:u_fc1|fc1_folded_neuron:gen_fc1_neurons[12].u_neuron|thresh_reg[8]                                                  ; 1                 ; 6       ;
;      - fc1_folded_top:u_fc1|fc1_folded_neuron:gen_fc1_neurons[12].u_neuron|thresh_reg[3]                                                  ; 1                 ; 6       ;
;      - fc1_folded_top:u_fc1|fc1_folded_neuron:gen_fc1_neurons[12].u_neuron|thresh_reg[1]                                                  ; 1                 ; 6       ;
;      - fc1_folded_top:u_fc1|fc1_folded_neuron:gen_fc1_neurons[21].u_neuron|thresh_reg[16]                                                 ; 1                 ; 6       ;
;      - fc1_folded_top:u_fc1|fc1_folded_neuron:gen_fc1_neurons[21].u_neuron|thresh_reg[8]                                                  ; 1                 ; 6       ;
;      - fc1_folded_top:u_fc1|fc1_folded_neuron:gen_fc1_neurons[21].u_neuron|thresh_reg[0]                                                  ; 1                 ; 6       ;
;      - fc1_folded_top:u_fc1|fc1_folded_neuron:gen_fc1_neurons[21].u_neuron|compute_done                                                   ; 1                 ; 6       ;
;      - fc1_folded_top:u_fc1|fc1_folded_neuron:gen_fc1_neurons[5].u_neuron|compute_done                                                    ; 1                 ; 6       ;
;      - fc1_folded_top:u_fc1|fc1_folded_neuron:gen_fc1_neurons[5].u_neuron|thresh_reg[16]                                                  ; 1                 ; 6       ;
;      - fc1_folded_top:u_fc1|fc1_folded_neuron:gen_fc1_neurons[5].u_neuron|thresh_reg[4]                                                   ; 1                 ; 6       ;
;      - fc1_folded_top:u_fc1|fc1_folded_neuron:gen_fc1_neurons[5].u_neuron|thresh_reg[2]                                                   ; 1                 ; 6       ;
;      - fc1_folded_top:u_fc1|fc1_folded_neuron:gen_fc1_neurons[5].u_neuron|thresh_reg[8]                                                   ; 1                 ; 6       ;
;      - fc1_folded_top:u_fc1|fc1_folded_neuron:gen_fc1_neurons[3].u_neuron|thresh_reg[16]                                                  ; 1                 ; 6       ;
;      - fc1_folded_top:u_fc1|fc1_folded_neuron:gen_fc1_neurons[3].u_neuron|thresh_reg[6]                                                   ; 1                 ; 6       ;
;      - fc1_folded_top:u_fc1|fc1_folded_neuron:gen_fc1_neurons[3].u_neuron|thresh_reg[7]                                                   ; 1                 ; 6       ;
;      - fc1_folded_top:u_fc1|fc1_folded_neuron:gen_fc1_neurons[3].u_neuron|thresh_reg[5]                                                   ; 1                 ; 6       ;
;      - fc1_folded_top:u_fc1|fc1_folded_neuron:gen_fc1_neurons[3].u_neuron|thresh_reg[2]                                                   ; 1                 ; 6       ;
;      - fc1_folded_top:u_fc1|fc1_folded_neuron:gen_fc1_neurons[3].u_neuron|thresh_reg[0]                                                   ; 1                 ; 6       ;
;      - fc1_folded_top:u_fc1|fc1_folded_neuron:gen_fc1_neurons[3].u_neuron|compute_done                                                    ; 1                 ; 6       ;
;      - fc1_folded_top:u_fc1|fc1_folded_neuron:gen_fc1_neurons[4].u_neuron|thresh_reg[16]                                                  ; 1                 ; 6       ;
;      - fc1_folded_top:u_fc1|fc1_folded_neuron:gen_fc1_neurons[4].u_neuron|thresh_reg[6]                                                   ; 1                 ; 6       ;
;      - fc1_folded_top:u_fc1|fc1_folded_neuron:gen_fc1_neurons[4].u_neuron|thresh_reg[7]                                                   ; 1                 ; 6       ;
;      - fc1_folded_top:u_fc1|fc1_folded_neuron:gen_fc1_neurons[4].u_neuron|thresh_reg[5]                                                   ; 1                 ; 6       ;
;      - fc1_folded_top:u_fc1|fc1_folded_neuron:gen_fc1_neurons[4].u_neuron|thresh_reg[2]                                                   ; 1                 ; 6       ;
;      - fc1_folded_top:u_fc1|fc1_folded_neuron:gen_fc1_neurons[4].u_neuron|thresh_reg[0]                                                   ; 1                 ; 6       ;
;      - fc1_folded_top:u_fc1|fc1_folded_neuron:gen_fc1_neurons[4].u_neuron|compute_done                                                    ; 1                 ; 6       ;
;      - fc1_folded_top:u_fc1|fc1_folded_neuron:gen_fc1_neurons[27].u_neuron|thresh_reg[16]                                                 ; 1                 ; 6       ;
;      - fc1_folded_top:u_fc1|fc1_folded_neuron:gen_fc1_neurons[27].u_neuron|thresh_reg[6]                                                  ; 1                 ; 6       ;
;      - fc1_folded_top:u_fc1|fc1_folded_neuron:gen_fc1_neurons[27].u_neuron|thresh_reg[7]                                                  ; 1                 ; 6       ;
;      - fc1_folded_top:u_fc1|fc1_folded_neuron:gen_fc1_neurons[27].u_neuron|thresh_reg[5]                                                  ; 1                 ; 6       ;
;      - fc1_folded_top:u_fc1|fc1_folded_neuron:gen_fc1_neurons[27].u_neuron|thresh_reg[2]                                                  ; 1                 ; 6       ;
;      - fc1_folded_top:u_fc1|fc1_folded_neuron:gen_fc1_neurons[27].u_neuron|thresh_reg[1]                                                  ; 1                 ; 6       ;
;      - fc1_folded_top:u_fc1|fc1_folded_neuron:gen_fc1_neurons[27].u_neuron|compute_done                                                   ; 1                 ; 6       ;
;      - fc1_folded_top:u_fc1|fc1_folded_neuron:gen_fc1_neurons[36].u_neuron|compute_done                                                   ; 1                 ; 6       ;
;      - fc1_folded_top:u_fc1|fc1_folded_neuron:gen_fc1_neurons[36].u_neuron|thresh_reg[16]                                                 ; 1                 ; 6       ;
;      - fc1_folded_top:u_fc1|fc1_folded_neuron:gen_fc1_neurons[36].u_neuron|thresh_reg[6]                                                  ; 1                 ; 6       ;
;      - fc1_folded_top:u_fc1|fc1_folded_neuron:gen_fc1_neurons[36].u_neuron|thresh_reg[7]                                                  ; 1                 ; 6       ;
;      - fc1_folded_top:u_fc1|fc1_folded_neuron:gen_fc1_neurons[36].u_neuron|thresh_reg[2]                                                  ; 1                 ; 6       ;
;      - fc1_folded_top:u_fc1|fc1_folded_neuron:gen_fc1_neurons[36].u_neuron|thresh_reg[1]                                                  ; 1                 ; 6       ;
;      - fc1_folded_top:u_fc1|fc1_folded_neuron:gen_fc1_neurons[36].u_neuron|thresh_reg[0]                                                  ; 1                 ; 6       ;
;      - fc1_folded_top:u_fc1|fc1_folded_neuron:gen_fc1_neurons[34].u_neuron|compute_done                                                   ; 1                 ; 6       ;
;      - fc1_folded_top:u_fc1|fc1_folded_neuron:gen_fc1_neurons[34].u_neuron|thresh_reg[16]                                                 ; 1                 ; 6       ;
;      - fc1_folded_top:u_fc1|fc1_folded_neuron:gen_fc1_neurons[34].u_neuron|thresh_reg[4]                                                  ; 1                 ; 6       ;
;      - fc1_folded_top:u_fc1|fc1_folded_neuron:gen_fc1_neurons[34].u_neuron|thresh_reg[2]                                                  ; 1                 ; 6       ;
;      - fc1_folded_top:u_fc1|fc1_folded_neuron:gen_fc1_neurons[34].u_neuron|thresh_reg[0]                                                  ; 1                 ; 6       ;
;      - fc1_folded_top:u_fc1|fc1_folded_neuron:gen_fc1_neurons[34].u_neuron|thresh_reg[8]                                                  ; 1                 ; 6       ;
;      - fc1_folded_top:u_fc1|fc1_folded_neuron:gen_fc1_neurons[35].u_neuron|compute_done                                                   ; 1                 ; 6       ;
;      - fc1_folded_top:u_fc1|fc1_folded_neuron:gen_fc1_neurons[35].u_neuron|thresh_reg[16]                                                 ; 1                 ; 6       ;
;      - fc1_folded_top:u_fc1|fc1_folded_neuron:gen_fc1_neurons[35].u_neuron|thresh_reg[8]                                                  ; 1                 ; 6       ;
;      - fc1_folded_top:u_fc1|fc1_folded_neuron:gen_fc1_neurons[35].u_neuron|thresh_reg[3]                                                  ; 1                 ; 6       ;
;      - fc1_folded_top:u_fc1|fc1_folded_neuron:gen_fc1_neurons[54].u_neuron|thresh_reg[7]                                                  ; 1                 ; 6       ;
;      - fc1_folded_top:u_fc1|fc1_folded_neuron:gen_fc1_neurons[54].u_neuron|thresh_reg[6]                                                  ; 1                 ; 6       ;
;      - fc1_folded_top:u_fc1|fc1_folded_neuron:gen_fc1_neurons[54].u_neuron|thresh_reg[4]                                                  ; 1                 ; 6       ;
;      - fc1_folded_top:u_fc1|fc1_folded_neuron:gen_fc1_neurons[54].u_neuron|thresh_reg[2]                                                  ; 1                 ; 6       ;
;      - fc1_folded_top:u_fc1|fc1_folded_neuron:gen_fc1_neurons[54].u_neuron|thresh_reg[1]                                                  ; 1                 ; 6       ;
;      - fc1_folded_top:u_fc1|fc1_folded_neuron:gen_fc1_neurons[54].u_neuron|thresh_reg[16]                                                 ; 1                 ; 6       ;
;      - fc1_folded_top:u_fc1|fc1_folded_neuron:gen_fc1_neurons[54].u_neuron|compute_done                                                   ; 1                 ; 6       ;
;      - fc1_folded_top:u_fc1|fc1_folded_neuron:gen_fc1_neurons[58].u_neuron|compute_done                                                   ; 1                 ; 6       ;
;      - fc1_folded_top:u_fc1|fc1_folded_neuron:gen_fc1_neurons[58].u_neuron|thresh_reg[16]                                                 ; 1                 ; 6       ;
;      - fc1_folded_top:u_fc1|fc1_folded_neuron:gen_fc1_neurons[58].u_neuron|thresh_reg[8]                                                  ; 1                 ; 6       ;
;      - fc1_folded_top:u_fc1|fc1_folded_neuron:gen_fc1_neurons[58].u_neuron|thresh_reg[4]                                                  ; 1                 ; 6       ;
;      - fc1_folded_top:u_fc1|fc1_folded_neuron:gen_fc1_neurons[58].u_neuron|thresh_reg[1]                                                  ; 1                 ; 6       ;
;      - fc1_folded_top:u_fc1|fc1_folded_neuron:gen_fc1_neurons[61].u_neuron|thresh_reg[16]                                                 ; 1                 ; 6       ;
;      - fc1_folded_top:u_fc1|fc1_folded_neuron:gen_fc1_neurons[61].u_neuron|thresh_reg[8]                                                  ; 1                 ; 6       ;
;      - fc1_folded_top:u_fc1|fc1_folded_neuron:gen_fc1_neurons[61].u_neuron|thresh_reg[0]                                                  ; 1                 ; 6       ;
;      - fc1_folded_top:u_fc1|fc1_folded_neuron:gen_fc1_neurons[61].u_neuron|thresh_reg[1]                                                  ; 1                 ; 6       ;
;      - fc1_folded_top:u_fc1|fc1_folded_neuron:gen_fc1_neurons[61].u_neuron|thresh_reg[2]                                                  ; 1                 ; 6       ;
;      - fc1_folded_top:u_fc1|fc1_folded_neuron:gen_fc1_neurons[61].u_neuron|thresh_reg[3]                                                  ; 1                 ; 6       ;
;      - fc1_folded_top:u_fc1|fc1_folded_neuron:gen_fc1_neurons[61].u_neuron|compute_done                                                   ; 1                 ; 6       ;
;      - fc1_folded_top:u_fc1|fc1_folded_neuron:gen_fc1_neurons[30].u_neuron|compute_done                                                   ; 1                 ; 6       ;
;      - fc1_folded_top:u_fc1|fc1_folded_neuron:gen_fc1_neurons[30].u_neuron|thresh_reg[16]                                                 ; 1                 ; 6       ;
;      - fc1_folded_top:u_fc1|fc1_folded_neuron:gen_fc1_neurons[30].u_neuron|thresh_reg[8]                                                  ; 1                 ; 6       ;
;      - fc1_folded_top:u_fc1|fc1_folded_neuron:gen_fc1_neurons[30].u_neuron|thresh_reg[4]                                                  ; 1                 ; 6       ;
;      - fc1_folded_top:u_fc1|fc1_folded_neuron:gen_fc1_neurons[30].u_neuron|thresh_reg[1]                                                  ; 1                 ; 6       ;
;      - fc1_folded_top:u_fc1|fc1_folded_neuron:gen_fc1_neurons[19].u_neuron|thresh_reg[16]                                                 ; 1                 ; 6       ;
;      - fc1_folded_top:u_fc1|fc1_folded_neuron:gen_fc1_neurons[19].u_neuron|thresh_reg[6]                                                  ; 1                 ; 6       ;
;      - fc1_folded_top:u_fc1|fc1_folded_neuron:gen_fc1_neurons[19].u_neuron|thresh_reg[7]                                                  ; 1                 ; 6       ;
;      - fc1_folded_top:u_fc1|fc1_folded_neuron:gen_fc1_neurons[19].u_neuron|thresh_reg[2]                                                  ; 1                 ; 6       ;
;      - fc1_folded_top:u_fc1|fc1_folded_neuron:gen_fc1_neurons[19].u_neuron|thresh_reg[1]                                                  ; 1                 ; 6       ;
;      - fc1_folded_top:u_fc1|fc1_folded_neuron:gen_fc1_neurons[19].u_neuron|thresh_reg[0]                                                  ; 1                 ; 6       ;
;      - fc1_folded_top:u_fc1|fc1_folded_neuron:gen_fc1_neurons[19].u_neuron|compute_done                                                   ; 1                 ; 6       ;
;      - fc1_folded_top:u_fc1|fc1_folded_neuron:gen_fc1_neurons[25].u_neuron|thresh_reg[16]                                                 ; 1                 ; 6       ;
;      - fc1_folded_top:u_fc1|fc1_folded_neuron:gen_fc1_neurons[25].u_neuron|thresh_reg[8]                                                  ; 1                 ; 6       ;
;      - fc1_folded_top:u_fc1|fc1_folded_neuron:gen_fc1_neurons[25].u_neuron|thresh_reg[3]                                                  ; 1                 ; 6       ;
;      - fc1_folded_top:u_fc1|fc1_folded_neuron:gen_fc1_neurons[25].u_neuron|thresh_reg[0]                                                  ; 1                 ; 6       ;
;      - fc1_folded_top:u_fc1|fc1_folded_neuron:gen_fc1_neurons[25].u_neuron|thresh_reg[1]                                                  ; 1                 ; 6       ;
;      - fc1_folded_top:u_fc1|fc1_folded_neuron:gen_fc1_neurons[25].u_neuron|compute_done                                                   ; 1                 ; 6       ;
;      - fc1_folded_top:u_fc1|fc1_folded_neuron:gen_fc1_neurons[17].u_neuron|thresh_reg[7]                                                  ; 1                 ; 6       ;
;      - fc1_folded_top:u_fc1|fc1_folded_neuron:gen_fc1_neurons[17].u_neuron|thresh_reg[16]                                                 ; 1                 ; 6       ;
;      - fc1_folded_top:u_fc1|fc1_folded_neuron:gen_fc1_neurons[17].u_neuron|thresh_reg[0]                                                  ; 1                 ; 6       ;
;      - fc1_folded_top:u_fc1|fc1_folded_neuron:gen_fc1_neurons[17].u_neuron|thresh_reg[5]                                                  ; 1                 ; 6       ;
;      - fc1_folded_top:u_fc1|fc1_folded_neuron:gen_fc1_neurons[17].u_neuron|thresh_reg[3]                                                  ; 1                 ; 6       ;
;      - fc1_folded_top:u_fc1|fc1_folded_neuron:gen_fc1_neurons[17].u_neuron|thresh_reg[2]                                                  ; 1                 ; 6       ;
;      - fc1_folded_top:u_fc1|fc1_folded_neuron:gen_fc1_neurons[17].u_neuron|compute_done                                                   ; 1                 ; 6       ;
;      - fc1_folded_top:u_fc1|fc1_folded_neuron:gen_fc1_neurons[14].u_neuron|compute_done                                                   ; 1                 ; 6       ;
;      - fc1_folded_top:u_fc1|fc1_folded_neuron:gen_fc1_neurons[14].u_neuron|thresh_reg[16]                                                 ; 1                 ; 6       ;
;      - fc1_folded_top:u_fc1|fc1_folded_neuron:gen_fc1_neurons[14].u_neuron|thresh_reg[8]                                                  ; 1                 ; 6       ;
;      - fc1_folded_top:u_fc1|fc1_folded_neuron:gen_fc1_neurons[14].u_neuron|thresh_reg[2]                                                  ; 1                 ; 6       ;
;      - fc1_folded_top:u_fc1|fc1_folded_neuron:gen_fc1_neurons[14].u_neuron|thresh_reg[1]                                                  ; 1                 ; 6       ;
;      - fc1_folded_top:u_fc1|fc1_folded_neuron:gen_fc1_neurons[14].u_neuron|thresh_reg[0]                                                  ; 1                 ; 6       ;
;      - fc1_folded_top:u_fc1|fc1_folded_neuron:gen_fc1_neurons[15].u_neuron|compute_done                                                   ; 1                 ; 6       ;
;      - fc1_folded_top:u_fc1|fc1_folded_neuron:gen_fc1_neurons[15].u_neuron|thresh_reg[6]                                                  ; 1                 ; 6       ;
;      - fc1_folded_top:u_fc1|fc1_folded_neuron:gen_fc1_neurons[15].u_neuron|thresh_reg[7]                                                  ; 1                 ; 6       ;
;      - fc1_folded_top:u_fc1|fc1_folded_neuron:gen_fc1_neurons[15].u_neuron|thresh_reg[5]                                                  ; 1                 ; 6       ;
;      - fc1_folded_top:u_fc1|fc1_folded_neuron:gen_fc1_neurons[15].u_neuron|thresh_reg[3]                                                  ; 1                 ; 6       ;
;      - fc1_folded_top:u_fc1|fc1_folded_neuron:gen_fc1_neurons[15].u_neuron|thresh_reg[2]                                                  ; 1                 ; 6       ;
;      - fc1_folded_top:u_fc1|fc1_folded_neuron:gen_fc1_neurons[15].u_neuron|thresh_reg[16]                                                 ; 1                 ; 6       ;
;      - fc1_folded_top:u_fc1|fc1_folded_neuron:gen_fc1_neurons[32].u_neuron|thresh_reg[16]                                                 ; 1                 ; 6       ;
;      - fc1_folded_top:u_fc1|fc1_folded_neuron:gen_fc1_neurons[32].u_neuron|thresh_reg[7]                                                  ; 1                 ; 6       ;
;      - fc1_folded_top:u_fc1|fc1_folded_neuron:gen_fc1_neurons[32].u_neuron|thresh_reg[6]                                                  ; 1                 ; 6       ;
;      - fc1_folded_top:u_fc1|fc1_folded_neuron:gen_fc1_neurons[32].u_neuron|thresh_reg[2]                                                  ; 1                 ; 6       ;
;      - fc1_folded_top:u_fc1|fc1_folded_neuron:gen_fc1_neurons[32].u_neuron|compute_done                                                   ; 1                 ; 6       ;
;      - fc1_folded_top:u_fc1|fc1_folded_neuron:gen_fc1_neurons[33].u_neuron|thresh_reg[1]                                                  ; 1                 ; 6       ;
;      - fc1_folded_top:u_fc1|fc1_folded_neuron:gen_fc1_neurons[33].u_neuron|thresh_reg[6]                                                  ; 1                 ; 6       ;
;      - fc1_folded_top:u_fc1|fc1_folded_neuron:gen_fc1_neurons[33].u_neuron|thresh_reg[7]                                                  ; 1                 ; 6       ;
;      - fc1_folded_top:u_fc1|fc1_folded_neuron:gen_fc1_neurons[33].u_neuron|thresh_reg[3]                                                  ; 1                 ; 6       ;
;      - fc1_folded_top:u_fc1|fc1_folded_neuron:gen_fc1_neurons[33].u_neuron|thresh_reg[2]                                                  ; 1                 ; 6       ;
;      - fc1_folded_top:u_fc1|fc1_folded_neuron:gen_fc1_neurons[33].u_neuron|thresh_reg[16]                                                 ; 1                 ; 6       ;
;      - fc1_folded_top:u_fc1|fc1_folded_neuron:gen_fc1_neurons[33].u_neuron|compute_done                                                   ; 1                 ; 6       ;
;      - fc1_folded_top:u_fc1|fc1_folded_neuron:gen_fc1_neurons[52].u_neuron|thresh_reg[16]                                                 ; 1                 ; 6       ;
;      - fc1_folded_top:u_fc1|fc1_folded_neuron:gen_fc1_neurons[52].u_neuron|thresh_reg[8]                                                  ; 1                 ; 6       ;
;      - fc1_folded_top:u_fc1|fc1_folded_neuron:gen_fc1_neurons[52].u_neuron|thresh_reg[1]                                                  ; 1                 ; 6       ;
;      - fc1_folded_top:u_fc1|fc1_folded_neuron:gen_fc1_neurons[52].u_neuron|thresh_reg[2]                                                  ; 1                 ; 6       ;
;      - fc1_folded_top:u_fc1|fc1_folded_neuron:gen_fc1_neurons[52].u_neuron|thresh_reg[4]                                                  ; 1                 ; 6       ;
;      - fc1_folded_top:u_fc1|fc1_folded_neuron:gen_fc1_neurons[52].u_neuron|thresh_reg[5]                                                  ; 1                 ; 6       ;
;      - fc1_folded_top:u_fc1|fc1_folded_neuron:gen_fc1_neurons[52].u_neuron|compute_done                                                   ; 1                 ; 6       ;
;      - fc1_folded_top:u_fc1|fc1_folded_neuron:gen_fc1_neurons[60].u_neuron|compute_done                                                   ; 1                 ; 6       ;
;      - fc1_folded_top:u_fc1|fc1_folded_neuron:gen_fc1_neurons[60].u_neuron|thresh_reg[16]                                                 ; 1                 ; 6       ;
;      - fc1_folded_top:u_fc1|fc1_folded_neuron:gen_fc1_neurons[60].u_neuron|thresh_reg[7]                                                  ; 1                 ; 6       ;
;      - fc1_folded_top:u_fc1|fc1_folded_neuron:gen_fc1_neurons[60].u_neuron|thresh_reg[5]                                                  ; 1                 ; 6       ;
;      - fc1_folded_top:u_fc1|fc1_folded_neuron:gen_fc1_neurons[60].u_neuron|thresh_reg[4]                                                  ; 1                 ; 6       ;
;      - fc1_folded_top:u_fc1|fc1_folded_neuron:gen_fc1_neurons[60].u_neuron|thresh_reg[3]                                                  ; 1                 ; 6       ;
;      - fc1_folded_top:u_fc1|fc1_folded_neuron:gen_fc1_neurons[49].u_neuron|compute_done                                                   ; 1                 ; 6       ;
;      - fc1_folded_top:u_fc1|fc1_folded_neuron:gen_fc1_neurons[49].u_neuron|thresh_reg[16]                                                 ; 1                 ; 6       ;
;      - fc1_folded_top:u_fc1|fc1_folded_neuron:gen_fc1_neurons[49].u_neuron|thresh_reg[4]                                                  ; 1                 ; 6       ;
;      - fc1_folded_top:u_fc1|fc1_folded_neuron:gen_fc1_neurons[49].u_neuron|thresh_reg[2]                                                  ; 1                 ; 6       ;
;      - fc1_folded_top:u_fc1|fc1_folded_neuron:gen_fc1_neurons[49].u_neuron|thresh_reg[0]                                                  ; 1                 ; 6       ;
;      - fc1_folded_top:u_fc1|fc1_folded_neuron:gen_fc1_neurons[49].u_neuron|thresh_reg[8]                                                  ; 1                 ; 6       ;
;      - fc1_folded_top:u_fc1|fc1_folded_neuron:gen_fc1_neurons[29].u_neuron|compute_done                                                   ; 1                 ; 6       ;
;      - fc1_folded_top:u_fc1|fc1_folded_neuron:gen_fc1_neurons[29].u_neuron|thresh_reg[16]                                                 ; 1                 ; 6       ;
;      - fc1_folded_top:u_fc1|fc1_folded_neuron:gen_fc1_neurons[29].u_neuron|thresh_reg[7]                                                  ; 1                 ; 6       ;
;      - fc1_folded_top:u_fc1|fc1_folded_neuron:gen_fc1_neurons[29].u_neuron|thresh_reg[6]                                                  ; 1                 ; 6       ;
;      - fc1_folded_top:u_fc1|fc1_folded_neuron:gen_fc1_neurons[29].u_neuron|thresh_reg[5]                                                  ; 1                 ; 6       ;
;      - fc1_folded_top:u_fc1|fc1_folded_neuron:gen_fc1_neurons[29].u_neuron|thresh_reg[1]                                                  ; 1                 ; 6       ;
;      - fc1_folded_top:u_fc1|fc1_folded_neuron:gen_fc1_neurons[42].u_neuron|compute_done                                                   ; 1                 ; 6       ;
;      - fc1_folded_top:u_fc1|fc1_folded_neuron:gen_fc1_neurons[42].u_neuron|thresh_reg[16]                                                 ; 1                 ; 6       ;
;      - fc1_folded_top:u_fc1|fc1_folded_neuron:gen_fc1_neurons[42].u_neuron|thresh_reg[6]                                                  ; 1                 ; 6       ;
;      - fc1_folded_top:u_fc1|fc1_folded_neuron:gen_fc1_neurons[42].u_neuron|thresh_reg[7]                                                  ; 1                 ; 6       ;
;      - fc1_folded_top:u_fc1|fc1_folded_neuron:gen_fc1_neurons[42].u_neuron|thresh_reg[4]                                                  ; 1                 ; 6       ;
;      - fc1_folded_top:u_fc1|fc1_folded_neuron:gen_fc1_neurons[42].u_neuron|thresh_reg[3]                                                  ; 1                 ; 6       ;
;      - fc1_folded_top:u_fc1|fc1_folded_neuron:gen_fc1_neurons[42].u_neuron|thresh_reg[0]                                                  ; 1                 ; 6       ;
;      - fc1_folded_top:u_fc1|fc1_folded_neuron:gen_fc1_neurons[42].u_neuron|thresh_reg[2]                                                  ; 1                 ; 6       ;
;      - fc1_folded_top:u_fc1|fc1_folded_neuron:gen_fc1_neurons[48].u_neuron|thresh_reg[16]                                                 ; 1                 ; 6       ;
;      - fc1_folded_top:u_fc1|fc1_folded_neuron:gen_fc1_neurons[48].u_neuron|thresh_reg[8]                                                  ; 1                 ; 6       ;
;      - fc1_folded_top:u_fc1|fc1_folded_neuron:gen_fc1_neurons[48].u_neuron|thresh_reg[3]                                                  ; 1                 ; 6       ;
;      - fc1_folded_top:u_fc1|fc1_folded_neuron:gen_fc1_neurons[48].u_neuron|thresh_reg[4]                                                  ; 1                 ; 6       ;
;      - fc1_folded_top:u_fc1|fc1_folded_neuron:gen_fc1_neurons[48].u_neuron|compute_done                                                   ; 1                 ; 6       ;
;      - fc1_folded_top:u_fc1|fc1_folded_neuron:gen_fc1_neurons[22].u_neuron|compute_done                                                   ; 1                 ; 6       ;
;      - fc1_folded_top:u_fc1|fc1_folded_neuron:gen_fc1_neurons[22].u_neuron|thresh_reg[16]                                                 ; 1                 ; 6       ;
;      - fc1_folded_top:u_fc1|fc1_folded_neuron:gen_fc1_neurons[22].u_neuron|thresh_reg[6]                                                  ; 1                 ; 6       ;
;      - fc1_folded_top:u_fc1|fc1_folded_neuron:gen_fc1_neurons[22].u_neuron|thresh_reg[7]                                                  ; 1                 ; 6       ;
;      - fc1_folded_top:u_fc1|fc1_folded_neuron:gen_fc1_neurons[22].u_neuron|thresh_reg[2]                                                  ; 1                 ; 6       ;
;      - fc1_folded_top:u_fc1|fc1_folded_neuron:gen_fc1_neurons[22].u_neuron|thresh_reg[1]                                                  ; 1                 ; 6       ;
;      - fc1_folded_top:u_fc1|fc1_folded_neuron:gen_fc1_neurons[7].u_neuron|thresh_reg[7]                                                   ; 1                 ; 6       ;
;      - fc1_folded_top:u_fc1|fc1_folded_neuron:gen_fc1_neurons[7].u_neuron|thresh_reg[6]                                                   ; 1                 ; 6       ;
;      - fc1_folded_top:u_fc1|fc1_folded_neuron:gen_fc1_neurons[7].u_neuron|thresh_reg[4]                                                   ; 1                 ; 6       ;
;      - fc1_folded_top:u_fc1|fc1_folded_neuron:gen_fc1_neurons[7].u_neuron|thresh_reg[2]                                                   ; 1                 ; 6       ;
;      - fc1_folded_top:u_fc1|fc1_folded_neuron:gen_fc1_neurons[7].u_neuron|thresh_reg[0]                                                   ; 1                 ; 6       ;
;      - fc1_folded_top:u_fc1|fc1_folded_neuron:gen_fc1_neurons[7].u_neuron|thresh_reg[16]                                                  ; 1                 ; 6       ;
;      - fc1_folded_top:u_fc1|fc1_folded_neuron:gen_fc1_neurons[7].u_neuron|compute_done                                                    ; 1                 ; 6       ;
;      - fc1_folded_top:u_fc1|fc1_folded_neuron:gen_fc1_neurons[24].u_neuron|compute_done                                                   ; 1                 ; 6       ;
;      - fc1_folded_top:u_fc1|fc1_folded_neuron:gen_fc1_neurons[24].u_neuron|thresh_reg[16]                                                 ; 1                 ; 6       ;
;      - fc1_folded_top:u_fc1|fc1_folded_neuron:gen_fc1_neurons[24].u_neuron|thresh_reg[4]                                                  ; 1                 ; 6       ;
;      - fc1_folded_top:u_fc1|fc1_folded_neuron:gen_fc1_neurons[24].u_neuron|thresh_reg[2]                                                  ; 1                 ; 6       ;
;      - fc1_folded_top:u_fc1|fc1_folded_neuron:gen_fc1_neurons[24].u_neuron|thresh_reg[0]                                                  ; 1                 ; 6       ;
;      - fc1_folded_top:u_fc1|fc1_folded_neuron:gen_fc1_neurons[24].u_neuron|thresh_reg[8]                                                  ; 1                 ; 6       ;
;      - fc1_folded_top:u_fc1|fc1_folded_neuron:gen_fc1_neurons[23].u_neuron|compute_done                                                   ; 1                 ; 6       ;
;      - fc1_folded_top:u_fc1|fc1_folded_neuron:gen_fc1_neurons[23].u_neuron|thresh_reg[16]                                                 ; 1                 ; 6       ;
;      - fc1_folded_top:u_fc1|fc1_folded_neuron:gen_fc1_neurons[23].u_neuron|thresh_reg[7]                                                  ; 1                 ; 6       ;
;      - fc1_folded_top:u_fc1|fc1_folded_neuron:gen_fc1_neurons[23].u_neuron|thresh_reg[5]                                                  ; 1                 ; 6       ;
;      - fc1_folded_top:u_fc1|fc1_folded_neuron:gen_fc1_neurons[23].u_neuron|thresh_reg[4]                                                  ; 1                 ; 6       ;
;      - fc1_folded_top:u_fc1|fc1_folded_neuron:gen_fc1_neurons[23].u_neuron|thresh_reg[1]                                                  ; 1                 ; 6       ;
;      - fc1_folded_top:u_fc1|fc1_folded_neuron:gen_fc1_neurons[16].u_neuron|compute_done                                                   ; 1                 ; 6       ;
;      - fc1_folded_top:u_fc1|fc1_folded_neuron:gen_fc1_neurons[16].u_neuron|thresh_reg[16]                                                 ; 1                 ; 6       ;
;      - fc1_folded_top:u_fc1|fc1_folded_neuron:gen_fc1_neurons[16].u_neuron|thresh_reg[7]                                                  ; 1                 ; 6       ;
;      - fc1_folded_top:u_fc1|fc1_folded_neuron:gen_fc1_neurons[16].u_neuron|thresh_reg[6]                                                  ; 1                 ; 6       ;
;      - fc1_folded_top:u_fc1|fc1_folded_neuron:gen_fc1_neurons[16].u_neuron|thresh_reg[5]                                                  ; 1                 ; 6       ;
;      - fc1_folded_top:u_fc1|fc1_folded_neuron:gen_fc1_neurons[16].u_neuron|thresh_reg[1]                                                  ; 1                 ; 6       ;
;      - fc1_folded_top:u_fc1|fc1_folded_neuron:gen_fc1_neurons[16].u_neuron|thresh_reg[0]                                                  ; 1                 ; 6       ;
;      - fc1_folded_top:u_fc1|fc1_folded_neuron:gen_fc1_neurons[10].u_neuron|compute_done                                                   ; 1                 ; 6       ;
;      - fc1_folded_top:u_fc1|fc1_folded_neuron:gen_fc1_neurons[10].u_neuron|thresh_reg[16]                                                 ; 1                 ; 6       ;
;      - fc1_folded_top:u_fc1|fc1_folded_neuron:gen_fc1_neurons[10].u_neuron|thresh_reg[6]                                                  ; 1                 ; 6       ;
;      - fc1_folded_top:u_fc1|fc1_folded_neuron:gen_fc1_neurons[10].u_neuron|thresh_reg[7]                                                  ; 1                 ; 6       ;
;      - fc1_folded_top:u_fc1|fc1_folded_neuron:gen_fc1_neurons[10].u_neuron|thresh_reg[4]                                                  ; 1                 ; 6       ;
;      - fc1_folded_top:u_fc1|fc1_folded_neuron:gen_fc1_neurons[10].u_neuron|thresh_reg[3]                                                  ; 1                 ; 6       ;
;      - fc1_folded_top:u_fc1|fc1_folded_neuron:gen_fc1_neurons[10].u_neuron|thresh_reg[2]                                                  ; 1                 ; 6       ;
;      - fc1_folded_top:u_fc1|fc1_folded_neuron:gen_fc1_neurons[10].u_neuron|thresh_reg[1]                                                  ; 1                 ; 6       ;
;      - fc1_folded_top:u_fc1|fc1_folded_neuron:gen_fc1_neurons[11].u_neuron|compute_done                                                   ; 1                 ; 6       ;
;      - fc1_folded_top:u_fc1|fc1_folded_neuron:gen_fc1_neurons[11].u_neuron|thresh_reg[16]                                                 ; 1                 ; 6       ;
;      - fc1_folded_top:u_fc1|fc1_folded_neuron:gen_fc1_neurons[11].u_neuron|thresh_reg[3]                                                  ; 1                 ; 6       ;
;      - fc1_folded_top:u_fc1|fc1_folded_neuron:gen_fc1_neurons[11].u_neuron|thresh_reg[8]                                                  ; 1                 ; 6       ;
;      - fc1_folded_top:u_fc1|fc1_folded_neuron:gen_fc1_neurons[11].u_neuron|thresh_reg[0]                                                  ; 1                 ; 6       ;
;      - fc1_folded_top:u_fc1|fc1_folded_neuron:gen_fc1_neurons[2].u_neuron|compute_done                                                    ; 1                 ; 6       ;
;      - fc1_folded_top:u_fc1|fc1_folded_neuron:gen_fc1_neurons[2].u_neuron|thresh_reg[16]                                                  ; 1                 ; 6       ;
;      - fc1_folded_top:u_fc1|fc1_folded_neuron:gen_fc1_neurons[2].u_neuron|thresh_reg[5]                                                   ; 1                 ; 6       ;
;      - fc1_folded_top:u_fc1|fc1_folded_neuron:gen_fc1_neurons[2].u_neuron|thresh_reg[3]                                                   ; 1                 ; 6       ;
;      - fc1_folded_top:u_fc1|fc1_folded_neuron:gen_fc1_neurons[2].u_neuron|thresh_reg[7]                                                   ; 1                 ; 6       ;
;      - fc1_folded_top:u_fc1|fc1_folded_neuron:gen_fc1_neurons[2].u_neuron|thresh_reg[0]                                                   ; 1                 ; 6       ;
;      - fc1_folded_top:u_fc1|fc1_folded_neuron:gen_fc1_neurons[20].u_neuron|thresh_reg[16]                                                 ; 1                 ; 6       ;
;      - fc1_folded_top:u_fc1|fc1_folded_neuron:gen_fc1_neurons[20].u_neuron|thresh_reg[7]                                                  ; 1                 ; 6       ;
;      - fc1_folded_top:u_fc1|fc1_folded_neuron:gen_fc1_neurons[20].u_neuron|thresh_reg[6]                                                  ; 1                 ; 6       ;
;      - fc1_folded_top:u_fc1|fc1_folded_neuron:gen_fc1_neurons[20].u_neuron|thresh_reg[5]                                                  ; 1                 ; 6       ;
;      - fc1_folded_top:u_fc1|fc1_folded_neuron:gen_fc1_neurons[20].u_neuron|thresh_reg[4]                                                  ; 1                 ; 6       ;
;      - fc1_folded_top:u_fc1|fc1_folded_neuron:gen_fc1_neurons[20].u_neuron|thresh_reg[3]                                                  ; 1                 ; 6       ;
;      - fc1_folded_top:u_fc1|fc1_folded_neuron:gen_fc1_neurons[20].u_neuron|thresh_reg[2]                                                  ; 1                 ; 6       ;
;      - fc1_folded_top:u_fc1|fc1_folded_neuron:gen_fc1_neurons[20].u_neuron|thresh_reg[1]                                                  ; 1                 ; 6       ;
;      - fc1_folded_top:u_fc1|fc1_folded_neuron:gen_fc1_neurons[20].u_neuron|compute_done                                                   ; 1                 ; 6       ;
;      - fc1_folded_top:u_fc1|fc1_folded_neuron:gen_fc1_neurons[40].u_neuron|thresh_reg[7]                                                  ; 1                 ; 6       ;
;      - fc1_folded_top:u_fc1|fc1_folded_neuron:gen_fc1_neurons[40].u_neuron|thresh_reg[6]                                                  ; 1                 ; 6       ;
;      - fc1_folded_top:u_fc1|fc1_folded_neuron:gen_fc1_neurons[40].u_neuron|thresh_reg[4]                                                  ; 1                 ; 6       ;
;      - fc1_folded_top:u_fc1|fc1_folded_neuron:gen_fc1_neurons[40].u_neuron|thresh_reg[2]                                                  ; 1                 ; 6       ;
;      - fc1_folded_top:u_fc1|fc1_folded_neuron:gen_fc1_neurons[40].u_neuron|thresh_reg[16]                                                 ; 1                 ; 6       ;
;      - fc1_folded_top:u_fc1|fc1_folded_neuron:gen_fc1_neurons[40].u_neuron|compute_done                                                   ; 1                 ; 6       ;
;      - fc1_folded_top:u_fc1|fc1_folded_neuron:gen_fc1_neurons[47].u_neuron|compute_done                                                   ; 1                 ; 6       ;
;      - fc1_folded_top:u_fc1|fc1_folded_neuron:gen_fc1_neurons[47].u_neuron|thresh_reg[16]                                                 ; 1                 ; 6       ;
;      - fc1_folded_top:u_fc1|fc1_folded_neuron:gen_fc1_neurons[47].u_neuron|thresh_reg[6]                                                  ; 1                 ; 6       ;
;      - fc1_folded_top:u_fc1|fc1_folded_neuron:gen_fc1_neurons[47].u_neuron|thresh_reg[7]                                                  ; 1                 ; 6       ;
;      - fc1_folded_top:u_fc1|fc1_folded_neuron:gen_fc1_neurons[47].u_neuron|thresh_reg[0]                                                  ; 1                 ; 6       ;
;      - fc1_folded_top:u_fc1|fc1_folded_neuron:gen_fc1_neurons[47].u_neuron|thresh_reg[2]                                                  ; 1                 ; 6       ;
;      - fc1_folded_top:u_fc1|fc1_folded_neuron:gen_fc1_neurons[53].u_neuron|compute_done                                                   ; 1                 ; 6       ;
;      - fc1_folded_top:u_fc1|fc1_folded_neuron:gen_fc1_neurons[53].u_neuron|thresh_reg[16]                                                 ; 1                 ; 6       ;
;      - fc1_folded_top:u_fc1|fc1_folded_neuron:gen_fc1_neurons[53].u_neuron|thresh_reg[8]                                                  ; 1                 ; 6       ;
;      - fc1_folded_top:u_fc1|fc1_folded_neuron:gen_fc1_neurons[53].u_neuron|thresh_reg[1]                                                  ; 1                 ; 6       ;
;      - fc1_folded_top:u_fc1|fc1_folded_neuron:gen_fc1_neurons[53].u_neuron|thresh_reg[2]                                                  ; 1                 ; 6       ;
;      - fc1_folded_top:u_fc1|fc1_folded_neuron:gen_fc1_neurons[53].u_neuron|thresh_reg[3]                                                  ; 1                 ; 6       ;
;      - fc1_folded_top:u_fc1|fc1_folded_neuron:gen_fc1_neurons[31].u_neuron|thresh_reg[7]                                                  ; 1                 ; 6       ;
;      - fc1_folded_top:u_fc1|fc1_folded_neuron:gen_fc1_neurons[31].u_neuron|thresh_reg[6]                                                  ; 1                 ; 6       ;
;      - fc1_folded_top:u_fc1|fc1_folded_neuron:gen_fc1_neurons[31].u_neuron|thresh_reg[4]                                                  ; 1                 ; 6       ;
;      - fc1_folded_top:u_fc1|fc1_folded_neuron:gen_fc1_neurons[31].u_neuron|thresh_reg[2]                                                  ; 1                 ; 6       ;
;      - fc1_folded_top:u_fc1|fc1_folded_neuron:gen_fc1_neurons[31].u_neuron|thresh_reg[0]                                                  ; 1                 ; 6       ;
;      - fc1_folded_top:u_fc1|fc1_folded_neuron:gen_fc1_neurons[31].u_neuron|thresh_reg[16]                                                 ; 1                 ; 6       ;
;      - fc1_folded_top:u_fc1|fc1_folded_neuron:gen_fc1_neurons[31].u_neuron|compute_done                                                   ; 1                 ; 6       ;
;      - fc1_folded_top:u_fc1|fc1_folded_neuron:gen_fc1_neurons[8].u_neuron|compute_done                                                    ; 1                 ; 6       ;
;      - fc1_folded_top:u_fc1|fc1_folded_neuron:gen_fc1_neurons[8].u_neuron|thresh_reg[16]                                                  ; 1                 ; 6       ;
;      - fc1_folded_top:u_fc1|fc1_folded_neuron:gen_fc1_neurons[8].u_neuron|thresh_reg[4]                                                   ; 1                 ; 6       ;
;      - fc1_folded_top:u_fc1|fc1_folded_neuron:gen_fc1_neurons[8].u_neuron|thresh_reg[2]                                                   ; 1                 ; 6       ;
;      - fc1_folded_top:u_fc1|fc1_folded_neuron:gen_fc1_neurons[8].u_neuron|thresh_reg[0]                                                   ; 1                 ; 6       ;
;      - fc1_folded_top:u_fc1|fc1_folded_neuron:gen_fc1_neurons[8].u_neuron|thresh_reg[8]                                                   ; 1                 ; 6       ;
;      - fc1_folded_top:u_fc1|fc1_folded_neuron:gen_fc1_neurons[9].u_neuron|compute_done                                                    ; 1                 ; 6       ;
;      - fc1_folded_top:u_fc1|fc1_folded_neuron:gen_fc1_neurons[9].u_neuron|thresh_reg[16]                                                  ; 1                 ; 6       ;
;      - fc1_folded_top:u_fc1|fc1_folded_neuron:gen_fc1_neurons[9].u_neuron|thresh_reg[6]                                                   ; 1                 ; 6       ;
;      - fc1_folded_top:u_fc1|fc1_folded_neuron:gen_fc1_neurons[9].u_neuron|thresh_reg[7]                                                   ; 1                 ; 6       ;
;      - fc1_folded_top:u_fc1|fc1_folded_neuron:gen_fc1_neurons[9].u_neuron|thresh_reg[4]                                                   ; 1                 ; 6       ;
;      - fc1_folded_top:u_fc1|fc1_folded_neuron:gen_fc1_neurons[9].u_neuron|thresh_reg[3]                                                   ; 1                 ; 6       ;
;      - fc1_folded_top:u_fc1|fc1_folded_neuron:gen_fc1_neurons[9].u_neuron|thresh_reg[5]                                                   ; 1                 ; 6       ;
;      - fc1_folded_top:u_fc1|fc1_folded_neuron:gen_fc1_neurons[9].u_neuron|thresh_reg[0]                                                   ; 1                 ; 6       ;
;      - fc1_folded_top:u_fc1|fc1_folded_neuron:gen_fc1_neurons[0].u_neuron|thresh_reg[16]                                                  ; 1                 ; 6       ;
;      - fc1_folded_top:u_fc1|fc1_folded_neuron:gen_fc1_neurons[0].u_neuron|thresh_reg[7]                                                   ; 1                 ; 6       ;
;      - fc1_folded_top:u_fc1|fc1_folded_neuron:gen_fc1_neurons[0].u_neuron|thresh_reg[6]                                                   ; 1                 ; 6       ;
;      - fc1_folded_top:u_fc1|fc1_folded_neuron:gen_fc1_neurons[0].u_neuron|thresh_reg[4]                                                   ; 1                 ; 6       ;
;      - fc1_folded_top:u_fc1|fc1_folded_neuron:gen_fc1_neurons[0].u_neuron|thresh_reg[3]                                                   ; 1                 ; 6       ;
;      - fc1_folded_top:u_fc1|fc1_folded_neuron:gen_fc1_neurons[0].u_neuron|thresh_reg[1]                                                   ; 1                 ; 6       ;
;      - fc1_folded_top:u_fc1|fc1_folded_neuron:gen_fc1_neurons[1].u_neuron|thresh_reg[16]                                                  ; 1                 ; 6       ;
;      - fc1_folded_top:u_fc1|fc1_folded_neuron:gen_fc1_neurons[1].u_neuron|thresh_reg[7]                                                   ; 1                 ; 6       ;
;      - fc1_folded_top:u_fc1|fc1_folded_neuron:gen_fc1_neurons[1].u_neuron|thresh_reg[4]                                                   ; 1                 ; 6       ;
;      - fc1_folded_top:u_fc1|fc1_folded_neuron:gen_fc1_neurons[1].u_neuron|thresh_reg[2]                                                   ; 1                 ; 6       ;
;      - fc1_folded_top:u_fc1|fc1_folded_neuron:gen_fc1_neurons[1].u_neuron|thresh_reg[0]                                                   ; 1                 ; 6       ;
;      - fc1_folded_top:u_fc1|fc1_folded_neuron:gen_fc1_neurons[1].u_neuron|compute_done                                                    ; 1                 ; 6       ;
;      - fc1_folded_top:u_fc1|fc1_folded_neuron:gen_fc1_neurons[46].u_neuron|compute_done                                                   ; 1                 ; 6       ;
;      - fc1_folded_top:u_fc1|fc1_folded_neuron:gen_fc1_neurons[46].u_neuron|thresh_reg[16]                                                 ; 1                 ; 6       ;
;      - fc1_folded_top:u_fc1|fc1_folded_neuron:gen_fc1_neurons[46].u_neuron|thresh_reg[4]                                                  ; 1                 ; 6       ;
;      - fc1_folded_top:u_fc1|fc1_folded_neuron:gen_fc1_neurons[46].u_neuron|thresh_reg[2]                                                  ; 1                 ; 6       ;
;      - fc1_folded_top:u_fc1|fc1_folded_neuron:gen_fc1_neurons[46].u_neuron|thresh_reg[0]                                                  ; 1                 ; 6       ;
;      - fc1_folded_top:u_fc1|fc1_folded_neuron:gen_fc1_neurons[46].u_neuron|thresh_reg[8]                                                  ; 1                 ; 6       ;
;      - fc1_folded_top:u_fc1|fc1_folded_neuron:gen_fc1_neurons[62].u_neuron|thresh_reg[16]                                                 ; 1                 ; 6       ;
;      - fc1_folded_top:u_fc1|fc1_folded_neuron:gen_fc1_neurons[62].u_neuron|thresh_reg[8]                                                  ; 1                 ; 6       ;
;      - fc1_folded_top:u_fc1|fc1_folded_neuron:gen_fc1_neurons[62].u_neuron|thresh_reg[0]                                                  ; 1                 ; 6       ;
;      - fc1_folded_top:u_fc1|fc1_folded_neuron:gen_fc1_neurons[62].u_neuron|thresh_reg[1]                                                  ; 1                 ; 6       ;
;      - fc1_folded_top:u_fc1|fc1_folded_neuron:gen_fc1_neurons[62].u_neuron|thresh_reg[3]                                                  ; 1                 ; 6       ;
;      - fc1_folded_top:u_fc1|fc1_folded_neuron:gen_fc1_neurons[62].u_neuron|thresh_reg[4]                                                  ; 1                 ; 6       ;
;      - fc1_folded_top:u_fc1|fc1_folded_neuron:gen_fc1_neurons[62].u_neuron|compute_done                                                   ; 1                 ; 6       ;
;      - fc1_folded_top:u_fc1|fc1_folded_neuron:gen_fc1_neurons[45].u_neuron|thresh_reg[16]                                                 ; 1                 ; 6       ;
;      - fc1_folded_top:u_fc1|fc1_folded_neuron:gen_fc1_neurons[45].u_neuron|thresh_reg[7]                                                  ; 1                 ; 6       ;
;      - fc1_folded_top:u_fc1|fc1_folded_neuron:gen_fc1_neurons[45].u_neuron|thresh_reg[6]                                                  ; 1                 ; 6       ;
;      - fc1_folded_top:u_fc1|fc1_folded_neuron:gen_fc1_neurons[45].u_neuron|thresh_reg[5]                                                  ; 1                 ; 6       ;
;      - fc1_folded_top:u_fc1|fc1_folded_neuron:gen_fc1_neurons[45].u_neuron|thresh_reg[0]                                                  ; 1                 ; 6       ;
;      - fc1_folded_top:u_fc1|fc1_folded_neuron:gen_fc1_neurons[45].u_neuron|compute_done                                                   ; 1                 ; 6       ;
;      - fc1_folded_top:u_fc1|fc1_folded_neuron:gen_fc1_neurons[6].u_neuron|compute_done                                                    ; 1                 ; 6       ;
;      - fc1_folded_top:u_fc1|fc1_folded_neuron:gen_fc1_neurons[6].u_neuron|thresh_reg[16]                                                  ; 1                 ; 6       ;
;      - fc1_folded_top:u_fc1|fc1_folded_neuron:gen_fc1_neurons[6].u_neuron|thresh_reg[6]                                                   ; 1                 ; 6       ;
;      - fc1_folded_top:u_fc1|fc1_folded_neuron:gen_fc1_neurons[6].u_neuron|thresh_reg[7]                                                   ; 1                 ; 6       ;
;      - fc1_folded_top:u_fc1|fc1_folded_neuron:gen_fc1_neurons[6].u_neuron|thresh_reg[1]                                                   ; 1                 ; 6       ;
;      - fc1_folded_top:u_fc1|fc1_folded_neuron:gen_fc1_neurons[13].u_neuron|thresh_reg[16]                                                 ; 1                 ; 6       ;
;      - fc1_folded_top:u_fc1|fc1_folded_neuron:gen_fc1_neurons[13].u_neuron|thresh_reg[8]                                                  ; 1                 ; 6       ;
;      - fc1_folded_top:u_fc1|fc1_folded_neuron:gen_fc1_neurons[13].u_neuron|thresh_reg[0]                                                  ; 1                 ; 6       ;
;      - fc1_folded_top:u_fc1|fc1_folded_neuron:gen_fc1_neurons[13].u_neuron|thresh_reg[1]                                                  ; 1                 ; 6       ;
;      - fc1_folded_top:u_fc1|fc1_folded_neuron:gen_fc1_neurons[13].u_neuron|thresh_reg[3]                                                  ; 1                 ; 6       ;
;      - fc1_folded_top:u_fc1|fc1_folded_neuron:gen_fc1_neurons[13].u_neuron|thresh_reg[4]                                                  ; 1                 ; 6       ;
;      - fc1_folded_top:u_fc1|fc1_folded_neuron:gen_fc1_neurons[13].u_neuron|compute_done                                                   ; 1                 ; 6       ;
;      - fc1_folded_top:u_fc1|fc1_folded_neuron:gen_fc1_neurons[38].u_neuron|thresh_reg[16]                                                 ; 1                 ; 6       ;
;      - fc1_folded_top:u_fc1|fc1_folded_neuron:gen_fc1_neurons[38].u_neuron|thresh_reg[6]                                                  ; 1                 ; 6       ;
;      - fc1_folded_top:u_fc1|fc1_folded_neuron:gen_fc1_neurons[38].u_neuron|thresh_reg[4]                                                  ; 1                 ; 6       ;
;      - fc1_folded_top:u_fc1|fc1_folded_neuron:gen_fc1_neurons[38].u_neuron|thresh_reg[3]                                                  ; 1                 ; 6       ;
;      - fc1_folded_top:u_fc1|fc1_folded_neuron:gen_fc1_neurons[38].u_neuron|thresh_reg[7]                                                  ; 1                 ; 6       ;
;      - fc1_folded_top:u_fc1|fc1_folded_neuron:gen_fc1_neurons[38].u_neuron|compute_done                                                   ; 1                 ; 6       ;
;      - fc1_folded_top:u_fc1|fc1_folded_neuron:gen_fc1_neurons[43].u_neuron|compute_done                                                   ; 1                 ; 6       ;
;      - fc1_folded_top:u_fc1|fc1_folded_neuron:gen_fc1_neurons[43].u_neuron|thresh_reg[16]                                                 ; 1                 ; 6       ;
;      - fc1_folded_top:u_fc1|fc1_folded_neuron:gen_fc1_neurons[43].u_neuron|thresh_reg[8]                                                  ; 1                 ; 6       ;
;      - fc1_folded_top:u_fc1|fc1_folded_neuron:gen_fc1_neurons[43].u_neuron|thresh_reg[5]                                                  ; 1                 ; 6       ;
;      - fc1_folded_top:u_fc1|fc1_folded_neuron:gen_fc1_neurons[43].u_neuron|thresh_reg[1]                                                  ; 1                 ; 6       ;
;      - fc1_folded_top:u_fc1|fc1_folded_neuron:gen_fc1_neurons[43].u_neuron|thresh_reg[0]                                                  ; 1                 ; 6       ;
;      - fc1_folded_top:u_fc1|fc1_folded_neuron:gen_fc1_neurons[18].u_neuron|compute_done                                                   ; 1                 ; 6       ;
;      - fc1_folded_top:u_fc1|fc1_folded_neuron:gen_fc1_neurons[18].u_neuron|thresh_reg[16]                                                 ; 1                 ; 6       ;
;      - fc1_folded_top:u_fc1|fc1_folded_neuron:gen_fc1_neurons[18].u_neuron|thresh_reg[3]                                                  ; 1                 ; 6       ;
;      - fc1_folded_top:u_fc1|fc1_folded_neuron:gen_fc1_neurons[18].u_neuron|thresh_reg[1]                                                  ; 1                 ; 6       ;
;      - fc1_folded_top:u_fc1|fc1_folded_neuron:gen_fc1_neurons[18].u_neuron|thresh_reg[0]                                                  ; 1                 ; 6       ;
;      - fc1_folded_top:u_fc1|fc1_folded_neuron:gen_fc1_neurons[18].u_neuron|thresh_reg[8]                                                  ; 1                 ; 6       ;
;      - fc1_folded_top:u_fc1|fc1_folded_neuron:gen_fc1_neurons[28].u_neuron|compute_done                                                   ; 1                 ; 6       ;
;      - fc1_folded_top:u_fc1|fc1_folded_neuron:gen_fc1_neurons[28].u_neuron|thresh_reg[16]                                                 ; 1                 ; 6       ;
;      - fc1_folded_top:u_fc1|fc1_folded_neuron:gen_fc1_neurons[28].u_neuron|thresh_reg[6]                                                  ; 1                 ; 6       ;
;      - fc1_folded_top:u_fc1|fc1_folded_neuron:gen_fc1_neurons[28].u_neuron|thresh_reg[7]                                                  ; 1                 ; 6       ;
;      - fc1_folded_top:u_fc1|fc1_folded_neuron:gen_fc1_neurons[28].u_neuron|thresh_reg[5]                                                  ; 1                 ; 6       ;
;      - fc1_folded_top:u_fc1|fc1_folded_neuron:gen_fc1_neurons[28].u_neuron|thresh_reg[2]                                                  ; 1                 ; 6       ;
;      - fc1_folded_top:u_fc1|fc1_folded_neuron:gen_fc1_neurons[28].u_neuron|thresh_reg[0]                                                  ; 1                 ; 6       ;
;      - pw_top:u_pw|pw_pe:gen_pw_neurons[0].u_pe|valid_out                                                                                 ; 1                 ; 6       ;
;      - fc1_folded_top:u_fc1|pixel_cnt[7]                                                                                                  ; 1                 ; 6       ;
;      - fc1_folded_top:u_fc1|pixel_cnt[5]                                                                                                  ; 1                 ; 6       ;
;      - fc1_folded_top:u_fc1|pixel_cnt[6]                                                                                                  ; 1                 ; 6       ;
;      - fc1_folded_top:u_fc1|pixel_cnt[4]                                                                                                  ; 1                 ; 6       ;
;      - fc1_folded_top:u_fc1|pixel_cnt[3]                                                                                                  ; 1                 ; 6       ;
;      - fc1_folded_top:u_fc1|pixel_cnt[2]                                                                                                  ; 1                 ; 6       ;
;      - fc1_folded_top:u_fc1|pixel_cnt[1]                                                                                                  ; 1                 ; 6       ;
;      - fc1_folded_top:u_fc1|pixel_cnt[0]                                                                                                  ; 1                 ; 6       ;
;      - pw_top:u_pw|pw_pe:gen_pw_neurons[7].u_pe|data_out                                                                                  ; 1                 ; 6       ;
;      - pw_top:u_pw|pw_pe:gen_pw_neurons[8].u_pe|data_out                                                                                  ; 1                 ; 6       ;
;      - pw_top:u_pw|pw_pe:gen_pw_neurons[10].u_pe|data_out                                                                                 ; 1                 ; 6       ;
;      - pw_top:u_pw|pw_pe:gen_pw_neurons[9].u_pe|data_out                                                                                  ; 1                 ; 6       ;
;      - pw_top:u_pw|pw_pe:gen_pw_neurons[12].u_pe|data_out                                                                                 ; 1                 ; 6       ;
;      - pw_top:u_pw|pw_pe:gen_pw_neurons[11].u_pe|data_out                                                                                 ; 1                 ; 6       ;
;      - pw_top:u_pw|pw_pe:gen_pw_neurons[3].u_pe|data_out                                                                                  ; 1                 ; 6       ;
;      - pw_top:u_pw|pw_pe:gen_pw_neurons[4].u_pe|data_out                                                                                  ; 1                 ; 6       ;
;      - pw_top:u_pw|pw_pe:gen_pw_neurons[0].u_pe|data_out                                                                                  ; 1                 ; 6       ;
;      - pw_top:u_pw|pw_pe:gen_pw_neurons[1].u_pe|data_out                                                                                  ; 1                 ; 6       ;
;      - pw_top:u_pw|pw_pe:gen_pw_neurons[2].u_pe|data_out                                                                                  ; 1                 ; 6       ;
;      - pw_top:u_pw|pw_pe:gen_pw_neurons[5].u_pe|data_out                                                                                  ; 1                 ; 6       ;
;      - pw_top:u_pw|pw_pe:gen_pw_neurons[6].u_pe|data_out                                                                                  ; 1                 ; 6       ;
;      - pw_top:u_pw|pw_pe:gen_pw_neurons[13].u_pe|data_out                                                                                 ; 1                 ; 6       ;
;      - pw_top:u_pw|pw_pe:gen_pw_neurons[14].u_pe|data_out                                                                                 ; 1                 ; 6       ;
;      - pw_top:u_pw|pw_pe:gen_pw_neurons[15].u_pe|data_out                                                                                 ; 1                 ; 6       ;
;      - pw_top:u_pw|pw_pe:gen_pw_neurons[16].u_pe|data_out                                                                                 ; 1                 ; 6       ;
;      - pw_top:u_pw|pw_pe:gen_pw_neurons[17].u_pe|data_out                                                                                 ; 1                 ; 6       ;
;      - pw_top:u_pw|pw_pe:gen_pw_neurons[0].u_pe|valid1                                                                                    ; 1                 ; 6       ;
;      - pw_top:u_pw|pw_pe:gen_pw_neurons[7].u_pe|thresh1[16]                                                                               ; 1                 ; 6       ;
;      - pw_top:u_pw|pw_pe:gen_pw_neurons[7].u_pe|sum_pw_r[0]                                                                               ; 1                 ; 6       ;
;      - pw_top:u_pw|pw_pe:gen_pw_neurons[7].u_pe|thresh1[0]                                                                                ; 1                 ; 6       ;
;      - pw_top:u_pw|pw_pe:gen_pw_neurons[7].u_pe|sum_pw_r[1]                                                                               ; 1                 ; 6       ;
;      - pw_top:u_pw|pw_pe:gen_pw_neurons[7].u_pe|valid1                                                                                    ; 1                 ; 6       ;
;      - pw_top:u_pw|pw_pe:gen_pw_neurons[8].u_pe|valid1                                                                                    ; 1                 ; 6       ;
;      - pw_top:u_pw|pw_pe:gen_pw_neurons[8].u_pe|thresh1[16]                                                                               ; 1                 ; 6       ;
;      - pw_top:u_pw|pw_pe:gen_pw_neurons[8].u_pe|thresh1[2]                                                                                ; 1                 ; 6       ;
;      - pw_top:u_pw|pw_pe:gen_pw_neurons[8].u_pe|thresh1[0]                                                                                ; 1                 ; 6       ;
;      - pw_top:u_pw|pw_pe:gen_pw_neurons[10].u_pe|thresh1[16]                                                                              ; 1                 ; 6       ;
;      - pw_top:u_pw|pw_pe:gen_pw_neurons[10].u_pe|sum_pw_r[0]                                                                              ; 1                 ; 6       ;
;      - pw_top:u_pw|pw_pe:gen_pw_neurons[10].u_pe|thresh1[0]                                                                               ; 1                 ; 6       ;
;      - pw_top:u_pw|pw_pe:gen_pw_neurons[10].u_pe|sum_pw_r[1]                                                                              ; 1                 ; 6       ;
;      - pw_top:u_pw|pw_pe:gen_pw_neurons[10].u_pe|valid1                                                                                   ; 1                 ; 6       ;
;      - pw_top:u_pw|pw_pe:gen_pw_neurons[9].u_pe|valid1                                                                                    ; 1                 ; 6       ;
;      - pw_top:u_pw|pw_pe:gen_pw_neurons[9].u_pe|sum_pw_r[2]                                                                               ; 1                 ; 6       ;
;      - pw_top:u_pw|pw_pe:gen_pw_neurons[9].u_pe|thresh1[2]                                                                                ; 1                 ; 6       ;
;      - pw_top:u_pw|pw_pe:gen_pw_neurons[9].u_pe|thresh1[16]                                                                               ; 1                 ; 6       ;
;      - pw_top:u_pw|pw_pe:gen_pw_neurons[9].u_pe|sum_pw_r[1]                                                                               ; 1                 ; 6       ;
;      - pw_top:u_pw|pw_pe:gen_pw_neurons[9].u_pe|sum_pw_r[0]                                                                               ; 1                 ; 6       ;
;      - pw_top:u_pw|pw_pe:gen_pw_neurons[9].u_pe|thresh1[0]                                                                                ; 1                 ; 6       ;
;      - pw_top:u_pw|pw_pe:gen_pw_neurons[12].u_pe|valid1                                                                                   ; 1                 ; 6       ;
;      - pw_top:u_pw|pw_pe:gen_pw_neurons[12].u_pe|sum_pw_r[3]                                                                              ; 1                 ; 6       ;
;      - pw_top:u_pw|pw_pe:gen_pw_neurons[12].u_pe|thresh1[16]                                                                              ; 1                 ; 6       ;
;      - pw_top:u_pw|pw_pe:gen_pw_neurons[12].u_pe|thresh1[2]                                                                               ; 1                 ; 6       ;
;      - pw_top:u_pw|pw_pe:gen_pw_neurons[12].u_pe|sum_pw_r[2]                                                                              ; 1                 ; 6       ;
;      - pw_top:u_pw|pw_pe:gen_pw_neurons[12].u_pe|sum_pw_r[1]                                                                              ; 1                 ; 6       ;
;      - pw_top:u_pw|pw_pe:gen_pw_neurons[12].u_pe|sum_pw_r[0]                                                                              ; 1                 ; 6       ;
;      - pw_top:u_pw|pw_pe:gen_pw_neurons[12].u_pe|thresh1[0]                                                                               ; 1                 ; 6       ;
;      - pw_top:u_pw|pw_pe:gen_pw_neurons[11].u_pe|valid1                                                                                   ; 1                 ; 6       ;
;      - pw_top:u_pw|pw_pe:gen_pw_neurons[11].u_pe|sum_pw_r[3]                                                                              ; 1                 ; 6       ;
;      - pw_top:u_pw|pw_pe:gen_pw_neurons[11].u_pe|sum_pw_r[2]                                                                              ; 1                 ; 6       ;
;      - pw_top:u_pw|pw_pe:gen_pw_neurons[11].u_pe|thresh1[16]                                                                              ; 1                 ; 6       ;
;      - pw_top:u_pw|pw_pe:gen_pw_neurons[11].u_pe|sum_pw_r[1]                                                                              ; 1                 ; 6       ;
;      - pw_top:u_pw|pw_pe:gen_pw_neurons[11].u_pe|thresh1[1]                                                                               ; 1                 ; 6       ;
;      - pw_top:u_pw|pw_pe:gen_pw_neurons[11].u_pe|sum_pw_r[0]                                                                              ; 1                 ; 6       ;
;      - pw_top:u_pw|pw_pe:gen_pw_neurons[11].u_pe|thresh1[0]                                                                               ; 1                 ; 6       ;
;      - pw_top:u_pw|pw_pe:gen_pw_neurons[3].u_pe|thresh1[16]                                                                               ; 1                 ; 6       ;
;      - pw_top:u_pw|pw_pe:gen_pw_neurons[3].u_pe|sum_pw_r[0]                                                                               ; 1                 ; 6       ;
;      - pw_top:u_pw|pw_pe:gen_pw_neurons[3].u_pe|thresh1[0]                                                                                ; 1                 ; 6       ;
;      - pw_top:u_pw|pw_pe:gen_pw_neurons[3].u_pe|sum_pw_r[1]                                                                               ; 1                 ; 6       ;
;      - pw_top:u_pw|pw_pe:gen_pw_neurons[3].u_pe|valid1                                                                                    ; 1                 ; 6       ;
;      - pw_top:u_pw|pw_pe:gen_pw_neurons[4].u_pe|valid1                                                                                    ; 1                 ; 6       ;
;      - pw_top:u_pw|pw_pe:gen_pw_neurons[4].u_pe|thresh1[16]                                                                               ; 1                 ; 6       ;
;      - pw_top:u_pw|pw_pe:gen_pw_neurons[4].u_pe|thresh1[0]                                                                                ; 1                 ; 6       ;
;      - pw_top:u_pw|pw_pe:gen_pw_neurons[0].u_pe|thresh1[16]                                                                               ; 1                 ; 6       ;
;      - pw_top:u_pw|pw_pe:gen_pw_neurons[0].u_pe|sum_pw_r[0]                                                                               ; 1                 ; 6       ;
;      - pw_top:u_pw|pw_pe:gen_pw_neurons[0].u_pe|thresh1[0]                                                                                ; 1                 ; 6       ;
;      - pw_top:u_pw|pw_pe:gen_pw_neurons[0].u_pe|sum_pw_r[1]                                                                               ; 1                 ; 6       ;
;      - pw_top:u_pw|pw_pe:gen_pw_neurons[1].u_pe|thresh1[16]                                                                               ; 1                 ; 6       ;
;      - pw_top:u_pw|pw_pe:gen_pw_neurons[1].u_pe|sum_pw_r[0]                                                                               ; 1                 ; 6       ;
;      - pw_top:u_pw|pw_pe:gen_pw_neurons[1].u_pe|thresh1[0]                                                                                ; 1                 ; 6       ;
;      - pw_top:u_pw|pw_pe:gen_pw_neurons[1].u_pe|sum_pw_r[1]                                                                               ; 1                 ; 6       ;
;      - pw_top:u_pw|pw_pe:gen_pw_neurons[1].u_pe|valid1                                                                                    ; 1                 ; 6       ;
;      - pw_top:u_pw|pw_pe:gen_pw_neurons[2].u_pe|thresh1[16]                                                                               ; 1                 ; 6       ;
;      - pw_top:u_pw|pw_pe:gen_pw_neurons[2].u_pe|sum_pw_r[0]                                                                               ; 1                 ; 6       ;
;      - pw_top:u_pw|pw_pe:gen_pw_neurons[2].u_pe|thresh1[0]                                                                                ; 1                 ; 6       ;
;      - pw_top:u_pw|pw_pe:gen_pw_neurons[2].u_pe|sum_pw_r[1]                                                                               ; 1                 ; 6       ;
;      - pw_top:u_pw|pw_pe:gen_pw_neurons[2].u_pe|valid1                                                                                    ; 1                 ; 6       ;
;      - pw_top:u_pw|pw_pe:gen_pw_neurons[5].u_pe|valid1                                                                                    ; 1                 ; 6       ;
;      - pw_top:u_pw|pw_pe:gen_pw_neurons[6].u_pe|valid1                                                                                    ; 1                 ; 6       ;
;      - pw_top:u_pw|pw_pe:gen_pw_neurons[6].u_pe|sum_pw_r[3]                                                                               ; 1                 ; 6       ;
;      - pw_top:u_pw|pw_pe:gen_pw_neurons[6].u_pe|thresh1[16]                                                                               ; 1                 ; 6       ;
;      - pw_top:u_pw|pw_pe:gen_pw_neurons[6].u_pe|sum_pw_r[2]                                                                               ; 1                 ; 6       ;
;      - pw_top:u_pw|pw_pe:gen_pw_neurons[6].u_pe|thresh1[2]                                                                                ; 1                 ; 6       ;
;      - pw_top:u_pw|pw_pe:gen_pw_neurons[6].u_pe|sum_pw_r[1]                                                                               ; 1                 ; 6       ;
;      - pw_top:u_pw|pw_pe:gen_pw_neurons[6].u_pe|thresh1[1]                                                                                ; 1                 ; 6       ;
;      - pw_top:u_pw|pw_pe:gen_pw_neurons[6].u_pe|sum_pw_r[0]                                                                               ; 1                 ; 6       ;
;      - pw_top:u_pw|pw_pe:gen_pw_neurons[13].u_pe|thresh1[16]                                                                              ; 1                 ; 6       ;
;      - pw_top:u_pw|pw_pe:gen_pw_neurons[13].u_pe|sum_pw_r[0]                                                                              ; 1                 ; 6       ;
;      - pw_top:u_pw|pw_pe:gen_pw_neurons[13].u_pe|thresh1[0]                                                                               ; 1                 ; 6       ;
;      - pw_top:u_pw|pw_pe:gen_pw_neurons[13].u_pe|sum_pw_r[1]                                                                              ; 1                 ; 6       ;
;      - pw_top:u_pw|pw_pe:gen_pw_neurons[13].u_pe|valid1                                                                                   ; 1                 ; 6       ;
;      - pw_top:u_pw|pw_pe:gen_pw_neurons[14].u_pe|thresh1[16]                                                                              ; 1                 ; 6       ;
;      - pw_top:u_pw|pw_pe:gen_pw_neurons[14].u_pe|sum_pw_r[0]                                                                              ; 1                 ; 6       ;
;      - pw_top:u_pw|pw_pe:gen_pw_neurons[14].u_pe|thresh1[0]                                                                               ; 1                 ; 6       ;
;      - pw_top:u_pw|pw_pe:gen_pw_neurons[14].u_pe|sum_pw_r[1]                                                                              ; 1                 ; 6       ;
;      - pw_top:u_pw|pw_pe:gen_pw_neurons[14].u_pe|valid1                                                                                   ; 1                 ; 6       ;
;      - pw_top:u_pw|pw_pe:gen_pw_neurons[15].u_pe|valid1                                                                                   ; 1                 ; 6       ;
;      - pw_top:u_pw|pw_pe:gen_pw_neurons[16].u_pe|thresh1[16]                                                                              ; 1                 ; 6       ;
;      - pw_top:u_pw|pw_pe:gen_pw_neurons[16].u_pe|sum_pw_r[0]                                                                              ; 1                 ; 6       ;
;      - pw_top:u_pw|pw_pe:gen_pw_neurons[16].u_pe|thresh1[0]                                                                               ; 1                 ; 6       ;
;      - pw_top:u_pw|pw_pe:gen_pw_neurons[16].u_pe|sum_pw_r[1]                                                                              ; 1                 ; 6       ;
;      - pw_top:u_pw|pw_pe:gen_pw_neurons[16].u_pe|valid1                                                                                   ; 1                 ; 6       ;
;      - pw_top:u_pw|pw_pe:gen_pw_neurons[17].u_pe|valid1                                                                                   ; 1                 ; 6       ;
;      - pw_top:u_pw|pw_pe:gen_pw_neurons[17].u_pe|sum_pw_r[3]                                                                              ; 1                 ; 6       ;
;      - pw_top:u_pw|pw_pe:gen_pw_neurons[17].u_pe|thresh1[16]                                                                              ; 1                 ; 6       ;
;      - pw_top:u_pw|pw_pe:gen_pw_neurons[17].u_pe|thresh1[2]                                                                               ; 1                 ; 6       ;
;      - pw_top:u_pw|pw_pe:gen_pw_neurons[17].u_pe|sum_pw_r[2]                                                                              ; 1                 ; 6       ;
;      - pw_top:u_pw|pw_pe:gen_pw_neurons[17].u_pe|sum_pw_r[1]                                                                              ; 1                 ; 6       ;
;      - pw_top:u_pw|pw_pe:gen_pw_neurons[17].u_pe|sum_pw_r[0]                                                                              ; 1                 ; 6       ;
;      - pw_top:u_pw|pw_pe:gen_pw_neurons[17].u_pe|thresh1[0]                                                                               ; 1                 ; 6       ;
;      - dw_top:u_dw|dw_pe:pe_ch0|valid_out                                                                                                 ; 1                 ; 6       ;
;      - dw_top:u_dw|dw_pe:pe_ch2|data_out[0]                                                                                               ; 1                 ; 6       ;
;      - dw_top:u_dw|dw_pe:pe_ch2|data_out[1]                                                                                               ; 1                 ; 6       ;
;      - dw_top:u_dw|dw_pe:pe_ch1|data_out[2]                                                                                               ; 1                 ; 6       ;
;      - dw_top:u_dw|dw_pe:pe_ch0|data_out[1]                                                                                               ; 1                 ; 6       ;
;      - dw_top:u_dw|dw_pe:pe_ch1|data_out[1]                                                                                               ; 1                 ; 6       ;
;      - dw_top:u_dw|dw_pe:pe_ch0|data_out[0]                                                                                               ; 1                 ; 6       ;
;      - dw_top:u_dw|dw_pe:pe_ch1|data_out[0]                                                                                               ; 1                 ; 6       ;
;      - dw_top:u_dw|dw_pe:pe_ch0|valid1                                                                                                    ; 1                 ; 6       ;
;      - dw_top:u_dw|dw_pe:pe_ch2|and_result[1]                                                                                             ; 1                 ; 6       ;
;      - dw_top:u_dw|dw_pe:pe_ch2|and_result[0]                                                                                             ; 1                 ; 6       ;
;      - dw_top:u_dw|dw_pe:pe_ch2|and_result[2]                                                                                             ; 1                 ; 6       ;
;      - dw_top:u_dw|dw_pe:pe_ch2|valid1                                                                                                    ; 1                 ; 6       ;
;      - dw_top:u_dw|dw_pe:pe_ch1|and_result[1]                                                                                             ; 1                 ; 6       ;
;      - dw_top:u_dw|dw_pe:pe_ch1|and_result[0]                                                                                             ; 1                 ; 6       ;
;      - dw_top:u_dw|dw_pe:pe_ch1|and_result[4]                                                                                             ; 1                 ; 6       ;
;      - dw_top:u_dw|dw_pe:pe_ch1|and_result[3]                                                                                             ; 1                 ; 6       ;
;      - dw_top:u_dw|dw_pe:pe_ch1|valid1                                                                                                    ; 1                 ; 6       ;
;      - dw_top:u_dw|dw_pe:pe_ch0|and_result[4]                                                                                             ; 1                 ; 6       ;
;      - dw_top:u_dw|dw_pe:pe_ch0|and_result[1]                                                                                             ; 1                 ; 6       ;
;      - dw_top:u_dw|dw_pe:pe_ch0|and_result[7]                                                                                             ; 1                 ; 6       ;
;      - dw_top:u_dw|window3x3s1:u_window|temp[1][2]                                                                                        ; 1                 ; 6       ;
;      - dw_top:u_dw|window3x3s1:u_window|temp[0][2]                                                                                        ; 1                 ; 6       ;
;      - dw_top:u_dw|window3x3s1:u_window|temp[2][2]                                                                                        ; 1                 ; 6       ;
;      - dw_top:u_dw|window3x3s1:u_window|temp[1][1]                                                                                        ; 1                 ; 6       ;
;      - dw_top:u_dw|window3x3s1:u_window|temp[0][1]                                                                                        ; 1                 ; 6       ;
;      - dw_top:u_dw|window3x3s1:u_window|temp[4][1]                                                                                        ; 1                 ; 6       ;
;      - dw_top:u_dw|window3x3s1:u_window|temp[3][1]                                                                                        ; 1                 ; 6       ;
;      - dw_top:u_dw|window3x3s1:u_window|temp[4][0]                                                                                        ; 1                 ; 6       ;
;      - dw_top:u_dw|window3x3s1:u_window|temp[1][0]                                                                                        ; 1                 ; 6       ;
;      - dw_top:u_dw|window3x3s1:u_window|temp[7][0]                                                                                        ; 1                 ; 6       ;
;      - dw_top:u_dw|window3x3s1:u_window|row_index[3]                                                                                      ; 1                 ; 6       ;
;      - dw_top:u_dw|window3x3s1:u_window|row_index[2]                                                                                      ; 1                 ; 6       ;
;      - dw_top:u_dw|window3x3s1:u_window|row_index[1]                                                                                      ; 1                 ; 6       ;
;      - dw_top:u_dw|window3x3s1:u_window|col_index[3]                                                                                      ; 1                 ; 6       ;
;      - dw_top:u_dw|window3x3s1:u_window|col_index[2]                                                                                      ; 1                 ; 6       ;
;      - dw_top:u_dw|window3x3s1:u_window|col_index[1]                                                                                      ; 1                 ; 6       ;
;      - mcp_top:u_mcp|mcp_pe:gen_mcp_filters[0].u_pe|valid_out                                                                             ; 1                 ; 6       ;
;      - dw_top:u_dw|window3x3s1:u_window|buff_row2[14][2]                                                                                  ; 1                 ; 6       ;
;      - dw_top:u_dw|window3x3s1:u_window|temp[2][1]                                                                                        ; 1                 ; 6       ;
;      - dw_top:u_dw|window3x3s1:u_window|temp[5][1]                                                                                        ; 1                 ; 6       ;
;      - dw_top:u_dw|window3x3s1:u_window|temp[5][0]                                                                                        ; 1                 ; 6       ;
;      - dw_top:u_dw|window3x3s1:u_window|temp[2][0]                                                                                        ; 1                 ; 6       ;
;      - dw_top:u_dw|window3x3s1:u_window|temp[8][0]                                                                                        ; 1                 ; 6       ;
;      - dw_top:u_dw|window3x3s1:u_window|row_index[0]                                                                                      ; 1                 ; 6       ;
;      - dw_top:u_dw|window3x3s1:u_window|col_index[0]                                                                                      ; 1                 ; 6       ;
;      - mcp_top:u_mcp|mcp_pe:gen_mcp_filters[0].u_pe|valid1                                                                                ; 1                 ; 6       ;
;      - dw_top:u_dw|window3x3s1:u_window|buff_row2[13][2]                                                                                  ; 1                 ; 6       ;
;      - mcp_top:u_mcp|mcp_pe:gen_mcp_filters[0].u_pe|data_out                                                                              ; 1                 ; 6       ;
;      - dw_top:u_dw|window3x3s1:u_window|buff_row2[12][2]                                                                                  ; 1                 ; 6       ;
;      - dw_top:u_dw|window3x3s1:u_window|altshift_taps:buff_row1_rtl_0|shift_taps_ggm:auto_generated|dffe4                                 ; 1                 ; 6       ;
;      - mcp_top:u_mcp|mcp_pe:gen_mcp_filters[1].u_pe|data_out                                                                              ; 1                 ; 6       ;
;      - mcp_top:u_mcp|mcp_pe:gen_mcp_filters[0].u_pe|thresh1[16]                                                                           ; 1                 ; 6       ;
;      - mcp_top:u_mcp|mcp_pe:gen_mcp_filters[0].u_pe|and_res[2]                                                                            ; 1                 ; 6       ;
;      - mcp_top:u_mcp|mcp_pe:gen_mcp_filters[0].u_pe|and_res[9]                                                                            ; 1                 ; 6       ;
;      - mcp_top:u_mcp|mcp_pe:gen_mcp_filters[0].u_pe|and_res[13]                                                                           ; 1                 ; 6       ;
;      - mcp_top:u_mcp|mcp_pe:gen_mcp_filters[0].u_pe|and_res[10]                                                                           ; 1                 ; 6       ;
;      - mcp_top:u_mcp|mcp_pe:gen_mcp_filters[0].u_pe|and_res[6]                                                                            ; 1                 ; 6       ;
;      - mcp_top:u_mcp|mcp_pe:gen_mcp_filters[0].u_pe|and_res[5]                                                                            ; 1                 ; 6       ;
;      - mcp_top:u_mcp|mcp_pe:gen_mcp_filters[0].u_pe|thresh1[0]                                                                            ; 1                 ; 6       ;
;      - mcp_top:u_mcp|window4x4s2:u_window|row_cnt[0]                                                                                      ; 1                 ; 6       ;
;      - dw_top:u_dw|window3x3s1:u_window|buff_row2[11][2]                                                                                  ; 1                 ; 6       ;
;      - dw_top:u_dw|window3x3s1:u_window|altshift_taps:buff_row1_rtl_0|shift_taps_ggm:auto_generated|cntr_6lg:cntr3|counter_reg_bit[3]     ; 1                 ; 6       ;
;      - dw_top:u_dw|window3x3s1:u_window|altshift_taps:buff_row1_rtl_0|shift_taps_ggm:auto_generated|cntr_6lg:cntr3|counter_reg_bit[2]     ; 1                 ; 6       ;
;      - dw_top:u_dw|window3x3s1:u_window|altshift_taps:buff_row1_rtl_0|shift_taps_ggm:auto_generated|cntr_6lg:cntr3|counter_reg_bit[1]     ; 1                 ; 6       ;
;      - dw_top:u_dw|window3x3s1:u_window|altshift_taps:buff_row1_rtl_0|shift_taps_ggm:auto_generated|cntr_6lg:cntr3|counter_reg_bit[0]     ; 1                 ; 6       ;
;      - mcp_top:u_mcp|mcp_pe:gen_mcp_filters[1].u_pe|thresh1[1]                                                                            ; 1                 ; 6       ;
;      - mcp_top:u_mcp|mcp_pe:gen_mcp_filters[1].u_pe|and_res[7]                                                                            ; 1                 ; 6       ;
;      - mcp_top:u_mcp|mcp_pe:gen_mcp_filters[1].u_pe|and_res[6]                                                                            ; 1                 ; 6       ;
;      - mcp_top:u_mcp|mcp_pe:gen_mcp_filters[1].u_pe|and_res[10]                                                                           ; 1                 ; 6       ;
;      - mcp_top:u_mcp|mcp_pe:gen_mcp_filters[1].u_pe|and_res[11]                                                                           ; 1                 ; 6       ;
;      - mcp_top:u_mcp|mcp_pe:gen_mcp_filters[1].u_pe|and_res[15]                                                                           ; 1                 ; 6       ;
;      - mcp_top:u_mcp|mcp_pe:gen_mcp_filters[1].u_pe|and_res[14]                                                                           ; 1                 ; 6       ;
;      - mcp_top:u_mcp|mcp_pe:gen_mcp_filters[1].u_pe|thresh1[0]                                                                            ; 1                 ; 6       ;
;      - mcp_top:u_mcp|mcp_pe:gen_mcp_filters[1].u_pe|thresh1[16]                                                                           ; 1                 ; 6       ;
;      - mcp_top:u_mcp|mcp_pe:gen_mcp_filters[1].u_pe|valid1                                                                                ; 1                 ; 6       ;
;      - mcp_top:u_mcp|window4x4s2:u_window|window[13]                                                                                      ; 1                 ; 6       ;
;      - mcp_top:u_mcp|window4x4s2:u_window|window[6]                                                                                       ; 1                 ; 6       ;
;      - mcp_top:u_mcp|window4x4s2:u_window|window[2]                                                                                       ; 1                 ; 6       ;
;      - mcp_top:u_mcp|window4x4s2:u_window|window[5]                                                                                       ; 1                 ; 6       ;
;      - mcp_top:u_mcp|window4x4s2:u_window|window[9]                                                                                       ; 1                 ; 6       ;
;      - mcp_top:u_mcp|window4x4s2:u_window|window[10]                                                                                      ; 1                 ; 6       ;
;      - dw_top:u_dw|window3x3s1:u_window|buff_row2[10][2]                                                                                  ; 1                 ; 6       ;
;      - mcp_top:u_mcp|window4x4s2:u_window|window[8]                                                                                       ; 1                 ; 6       ;
;      - mcp_top:u_mcp|window4x4s2:u_window|window[4]                                                                                       ; 1                 ; 6       ;
;      - mcp_top:u_mcp|window4x4s2:u_window|window[0]                                                                                       ; 1                 ; 6       ;
;      - mcp_top:u_mcp|window4x4s2:u_window|window[1]                                                                                       ; 1                 ; 6       ;
;      - mcp_top:u_mcp|window4x4s2:u_window|window[12]                                                                                      ; 1                 ; 6       ;
;      - dw_top:u_dw|window3x3s1:u_window|buff_row2[9][2]                                                                                   ; 1                 ; 6       ;
;      - mcp_top:u_mcp|window4x4s2:u_window|row1[31]                                                                                        ; 1                 ; 6       ;
;      - dw_top:u_dw|window3x3s1:u_window|buff_row2[8][2]                                                                                   ; 1                 ; 6       ;
;      - mcp_top:u_mcp|window4x4s2:u_window|altshift_taps:row2_rtl_0|shift_taps_egm:auto_generated|dffe4                                    ; 1                 ; 6       ;
;      - mcp_top:u_mcp|window4x4s2:u_window|row1[30]                                                                                        ; 1                 ; 6       ;
;      - dw_top:u_dw|window3x3s1:u_window|buff_row2[7][2]                                                                                   ; 1                 ; 6       ;
;      - mcp_top:u_mcp|window4x4s2:u_window|altshift_taps:row2_rtl_0|shift_taps_egm:auto_generated|cntr_5lg:cntr3|counter_reg_bit[4]        ; 1                 ; 6       ;
;      - mcp_top:u_mcp|window4x4s2:u_window|altshift_taps:row2_rtl_0|shift_taps_egm:auto_generated|cntr_5lg:cntr3|counter_reg_bit[3]        ; 1                 ; 6       ;
;      - mcp_top:u_mcp|window4x4s2:u_window|altshift_taps:row2_rtl_0|shift_taps_egm:auto_generated|cntr_5lg:cntr3|counter_reg_bit[2]        ; 1                 ; 6       ;
;      - mcp_top:u_mcp|window4x4s2:u_window|altshift_taps:row2_rtl_0|shift_taps_egm:auto_generated|cntr_5lg:cntr3|counter_reg_bit[1]        ; 1                 ; 6       ;
;      - mcp_top:u_mcp|window4x4s2:u_window|altshift_taps:row2_rtl_0|shift_taps_egm:auto_generated|cntr_5lg:cntr3|counter_reg_bit[0]        ; 1                 ; 6       ;
;      - mcp_top:u_mcp|window4x4s2:u_window|row1[29]                                                                                        ; 1                 ; 6       ;
;      - dw_top:u_dw|window3x3s1:u_window|buff_row2[6][2]                                                                                   ; 1                 ; 6       ;
;      - mcp_top:u_mcp|window4x4s2:u_window|row1[28]                                                                                        ; 1                 ; 6       ;
;      - dw_top:u_dw|window3x3s1:u_window|buff_row2[5][2]                                                                                   ; 1                 ; 6       ;
;      - mcp_top:u_mcp|window4x4s2:u_window|row1[27]                                                                                        ; 1                 ; 6       ;
;      - dw_top:u_dw|window3x3s1:u_window|buff_row2[4][2]                                                                                   ; 1                 ; 6       ;
;      - mcp_top:u_mcp|window4x4s2:u_window|row1[26]                                                                                        ; 1                 ; 6       ;
;      - dw_top:u_dw|window3x3s1:u_window|buff_row2[3][2]                                                                                   ; 1                 ; 6       ;
;      - mcp_top:u_mcp|window4x4s2:u_window|row1[25]                                                                                        ; 1                 ; 6       ;
;      - dw_top:u_dw|window3x3s1:u_window|buff_row2[2][2]                                                                                   ; 1                 ; 6       ;
;      - mcp_top:u_mcp|window4x4s2:u_window|row1[24]                                                                                        ; 1                 ; 6       ;
;      - dw_top:u_dw|window3x3s1:u_window|buff_row2[1][2]                                                                                   ; 1                 ; 6       ;
;      - mcp_top:u_mcp|window4x4s2:u_window|row1[23]                                                                                        ; 1                 ; 6       ;
;      - dw_top:u_dw|window3x3s1:u_window|buff_row2[0][2]                                                                                   ; 1                 ; 6       ;
;      - mcp_top:u_mcp|window4x4s2:u_window|row1[22]                                                                                        ; 1                 ; 6       ;
;      - dw_top:u_dw|window3x3s1:u_window|buff_row1[14][2]                                                                                  ; 1                 ; 6       ;
;      - mcp_top:u_mcp|window4x4s2:u_window|row1[21]                                                                                        ; 1                 ; 6       ;
;      - dw_top:u_dw|window3x3s1:u_window|buff_row1[13][2]                                                                                  ; 1                 ; 6       ;
;      - mcp_top:u_mcp|window4x4s2:u_window|row1[20]                                                                                        ; 1                 ; 6       ;
;      - dw_top:u_dw|window3x3s1:u_window|buff_row1[12][2]                                                                                  ; 1                 ; 6       ;
;      - mcp_top:u_mcp|window4x4s2:u_window|row1[19]                                                                                        ; 1                 ; 6       ;
;      - dw_top:u_dw|window3x3s1:u_window|buff_row1[11][2]                                                                                  ; 1                 ; 6       ;
;      - mcp_top:u_mcp|window4x4s2:u_window|row1[18]                                                                                        ; 1                 ; 6       ;
;      - dw_top:u_dw|window3x3s1:u_window|buff_row1[10][2]                                                                                  ; 1                 ; 6       ;
;      - mcp_top:u_mcp|window4x4s2:u_window|row1[17]                                                                                        ; 1                 ; 6       ;
;      - dw_top:u_dw|window3x3s1:u_window|buff_row1[9][2]                                                                                   ; 1                 ; 6       ;
;      - mcp_top:u_mcp|window4x4s2:u_window|row1[16]                                                                                        ; 1                 ; 6       ;
;      - dw_top:u_dw|window3x3s1:u_window|buff_row1[8][2]                                                                                   ; 1                 ; 6       ;
;      - mcp_top:u_mcp|window4x4s2:u_window|row1[15]                                                                                        ; 1                 ; 6       ;
;      - dw_top:u_dw|window3x3s1:u_window|buff_row1[7][2]                                                                                   ; 1                 ; 6       ;
;      - mcp_top:u_mcp|window4x4s2:u_window|row1[14]                                                                                        ; 1                 ; 6       ;
;      - dw_top:u_dw|window3x3s1:u_window|buff_row1[6][2]                                                                                   ; 1                 ; 6       ;
;      - mcp_top:u_mcp|window4x4s2:u_window|row1[13]                                                                                        ; 1                 ; 6       ;
;      - dw_top:u_dw|window3x3s1:u_window|buff_row1[5][2]                                                                                   ; 1                 ; 6       ;
;      - mcp_top:u_mcp|window4x4s2:u_window|row1[12]                                                                                        ; 1                 ; 6       ;
;      - dw_top:u_dw|window3x3s1:u_window|buff_row1[4][2]                                                                                   ; 1                 ; 6       ;
;      - mcp_top:u_mcp|window4x4s2:u_window|row1[11]                                                                                        ; 1                 ; 6       ;
;      - dw_top:u_dw|window3x3s1:u_window|buff_row1[3][2]                                                                                   ; 1                 ; 6       ;
;      - mcp_top:u_mcp|window4x4s2:u_window|row1[10]                                                                                        ; 1                 ; 6       ;
;      - dw_top:u_dw|window3x3s1:u_window|buff_row1[2][2]                                                                                   ; 1                 ; 6       ;
;      - mcp_top:u_mcp|window4x4s2:u_window|row1[9]                                                                                         ; 1                 ; 6       ;
;      - dw_top:u_dw|window3x3s1:u_window|buff_row1[1][2]                                                                                   ; 1                 ; 6       ;
;      - mcp_top:u_mcp|window4x4s2:u_window|row1[8]                                                                                         ; 1                 ; 6       ;
;      - dw_top:u_dw|window3x3s1:u_window|buff_row1[0][2]                                                                                   ; 1                 ; 6       ;
;      - mcp_top:u_mcp|window4x4s2:u_window|row1[7]                                                                                         ; 1                 ; 6       ;
;      - mcp_top:u_mcp|mcp_pe:gen_mcp_filters[2].u_pe|data_out                                                                              ; 1                 ; 6       ;
;      - mcp_top:u_mcp|window4x4s2:u_window|row1[6]                                                                                         ; 1                 ; 6       ;
;      - mcp_top:u_mcp|mcp_pe:gen_mcp_filters[2].u_pe|thresh1[16]                                                                           ; 1                 ; 6       ;
;      - mcp_top:u_mcp|mcp_pe:gen_mcp_filters[2].u_pe|thresh1[0]                                                                            ; 1                 ; 6       ;
;      - mcp_top:u_mcp|mcp_pe:gen_mcp_filters[2].u_pe|and_res[15]                                                                           ; 1                 ; 6       ;
;      - mcp_top:u_mcp|mcp_pe:gen_mcp_filters[2].u_pe|and_res[14]                                                                           ; 1                 ; 6       ;
;      - mcp_top:u_mcp|mcp_pe:gen_mcp_filters[2].u_pe|valid1                                                                                ; 1                 ; 6       ;
;      - mcp_top:u_mcp|window4x4s2:u_window|row1[5]                                                                                         ; 1                 ; 6       ;
;      - mcp_top:u_mcp|window4x4s2:u_window|row1[4]                                                                                         ; 1                 ; 6       ;
;      - mcp_top:u_mcp|window4x4s2:u_window|row1[3]                                                                                         ; 1                 ; 6       ;
;      - mcp_top:u_mcp|window4x4s2:u_window|row1[2]                                                                                         ; 1                 ; 6       ;
;      - mcp_top:u_mcp|window4x4s2:u_window|row1[1]                                                                                         ; 1                 ; 6       ;
;      - mcp_top:u_mcp|window4x4s2:u_window|row1[0]                                                                                         ; 1                 ; 6       ;
; img_valid                                                                                                                                 ;                   ;         ;
;      - mcp_top:u_mcp|window4x4s2:u_window|dout_valid                                                                                      ; 1                 ; 6       ;
;      - mcp_top:u_mcp|window4x4s2:u_window|col_cnt[1]                                                                                      ; 1                 ; 6       ;
;      - mcp_top:u_mcp|window4x4s2:u_window|col_cnt[2]                                                                                      ; 1                 ; 6       ;
;      - mcp_top:u_mcp|window4x4s2:u_window|col_cnt[3]                                                                                      ; 1                 ; 6       ;
;      - mcp_top:u_mcp|window4x4s2:u_window|col_cnt[4]                                                                                      ; 1                 ; 6       ;
;      - mcp_top:u_mcp|window4x4s2:u_window|col_cnt[0]                                                                                      ; 1                 ; 6       ;
;      - mcp_top:u_mcp|window4x4s2:u_window|altshift_taps:row2_rtl_0|shift_taps_egm:auto_generated|altsyncram_ica1:altsyncram2|ram_block5a0 ; 1                 ; 6       ;
;      - mcp_top:u_mcp|window4x4s2:u_window|window[13]                                                                                      ; 1                 ; 6       ;
;      - mcp_top:u_mcp|window4x4s2:u_window|window[6]                                                                                       ; 1                 ; 6       ;
;      - mcp_top:u_mcp|window4x4s2:u_window|window[2]                                                                                       ; 1                 ; 6       ;
;      - mcp_top:u_mcp|window4x4s2:u_window|window[5]                                                                                       ; 1                 ; 6       ;
;      - mcp_top:u_mcp|window4x4s2:u_window|window[9]                                                                                       ; 1                 ; 6       ;
;      - mcp_top:u_mcp|window4x4s2:u_window|window[10]                                                                                      ; 1                 ; 6       ;
;      - mcp_top:u_mcp|window4x4s2:u_window|row_cnt[0]~6                                                                                    ; 1                 ; 6       ;
;      - mcp_top:u_mcp|window4x4s2:u_window|window[8]                                                                                       ; 1                 ; 6       ;
;      - mcp_top:u_mcp|window4x4s2:u_window|window[4]                                                                                       ; 1                 ; 6       ;
;      - mcp_top:u_mcp|window4x4s2:u_window|window[0]                                                                                       ; 1                 ; 6       ;
;      - mcp_top:u_mcp|window4x4s2:u_window|window[1]                                                                                       ; 1                 ; 6       ;
;      - mcp_top:u_mcp|window4x4s2:u_window|window[12]                                                                                      ; 1                 ; 6       ;
;      - mcp_top:u_mcp|window4x4s2:u_window|row1[31]                                                                                        ; 1                 ; 6       ;
;      - mcp_top:u_mcp|window4x4s2:u_window|altshift_taps:row2_rtl_0|shift_taps_egm:auto_generated|dffe4                                    ; 1                 ; 6       ;
;      - mcp_top:u_mcp|window4x4s2:u_window|altshift_taps:row2_rtl_0|shift_taps_egm:auto_generated|cntr_f5f:cntr1|counter_reg_bit[0]        ; 1                 ; 6       ;
;      - mcp_top:u_mcp|window4x4s2:u_window|altshift_taps:row2_rtl_0|shift_taps_egm:auto_generated|cntr_f5f:cntr1|counter_reg_bit[1]        ; 1                 ; 6       ;
;      - mcp_top:u_mcp|window4x4s2:u_window|altshift_taps:row2_rtl_0|shift_taps_egm:auto_generated|cntr_f5f:cntr1|counter_reg_bit[2]        ; 1                 ; 6       ;
;      - mcp_top:u_mcp|window4x4s2:u_window|altshift_taps:row2_rtl_0|shift_taps_egm:auto_generated|cntr_f5f:cntr1|counter_reg_bit[3]        ; 1                 ; 6       ;
;      - mcp_top:u_mcp|window4x4s2:u_window|altshift_taps:row2_rtl_0|shift_taps_egm:auto_generated|cntr_f5f:cntr1|counter_reg_bit[4]        ; 1                 ; 6       ;
;      - mcp_top:u_mcp|window4x4s2:u_window|row1[30]                                                                                        ; 1                 ; 6       ;
;      - mcp_top:u_mcp|window4x4s2:u_window|row1[29]                                                                                        ; 1                 ; 6       ;
;      - mcp_top:u_mcp|window4x4s2:u_window|altshift_taps:row2_rtl_0|shift_taps_egm:auto_generated|cntr_5lg:cntr3|counter_reg_bit[4]~0      ; 1                 ; 6       ;
;      - mcp_top:u_mcp|window4x4s2:u_window|row1[28]                                                                                        ; 1                 ; 6       ;
;      - mcp_top:u_mcp|window4x4s2:u_window|row1[27]                                                                                        ; 1                 ; 6       ;
;      - mcp_top:u_mcp|window4x4s2:u_window|row1[26]                                                                                        ; 1                 ; 6       ;
;      - mcp_top:u_mcp|window4x4s2:u_window|row1[25]                                                                                        ; 1                 ; 6       ;
;      - mcp_top:u_mcp|window4x4s2:u_window|row1[24]                                                                                        ; 1                 ; 6       ;
;      - mcp_top:u_mcp|window4x4s2:u_window|row1[23]                                                                                        ; 1                 ; 6       ;
;      - mcp_top:u_mcp|window4x4s2:u_window|row1[22]                                                                                        ; 1                 ; 6       ;
;      - mcp_top:u_mcp|window4x4s2:u_window|row1[21]                                                                                        ; 1                 ; 6       ;
;      - mcp_top:u_mcp|window4x4s2:u_window|row1[20]                                                                                        ; 1                 ; 6       ;
;      - mcp_top:u_mcp|window4x4s2:u_window|row1[19]                                                                                        ; 1                 ; 6       ;
;      - mcp_top:u_mcp|window4x4s2:u_window|row1[18]                                                                                        ; 1                 ; 6       ;
;      - mcp_top:u_mcp|window4x4s2:u_window|row1[17]                                                                                        ; 1                 ; 6       ;
;      - mcp_top:u_mcp|window4x4s2:u_window|row1[16]                                                                                        ; 1                 ; 6       ;
;      - mcp_top:u_mcp|window4x4s2:u_window|row1[15]                                                                                        ; 1                 ; 6       ;
;      - mcp_top:u_mcp|window4x4s2:u_window|row1[14]                                                                                        ; 1                 ; 6       ;
;      - mcp_top:u_mcp|window4x4s2:u_window|row1[13]                                                                                        ; 1                 ; 6       ;
;      - mcp_top:u_mcp|window4x4s2:u_window|row1[12]                                                                                        ; 1                 ; 6       ;
;      - mcp_top:u_mcp|window4x4s2:u_window|row1[11]                                                                                        ; 1                 ; 6       ;
;      - mcp_top:u_mcp|window4x4s2:u_window|row1[10]                                                                                        ; 1                 ; 6       ;
;      - mcp_top:u_mcp|window4x4s2:u_window|row1[9]                                                                                         ; 1                 ; 6       ;
;      - mcp_top:u_mcp|window4x4s2:u_window|row1[8]                                                                                         ; 1                 ; 6       ;
;      - mcp_top:u_mcp|window4x4s2:u_window|row1[7]                                                                                         ; 1                 ; 6       ;
;      - mcp_top:u_mcp|window4x4s2:u_window|row1[6]                                                                                         ; 1                 ; 6       ;
;      - mcp_top:u_mcp|window4x4s2:u_window|row1[5]                                                                                         ; 1                 ; 6       ;
;      - mcp_top:u_mcp|window4x4s2:u_window|row1[4]                                                                                         ; 1                 ; 6       ;
;      - mcp_top:u_mcp|window4x4s2:u_window|row1[3]                                                                                         ; 1                 ; 6       ;
;      - mcp_top:u_mcp|window4x4s2:u_window|row1[2]                                                                                         ; 1                 ; 6       ;
;      - mcp_top:u_mcp|window4x4s2:u_window|row1[1]                                                                                         ; 1                 ; 6       ;
;      - mcp_top:u_mcp|window4x4s2:u_window|row1[0]                                                                                         ; 1                 ; 6       ;
; img_data                                                                                                                                  ;                   ;         ;
;      - mcp_top:u_mcp|window4x4s2:u_window|window[0]                                                                                       ; 0                 ; 6       ;
;      - mcp_top:u_mcp|window4x4s2:u_window|row1[0]                                                                                         ; 0                 ; 6       ;
+-------------------------------------------------------------------------------------------------------------------------------------------+-------------------+---------+


+----------------------------------------------------------------------------------------------------------------------------------------------------------------------------------------------------------------------------------------------------------------------------+
; Control Signals                                                                                                                                                                                                                                                            ;
+----------------------------------------------------------------------------------------------------------------------------------+--------------------+---------+---------------------------+--------+----------------------+------------------+---------------------------+
; Name                                                                                                                             ; Location           ; Fan-Out ; Usage                     ; Global ; Global Resource Used ; Global Line Name ; Enable Signal Source Name ;
+----------------------------------------------------------------------------------------------------------------------------------+--------------------+---------+---------------------------+--------+----------------------+------------------+---------------------------+
; clk                                                                                                                              ; PIN_P11            ; 2243    ; Clock                     ; yes    ; Global Clock         ; GCLK19           ; --                        ;
; dw_top:u_dw|dw_pe:pe_ch0|valid1                                                                                                  ; FF_X47_Y39_N27     ; 3       ; Clock enable              ; no     ; --                   ; --               ; --                        ;
; dw_top:u_dw|dw_pe:pe_ch0|valid_out                                                                                               ; FF_X47_Y32_N29     ; 97      ; Clock enable              ; no     ; --                   ; --               ; --                        ;
; dw_top:u_dw|dw_pe:pe_ch1|valid1                                                                                                  ; FF_X47_Y39_N21     ; 3       ; Clock enable              ; no     ; --                   ; --               ; --                        ;
; dw_top:u_dw|dw_pe:pe_ch2|valid1                                                                                                  ; FF_X49_Y35_N21     ; 2       ; Clock enable              ; no     ; --                   ; --               ; --                        ;
; dw_top:u_dw|window3x3s1:u_window|altshift_taps:buff_row1_rtl_0|shift_taps_ggm:auto_generated|cntr_6lg:cntr3|counter_reg_bit[3]~0 ; LCCOMB_X51_Y46_N18 ; 4       ; Clock enable              ; no     ; --                   ; --               ; --                        ;
; dw_top:u_dw|window3x3s1:u_window|altshift_taps:buff_row1_rtl_0|shift_taps_ggm:auto_generated|dffe4                               ; FF_X50_Y43_N25     ; 1       ; Async. clear              ; no     ; --                   ; --               ; --                        ;
; dw_top:u_dw|window3x3s1:u_window|dout_valid                                                                                      ; FF_X47_Y39_N25     ; 13      ; Clock enable              ; no     ; --                   ; --               ; --                        ;
; dw_top:u_dw|window3x3s1:u_window|row_index[3]~1                                                                                  ; LCCOMB_X47_Y39_N2  ; 4       ; Clock enable              ; no     ; --                   ; --               ; --                        ;
; fc1_folded_top:u_fc1|fc1_folded_neuron:gen_fc1_neurons[0].u_neuron|compute_done~0                                                ; LCCOMB_X52_Y8_N26  ; 401     ; Clock enable              ; no     ; --                   ; --               ; --                        ;
; fc1_folded_top:u_fc1|fc1_folded_neuron:gen_fc1_neurons[0].u_neuron|valid_out                                                     ; FF_X41_Y35_N1      ; 49      ; Clock enable              ; no     ; --                   ; --               ; --                        ;
; fc1_folded_top:u_fc1|fc1_folded_neuron:gen_fc1_neurons[31].u_neuron|Equal0~2                                                     ; LCCOMB_X35_Y16_N16 ; 762     ; Sync. load                ; no     ; --                   ; --               ; --                        ;
; fc2_top:u_fc2|LessThan0~0                                                                                                        ; LCCOMB_X59_Y43_N16 ; 33      ; Sync. load                ; no     ; --                   ; --               ; --                        ;
; fc2_top:u_fc2|LessThan1~2                                                                                                        ; LCCOMB_X57_Y40_N30 ; 33      ; Sync. load                ; no     ; --                   ; --               ; --                        ;
; fc2_top:u_fc2|LessThan2~0                                                                                                        ; LCCOMB_X55_Y44_N16 ; 33      ; Sync. load                ; no     ; --                   ; --               ; --                        ;
; fc2_top:u_fc2|LessThan3~0                                                                                                        ; LCCOMB_X51_Y43_N16 ; 33      ; Sync. load                ; no     ; --                   ; --               ; --                        ;
; fc2_top:u_fc2|LessThan4~0                                                                                                        ; LCCOMB_X55_Y47_N16 ; 33      ; Sync. load                ; no     ; --                   ; --               ; --                        ;
; fc2_top:u_fc2|LessThan5~0                                                                                                        ; LCCOMB_X58_Y43_N16 ; 34      ; Sync. load                ; no     ; --                   ; --               ; --                        ;
; fc2_top:u_fc2|LessThan6~0                                                                                                        ; LCCOMB_X56_Y44_N16 ; 35      ; Sync. load                ; no     ; --                   ; --               ; --                        ;
; fc2_top:u_fc2|LessThan7~0                                                                                                        ; LCCOMB_X57_Y44_N16 ; 35      ; Sync. load                ; no     ; --                   ; --               ; --                        ;
; fc2_top:u_fc2|pop[0][2]                                                                                                          ; FF_X49_Y37_N11     ; 20      ; Sync. clear               ; no     ; --                   ; --               ; --                        ;
; fc2_top:u_fc2|pop[2][2]                                                                                                          ; FF_X50_Y39_N25     ; 30      ; Sync. load                ; no     ; --                   ; --               ; --                        ;
; fc2_top:u_fc2|pop[2][4]                                                                                                          ; FF_X50_Y39_N29     ; 33      ; Sync. load                ; no     ; --                   ; --               ; --                        ;
; fc2_top:u_fc2|pop[5][3]                                                                                                          ; FF_X51_Y39_N25     ; 27      ; Sync. load                ; no     ; --                   ; --               ; --                        ;
; fc2_top:u_fc2|pop[5][4]                                                                                                          ; FF_X51_Y39_N27     ; 26      ; Sync. load                ; no     ; --                   ; --               ; --                        ;
; fc2_top:u_fc2|pop[9][4]                                                                                                          ; FF_X49_Y43_N27     ; 30      ; Sync. load                ; no     ; --                   ; --               ; --                        ;
; fc2_top:u_fc2|valid_stg1                                                                                                         ; FF_X55_Y40_N17     ; 320     ; Clock enable              ; no     ; --                   ; --               ; --                        ;
; fc2_top:u_fc2|valid_stg2                                                                                                         ; FF_X57_Y46_N1      ; 171     ; Clock enable              ; no     ; --                   ; --               ; --                        ;
; fc2_top:u_fc2|valid_t1                                                                                                           ; FF_X57_Y46_N7      ; 104     ; Clock enable              ; no     ; --                   ; --               ; --                        ;
; fc2_top:u_fc2|valid_t2                                                                                                           ; FF_X57_Y46_N13     ; 70      ; Clock enable              ; no     ; --                   ; --               ; --                        ;
; fc2_top:u_fc2|valid_t3                                                                                                           ; FF_X57_Y46_N11     ; 5       ; Clock enable              ; no     ; --                   ; --               ; --                        ;
; img_valid                                                                                                                        ; PIN_A11            ; 58      ; Clock enable, Sync. clear ; no     ; --                   ; --               ; --                        ;
; mcp_top:u_mcp|mcp_pe:gen_mcp_filters[0].u_pe|valid_out                                                                           ; FF_X51_Y46_N17     ; 58      ; Clock enable, Sync. clear ; no     ; --                   ; --               ; --                        ;
; mcp_top:u_mcp|window4x4s2:u_window|altshift_taps:row2_rtl_0|shift_taps_egm:auto_generated|cntr_5lg:cntr3|counter_reg_bit[4]~0    ; LCCOMB_X52_Y50_N30 ; 5       ; Clock enable              ; no     ; --                   ; --               ; --                        ;
; mcp_top:u_mcp|window4x4s2:u_window|altshift_taps:row2_rtl_0|shift_taps_egm:auto_generated|dffe4                                  ; FF_X52_Y50_N25     ; 1       ; Async. clear              ; no     ; --                   ; --               ; --                        ;
; mcp_top:u_mcp|window4x4s2:u_window|dout_valid                                                                                    ; FF_X50_Y47_N9      ; 24      ; Clock enable              ; no     ; --                   ; --               ; --                        ;
; mcp_top:u_mcp|window4x4s2:u_window|row_cnt[0]~7                                                                                  ; LCCOMB_X50_Y47_N28 ; 4       ; Clock enable              ; no     ; --                   ; --               ; --                        ;
; pw_top:u_pw|pw_pe:gen_pw_neurons[0].u_pe|valid_out                                                                               ; FF_X38_Y15_N17     ; 765     ; Clock enable              ; no     ; --                   ; --               ; --                        ;
; rst_n                                                                                                                            ; PIN_C10            ; 2232    ; Async. clear              ; no     ; --                   ; --               ; --                        ;
+----------------------------------------------------------------------------------------------------------------------------------+--------------------+---------+---------------------------+--------+----------------------+------------------+---------------------------+


+----------------------------------------------------------------------------------------------------------------------------------------+
; Global & Other Fast Signals                                                                                                            ;
+------+----------+---------+--------------------------------------+----------------------+------------------+---------------------------+
; Name ; Location ; Fan-Out ; Fan-Out Using Intentional Clock Skew ; Global Resource Used ; Global Line Name ; Enable Signal Source Name ;
+------+----------+---------+--------------------------------------+----------------------+------------------+---------------------------+
; clk  ; PIN_P11  ; 2243    ; 0                                    ; Global Clock         ; GCLK19           ; --                        ;
+------+----------+---------+--------------------------------------+----------------------+------------------+---------------------------+


+----------------------------------------------------------------------------------------+
; Non-Global High Fan-Out Signals                                                        ;
+------------------------------------------------------------------------------+---------+
; Name                                                                         ; Fan-Out ;
+------------------------------------------------------------------------------+---------+
; fc1_folded_top:u_fc1|pixel_cnt[0]                                            ; 4647    ;
; fc1_folded_top:u_fc1|pixel_cnt[1]                                            ; 4584    ;
; fc1_folded_top:u_fc1|pixel_cnt[2]                                            ; 4492    ;
; fc1_folded_top:u_fc1|pixel_cnt[3]                                            ; 4089    ;
; fc1_folded_top:u_fc1|pixel_cnt[4]                                            ; 4068    ;
; fc1_folded_top:u_fc1|pixel_cnt[5]                                            ; 3924    ;
; fc1_folded_top:u_fc1|pixel_cnt[6]                                            ; 3142    ;
; fc1_folded_top:u_fc1|pixel_cnt[7]                                            ; 2591    ;
; rst_n~input                                                                  ; 2232    ;
; pw_top:u_pw|pw_pe:gen_pw_neurons[0].u_pe|valid_out                           ; 765     ;
; fc1_folded_top:u_fc1|fc1_folded_neuron:gen_fc1_neurons[31].u_neuron|Equal0~2 ; 762     ;
+------------------------------------------------------------------------------+---------+


+-----------------------------------------------------------------------------------------------------------------------------------------------------------------------------------------------------------------------------------------------------------------------------------------------------------------------------------------------------------------------------------------------------------------------------------------------------------------------------------------------------------------------------------------------------------------------------------------------------------------------------------------------------------------+
; Fitter RAM Summary                                                                                                                                                                                                                                                                                                                                                                                                                                                                                                                                                                                                                                              ;
+-------------------------------------------------------------------------------------------------------------------------------------+------+------------------+--------------+--------------+--------------+--------------+--------------+------------------------+-------------------------+------------------------+-------------------------+------+-----------------------------+-----------------------------+-----------------------------+-----------------------------+---------------------+------+------+----------------+----------------------+------------------------+------------------------+----------+------------------------+---------------+
; Name                                                                                                                                ; Type ; Mode             ; Clock Mode   ; Port A Depth ; Port A Width ; Port B Depth ; Port B Width ; Port A Input Registers ; Port A Output Registers ; Port B Input Registers ; Port B Output Registers ; Size ; Implementation Port A Depth ; Implementation Port A Width ; Implementation Port B Depth ; Implementation Port B Width ; Implementation Bits ; M9Ks ; MIF  ; Location       ; Mixed Width RDW Mode ; Port A RDW Mode        ; Port B RDW Mode        ; ECC Mode ; ECC Pipeline Registers ; Fits in MLABs ;
+-------------------------------------------------------------------------------------------------------------------------------------+------+------------------+--------------+--------------+--------------+--------------+--------------+------------------------+-------------------------+------------------------+-------------------------+------+-----------------------------+-----------------------------+-----------------------------+-----------------------------+---------------------+------+------+----------------+----------------------+------------------------+------------------------+----------+------------------------+---------------+
; dw_top:u_dw|window3x3s1:u_window|altshift_taps:buff_row1_rtl_0|shift_taps_ggm:auto_generated|altsyncram_mca1:altsyncram2|ALTSYNCRAM ; AUTO ; Simple Dual Port ; Single Clock ; 13           ; 4            ; 13           ; 4            ; yes                    ; no                      ; yes                    ; yes                     ; 52   ; 13                          ; 4                           ; 13                          ; 4                           ; 52                  ; 1    ; None ; M9K_X53_Y39_N0 ; Old data             ; New data with NBE Read ; New data with NBE Read ; Off      ; No                     ; No - Unknown  ;
; mcp_top:u_mcp|window4x4s2:u_window|altshift_taps:row2_rtl_0|shift_taps_egm:auto_generated|altsyncram_ica1:altsyncram2|ALTSYNCRAM    ; AUTO ; Simple Dual Port ; Single Clock ; 30           ; 2            ; 30           ; 2            ; yes                    ; no                      ; yes                    ; yes                     ; 60   ; 30                          ; 2                           ; 30                          ; 2                           ; 60                  ; 1    ; None ; M9K_X53_Y50_N0 ; Old data             ; New data with NBE Read ; New data with NBE Read ; Off      ; No                     ; No - Unknown  ;
+-------------------------------------------------------------------------------------------------------------------------------------+------+------------------+--------------+--------------+--------------+--------------+--------------+------------------------+-------------------------+------------------------+-------------------------+------+-----------------------------+-----------------------------+-----------------------------+-----------------------------+---------------------+------+------+----------------+----------------------+------------------------+------------------------+----------+------------------------+---------------+
Note: Fitter may spread logical memories into multiple blocks to improve timing. The actual required RAM blocks can be found in the Fitter Resource Usage section.


+---------------------------------------------------+
; Routing Usage Summary                             ;
+-----------------------+---------------------------+
; Routing Resource Type ; Usage                     ;
+-----------------------+---------------------------+
; Block interconnects   ; 18,236 / 148,641 ( 12 % ) ;
; C16 interconnects     ; 834 / 5,382 ( 15 % )      ;
; C4 interconnects      ; 11,470 / 106,704 ( 11 % ) ;
; Direct links          ; 1,066 / 148,641 ( < 1 % ) ;
; Global clocks         ; 1 / 20 ( 5 % )            ;
; Local interconnects   ; 12,920 / 49,760 ( 26 % )  ;
; NSLEEPs               ; 0 / 500 ( 0 % )           ;
; R24 interconnects     ; 1,009 / 5,406 ( 19 % )    ;
; R4 interconnects      ; 13,283 / 147,764 ( 9 % )  ;
+-----------------------+---------------------------+


+------------------------------------------------------------------------------+
; LAB Logic Elements                                                           ;
+---------------------------------------------+--------------------------------+
; Number of Logic Elements  (Average = 13.67) ; Number of LABs  (Total = 1341) ;
+---------------------------------------------+--------------------------------+
; 1                                           ; 65                             ;
; 2                                           ; 42                             ;
; 3                                           ; 29                             ;
; 4                                           ; 18                             ;
; 5                                           ; 18                             ;
; 6                                           ; 9                              ;
; 7                                           ; 13                             ;
; 8                                           ; 5                              ;
; 9                                           ; 14                             ;
; 10                                          ; 9                              ;
; 11                                          ; 9                              ;
; 12                                          ; 9                              ;
; 13                                          ; 24                             ;
; 14                                          ; 30                             ;
; 15                                          ; 165                            ;
; 16                                          ; 882                            ;
+---------------------------------------------+--------------------------------+


+---------------------------------------------------------------------+
; LAB-wide Signals                                                    ;
+------------------------------------+--------------------------------+
; LAB-wide Signals  (Average = 0.67) ; Number of LABs  (Total = 1341) ;
+------------------------------------+--------------------------------+
; 1 Async. clear                     ; 282                            ;
; 1 Clock                            ; 284                            ;
; 1 Clock enable                     ; 214                            ;
; 1 Sync. clear                      ; 1                              ;
; 1 Sync. load                       ; 80                             ;
; 2 Clock enables                    ; 41                             ;
+------------------------------------+--------------------------------+


+-------------------------------------------------------------------------------+
; LAB Signals Sourced                                                           ;
+----------------------------------------------+--------------------------------+
; Number of Signals Sourced  (Average = 15.18) ; Number of LABs  (Total = 1341) ;
+----------------------------------------------+--------------------------------+
; 0                                            ; 1                              ;
; 1                                            ; 44                             ;
; 2                                            ; 51                             ;
; 3                                            ; 25                             ;
; 4                                            ; 27                             ;
; 5                                            ; 6                              ;
; 6                                            ; 11                             ;
; 7                                            ; 12                             ;
; 8                                            ; 9                              ;
; 9                                            ; 16                             ;
; 10                                           ; 9                              ;
; 11                                           ; 6                              ;
; 12                                           ; 4                              ;
; 13                                           ; 14                             ;
; 14                                           ; 62                             ;
; 15                                           ; 120                            ;
; 16                                           ; 724                            ;
; 17                                           ; 5                              ;
; 18                                           ; 8                              ;
; 19                                           ; 8                              ;
; 20                                           ; 14                             ;
; 21                                           ; 19                             ;
; 22                                           ; 13                             ;
; 23                                           ; 14                             ;
; 24                                           ; 6                              ;
; 25                                           ; 14                             ;
; 26                                           ; 6                              ;
; 27                                           ; 21                             ;
; 28                                           ; 40                             ;
; 29                                           ; 10                             ;
; 30                                           ; 3                              ;
; 31                                           ; 3                              ;
; 32                                           ; 16                             ;
+----------------------------------------------+--------------------------------+


+----------------------------------------------------------------------------------+
; LAB Signals Sourced Out                                                          ;
+-------------------------------------------------+--------------------------------+
; Number of Signals Sourced Out  (Average = 4.44) ; Number of LABs  (Total = 1341) ;
+-------------------------------------------------+--------------------------------+
; 0                                               ; 1                              ;
; 1                                               ; 111                            ;
; 2                                               ; 199                            ;
; 3                                               ; 189                            ;
; 4                                               ; 287                            ;
; 5                                               ; 229                            ;
; 6                                               ; 116                            ;
; 7                                               ; 59                             ;
; 8                                               ; 53                             ;
; 9                                               ; 42                             ;
; 10                                              ; 21                             ;
; 11                                              ; 8                              ;
; 12                                              ; 6                              ;
; 13                                              ; 5                              ;
; 14                                              ; 2                              ;
; 15                                              ; 0                              ;
; 16                                              ; 11                             ;
; 17                                              ; 2                              ;
+-------------------------------------------------+--------------------------------+


+-------------------------------------------------------------------------------+
; LAB Distinct Inputs                                                           ;
+----------------------------------------------+--------------------------------+
; Number of Distinct Inputs  (Average = 11.89) ; Number of LABs  (Total = 1341) ;
+----------------------------------------------+--------------------------------+
; 0                                            ; 0                              ;
; 1                                            ; 0                              ;
; 2                                            ; 11                             ;
; 3                                            ; 40                             ;
; 4                                            ; 61                             ;
; 5                                            ; 18                             ;
; 6                                            ; 62                             ;
; 7                                            ; 73                             ;
; 8                                            ; 102                            ;
; 9                                            ; 84                             ;
; 10                                           ; 105                            ;
; 11                                           ; 127                            ;
; 12                                           ; 130                            ;
; 13                                           ; 92                             ;
; 14                                           ; 93                             ;
; 15                                           ; 56                             ;
; 16                                           ; 55                             ;
; 17                                           ; 48                             ;
; 18                                           ; 26                             ;
; 19                                           ; 31                             ;
; 20                                           ; 38                             ;
; 21                                           ; 19                             ;
; 22                                           ; 20                             ;
; 23                                           ; 17                             ;
; 24                                           ; 5                              ;
; 25                                           ; 9                              ;
; 26                                           ; 3                              ;
; 27                                           ; 1                              ;
; 28                                           ; 2                              ;
; 29                                           ; 0                              ;
; 30                                           ; 1                              ;
; 31                                           ; 0                              ;
; 32                                           ; 1                              ;
; 33                                           ; 1                              ;
; 34                                           ; 2                              ;
; 35                                           ; 0                              ;
; 36                                           ; 0                              ;
; 37                                           ; 7                              ;
+----------------------------------------------+--------------------------------+


+------------------------------------------+
; I/O Rules Summary                        ;
+----------------------------------+-------+
; I/O Rules Statistic              ; Total ;
+----------------------------------+-------+
; Total I/O Rules                  ; 30    ;
; Number of I/O Rules Passed       ; 12    ;
; Number of I/O Rules Failed       ; 0     ;
; Number of I/O Rules Unchecked    ; 0     ;
; Number of I/O Rules Inapplicable ; 18    ;
+----------------------------------+-------+


+-----------------------------------------------------------------------------------------------------------------------------------------------------------------------------------------------------------------------------------------------------------------------------------------------------+
; I/O Rules Details                                                                                                                                                                                                                                                                                   ;
+--------------+-----------+-----------------------------------+------------------------------------------------------------------------------------------------------+----------+--------------------------------------------------------------------------+---------------------+-------------------+
; Status       ; ID        ; Category                          ; Rule Description                                                                                     ; Severity ; Information                                                              ; Area                ; Extra Information ;
+--------------+-----------+-----------------------------------+------------------------------------------------------------------------------------------------------+----------+--------------------------------------------------------------------------+---------------------+-------------------+
; Inapplicable ; IO_000002 ; Capacity Checks                   ; Number of clocks in an I/O bank should not exceed the number of clocks available.                    ; Critical ; No Global Signal assignments found.                                      ; I/O                 ;                   ;
; Pass         ; IO_000001 ; Capacity Checks                   ; Number of pins in an I/O bank should not exceed the number of locations available.                   ; Critical ; 0 such failures found.                                                   ; I/O                 ;                   ;
; Pass         ; IO_000003 ; Capacity Checks                   ; Number of pins in a Vrefgroup should not exceed the number of locations available.                   ; Critical ; 0 such failures found.                                                   ; I/O                 ;                   ;
; Inapplicable ; IO_000004 ; Voltage Compatibility Checks      ; The I/O bank should support the requested VCCIO.                                                     ; Critical ; No IOBANK_VCCIO assignments found.                                       ; I/O                 ;                   ;
; Inapplicable ; IO_000005 ; Voltage Compatibility Checks      ; The I/O bank should not have competing VREF values.                                                  ; Critical ; No VREF I/O Standard assignments found.                                  ; I/O                 ;                   ;
; Pass         ; IO_000006 ; Voltage Compatibility Checks      ; The I/O bank should not have competing VCCIO values.                                                 ; Critical ; 0 such failures found.                                                   ; I/O                 ;                   ;
; Pass         ; IO_000007 ; Valid Location Checks             ; Checks for unavailable locations.                                                                    ; Critical ; 0 such failures found.                                                   ; I/O                 ;                   ;
; Inapplicable ; IO_000008 ; Valid Location Checks             ; Checks for reserved locations.                                                                       ; Critical ; No reserved LogicLock region found.                                      ; I/O                 ;                   ;
; Inapplicable ; IO_000047 ; I/O Properties Checks for One I/O ; On Chip Termination and Slew Rate should not be used at the same time.                               ; Critical ; No Slew Rate assignments found.                                          ; I/O                 ;                   ;
; Inapplicable ; IO_000046 ; I/O Properties Checks for One I/O ; The location should support the requested Slew Rate value.                                           ; Critical ; No Slew Rate assignments found.                                          ; I/O                 ;                   ;
; Inapplicable ; IO_000045 ; I/O Properties Checks for One I/O ; The I/O standard should support the requested Slew Rate value.                                       ; Critical ; No Slew Rate assignments found.                                          ; I/O                 ;                   ;
; Inapplicable ; IO_000027 ; I/O Properties Checks for One I/O ; Weak Pull Up and Bus Hold should not be used at the same time.                                       ; Critical ; No Enable Bus-Hold Circuitry or Weak Pull-Up Resistor assignments found. ; I/O                 ;                   ;
; Inapplicable ; IO_000026 ; I/O Properties Checks for One I/O ; On Chip Termination and Current Strength should not be used at the same time.                        ; Critical ; No Current Strength assignments found.                                   ; I/O                 ;                   ;
; Pass         ; IO_000024 ; I/O Properties Checks for One I/O ; The I/O direction should support the On Chip Termination value.                                      ; Critical ; 0 such failures found.                                                   ; I/O                 ;                   ;
; Inapplicable ; IO_000023 ; I/O Properties Checks for One I/O ; The I/O standard should support the Open Drain value.                                                ; Critical ; No open drain assignments found.                                         ; I/O                 ;                   ;
; Inapplicable ; IO_000022 ; I/O Properties Checks for One I/O ; The I/O standard should support the requested Bus Hold value.                                        ; Critical ; No Enable Bus-Hold Circuitry assignments found.                          ; I/O                 ;                   ;
; Inapplicable ; IO_000021 ; I/O Properties Checks for One I/O ; The I/O standard should support the requested Weak Pull Up value.                                    ; Critical ; No Weak Pull-Up Resistor assignments found.                              ; I/O                 ;                   ;
; Pass         ; IO_000020 ; I/O Properties Checks for One I/O ; The I/O standard should support the requested PCI Clamp Diode.                                       ; Critical ; 0 such failures found.                                                   ; I/O                 ;                   ;
; Pass         ; IO_000019 ; I/O Properties Checks for One I/O ; The I/O standard should support the requested On Chip Termination value.                             ; Critical ; 0 such failures found.                                                   ; I/O                 ;                   ;
; Inapplicable ; IO_000018 ; I/O Properties Checks for One I/O ; The I/O standard should support the requested Current Strength.                                      ; Critical ; No Current Strength assignments found.                                   ; I/O                 ;                   ;
; Pass         ; IO_000015 ; I/O Properties Checks for One I/O ; The location should support the requested PCI Clamp Diode.                                           ; Critical ; 0 such failures found.                                                   ; I/O                 ;                   ;
; Inapplicable ; IO_000014 ; I/O Properties Checks for One I/O ; The location should support the requested Weak Pull Up value.                                        ; Critical ; No Weak Pull-Up Resistor assignments found.                              ; I/O                 ;                   ;
; Inapplicable ; IO_000013 ; I/O Properties Checks for One I/O ; The location should support the requested Bus Hold value.                                            ; Critical ; No Enable Bus-Hold Circuitry assignments found.                          ; I/O                 ;                   ;
; Pass         ; IO_000012 ; I/O Properties Checks for One I/O ; The location should support the requested On Chip Termination value.                                 ; Critical ; 0 such failures found.                                                   ; I/O                 ;                   ;
; Inapplicable ; IO_000011 ; I/O Properties Checks for One I/O ; The location should support the requested Current Strength.                                          ; Critical ; No Current Strength assignments found.                                   ; I/O                 ;                   ;
; Pass         ; IO_000010 ; I/O Properties Checks for One I/O ; The location should support the requested I/O direction.                                             ; Critical ; 0 such failures found.                                                   ; I/O                 ;                   ;
; Pass         ; IO_000009 ; I/O Properties Checks for One I/O ; The location should support the requested I/O standard.                                              ; Critical ; 0 such failures found.                                                   ; I/O                 ;                   ;
; Pass         ; IO_000033 ; Electromigration Checks           ; Current density for consecutive I/Os should not exceed 160mA for row I/Os and 160mA for column I/Os. ; Critical ; 0 such failures found.                                                   ; I/O                 ;                   ;
; Inapplicable ; IO_000034 ; SI Related Distance Checks        ; Single-ended outputs should be 5 LAB row(s) away from a differential I/O.                            ; High     ; No Differential I/O Standard assignments found.                          ; I/O                 ;                   ;
; Inapplicable ; IO_000042 ; SI Related SSO Limit Checks       ; No more than 20 outputs are allowed in a VREF group when VREF is being read from.                    ; High     ; No VREF I/O Standard assignments found.                                  ; I/O                 ;                   ;
; ----         ; ----      ; Disclaimer                        ; OCT rules are checked but not reported.                                                              ; None     ; ----                                                                     ; On Chip Termination ;                   ;
+--------------+-----------+-----------------------------------+------------------------------------------------------------------------------------------------------+----------+--------------------------------------------------------------------------+---------------------+-------------------+


+--------------------------------------------------------------------------------------------------------------------------------------------------------------------------------------------------------------------------------------------------------------------------------------------------------------------------------------------------------------------------------------------------------------------------------------------------------------------------+
; I/O Rules Matrix                                                                                                                                                                                                                                                                                                                                                                                                                                                         ;
+--------------------+--------------+--------------+--------------+--------------+--------------+-----------+--------------+--------------+--------------+--------------+--------------+--------------+--------------+--------------+--------------+--------------+--------------+--------------+--------------+--------------+--------------+--------------+--------------+--------------+--------------+-----------+-----------+-----------+--------------+--------------+
; Pin/Rules          ; IO_000002    ; IO_000001    ; IO_000003    ; IO_000004    ; IO_000005    ; IO_000006 ; IO_000007    ; IO_000008    ; IO_000047    ; IO_000046    ; IO_000045    ; IO_000027    ; IO_000026    ; IO_000024    ; IO_000023    ; IO_000022    ; IO_000021    ; IO_000020    ; IO_000019    ; IO_000018    ; IO_000015    ; IO_000014    ; IO_000013    ; IO_000012    ; IO_000011    ; IO_000010 ; IO_000009 ; IO_000033 ; IO_000034    ; IO_000042    ;
+--------------------+--------------+--------------+--------------+--------------+--------------+-----------+--------------+--------------+--------------+--------------+--------------+--------------+--------------+--------------+--------------+--------------+--------------+--------------+--------------+--------------+--------------+--------------+--------------+--------------+--------------+-----------+-----------+-----------+--------------+--------------+
; Total Pass         ; 0            ; 2            ; 2            ; 0            ; 0            ; 9         ; 2            ; 0            ; 0            ; 0            ; 0            ; 0            ; 0            ; 5            ; 0            ; 0            ; 0            ; 4            ; 5            ; 0            ; 4            ; 0            ; 0            ; 5            ; 0            ; 9         ; 9         ; 9         ; 0            ; 0            ;
; Total Unchecked    ; 0            ; 0            ; 0            ; 0            ; 0            ; 0         ; 0            ; 0            ; 0            ; 0            ; 0            ; 0            ; 0            ; 0            ; 0            ; 0            ; 0            ; 0            ; 0            ; 0            ; 0            ; 0            ; 0            ; 0            ; 0            ; 0         ; 0         ; 0         ; 0            ; 0            ;
; Total Inapplicable ; 9            ; 7            ; 7            ; 9            ; 9            ; 0         ; 7            ; 9            ; 9            ; 9            ; 9            ; 9            ; 9            ; 4            ; 9            ; 9            ; 9            ; 5            ; 4            ; 9            ; 5            ; 9            ; 9            ; 4            ; 9            ; 0         ; 0         ; 0         ; 9            ; 9            ;
; Total Fail         ; 0            ; 0            ; 0            ; 0            ; 0            ; 0         ; 0            ; 0            ; 0            ; 0            ; 0            ; 0            ; 0            ; 0            ; 0            ; 0            ; 0            ; 0            ; 0            ; 0            ; 0            ; 0            ; 0            ; 0            ; 0            ; 0         ; 0         ; 0         ; 0            ; 0            ;
; sys_valid          ; Inapplicable ; Inapplicable ; Inapplicable ; Inapplicable ; Inapplicable ; Pass      ; Inapplicable ; Inapplicable ; Inapplicable ; Inapplicable ; Inapplicable ; Inapplicable ; Inapplicable ; Pass         ; Inapplicable ; Inapplicable ; Inapplicable ; Inapplicable ; Pass         ; Inapplicable ; Inapplicable ; Inapplicable ; Inapplicable ; Pass         ; Inapplicable ; Pass      ; Pass      ; Pass      ; Inapplicable ; Inapplicable ;
; class_out[0]       ; Inapplicable ; Inapplicable ; Inapplicable ; Inapplicable ; Inapplicable ; Pass      ; Inapplicable ; Inapplicable ; Inapplicable ; Inapplicable ; Inapplicable ; Inapplicable ; Inapplicable ; Pass         ; Inapplicable ; Inapplicable ; Inapplicable ; Inapplicable ; Pass         ; Inapplicable ; Inapplicable ; Inapplicable ; Inapplicable ; Pass         ; Inapplicable ; Pass      ; Pass      ; Pass      ; Inapplicable ; Inapplicable ;
; class_out[1]       ; Inapplicable ; Inapplicable ; Inapplicable ; Inapplicable ; Inapplicable ; Pass      ; Inapplicable ; Inapplicable ; Inapplicable ; Inapplicable ; Inapplicable ; Inapplicable ; Inapplicable ; Pass         ; Inapplicable ; Inapplicable ; Inapplicable ; Inapplicable ; Pass         ; Inapplicable ; Inapplicable ; Inapplicable ; Inapplicable ; Pass         ; Inapplicable ; Pass      ; Pass      ; Pass      ; Inapplicable ; Inapplicable ;
; class_out[2]       ; Inapplicable ; Inapplicable ; Inapplicable ; Inapplicable ; Inapplicable ; Pass      ; Inapplicable ; Inapplicable ; Inapplicable ; Inapplicable ; Inapplicable ; Inapplicable ; Inapplicable ; Pass         ; Inapplicable ; Inapplicable ; Inapplicable ; Inapplicable ; Pass         ; Inapplicable ; Inapplicable ; Inapplicable ; Inapplicable ; Pass         ; Inapplicable ; Pass      ; Pass      ; Pass      ; Inapplicable ; Inapplicable ;
; class_out[3]       ; Inapplicable ; Inapplicable ; Inapplicable ; Inapplicable ; Inapplicable ; Pass      ; Inapplicable ; Inapplicable ; Inapplicable ; Inapplicable ; Inapplicable ; Inapplicable ; Inapplicable ; Pass         ; Inapplicable ; Inapplicable ; Inapplicable ; Inapplicable ; Pass         ; Inapplicable ; Inapplicable ; Inapplicable ; Inapplicable ; Pass         ; Inapplicable ; Pass      ; Pass      ; Pass      ; Inapplicable ; Inapplicable ;
; clk                ; Inapplicable ; Pass         ; Pass         ; Inapplicable ; Inapplicable ; Pass      ; Pass         ; Inapplicable ; Inapplicable ; Inapplicable ; Inapplicable ; Inapplicable ; Inapplicable ; Inapplicable ; Inapplicable ; Inapplicable ; Inapplicable ; Pass         ; Inapplicable ; Inapplicable ; Pass         ; Inapplicable ; Inapplicable ; Inapplicable ; Inapplicable ; Pass      ; Pass      ; Pass      ; Inapplicable ; Inapplicable ;
; rst_n              ; Inapplicable ; Pass         ; Pass         ; Inapplicable ; Inapplicable ; Pass      ; Pass         ; Inapplicable ; Inapplicable ; Inapplicable ; Inapplicable ; Inapplicable ; Inapplicable ; Inapplicable ; Inapplicable ; Inapplicable ; Inapplicable ; Pass         ; Inapplicable ; Inapplicable ; Pass         ; Inapplicable ; Inapplicable ; Inapplicable ; Inapplicable ; Pass      ; Pass      ; Pass      ; Inapplicable ; Inapplicable ;
; img_valid          ; Inapplicable ; Inapplicable ; Inapplicable ; Inapplicable ; Inapplicable ; Pass      ; Inapplicable ; Inapplicable ; Inapplicable ; Inapplicable ; Inapplicable ; Inapplicable ; Inapplicable ; Inapplicable ; Inapplicable ; Inapplicable ; Inapplicable ; Pass         ; Inapplicable ; Inapplicable ; Pass         ; Inapplicable ; Inapplicable ; Inapplicable ; Inapplicable ; Pass      ; Pass      ; Pass      ; Inapplicable ; Inapplicable ;
; img_data           ; Inapplicable ; Inapplicable ; Inapplicable ; Inapplicable ; Inapplicable ; Pass      ; Inapplicable ; Inapplicable ; Inapplicable ; Inapplicable ; Inapplicable ; Inapplicable ; Inapplicable ; Inapplicable ; Inapplicable ; Inapplicable ; Inapplicable ; Pass         ; Inapplicable ; Inapplicable ; Pass         ; Inapplicable ; Inapplicable ; Inapplicable ; Inapplicable ; Pass      ; Pass      ; Pass      ; Inapplicable ; Inapplicable ;
+--------------------+--------------+--------------+--------------+--------------+--------------+-----------+--------------+--------------+--------------+--------------+--------------+--------------+--------------+--------------+--------------+--------------+--------------+--------------+--------------+--------------+--------------+--------------+--------------+--------------+--------------+-----------+-----------+-----------+--------------+--------------+


+-------------------------------------------------------------------------------------------+
; Fitter Device Options                                                                     ;
+------------------------------------------------------------------+------------------------+
; Option                                                           ; Setting                ;
+------------------------------------------------------------------+------------------------+
; Enable user-supplied start-up clock (CLKUSR)                     ; Off                    ;
; Enable device-wide reset (DEV_CLRn)                              ; Off                    ;
; Enable device-wide output enable (DEV_OE)                        ; Off                    ;
; Enable INIT_DONE output                                          ; Off                    ;
; Configuration scheme                                             ; Internal Configuration ;
; Enable Error Detection CRC_ERROR pin                             ; Off                    ;
; Enable open drain on CRC_ERROR pin                               ; Off                    ;
; Enable nCONFIG, nSTATUS, and CONF_DONE pins                      ; On                     ;
; Enable JTAG pin sharing                                          ; Off                    ;
; Enable nCE pin                                                   ; Off                    ;
; Enable CONFIG_SEL pin                                            ; On                     ;
; Enable input tri-state on active configuration pins in user mode ; Off                    ;
; Configuration Voltage Level                                      ; Auto                   ;
; Force Configuration Voltage Level                                ; Off                    ;
; Data[0]                                                          ; Unreserved             ;
; Data[1]/ASDO                                                     ; Unreserved             ;
; FLASH_nCE/nCSO                                                   ; Unreserved             ;
; DCLK                                                             ; Unreserved             ;
+------------------------------------------------------------------+------------------------+


+------------------------------------+
; Operating Settings and Conditions  ;
+---------------------------+--------+
; Setting                   ; Value  ;
+---------------------------+--------+
; Nominal Core Voltage      ; 1.20 V ;
; Low Junction Temperature  ; 0 °C   ;
; High Junction Temperature ; 85 °C  ;
+---------------------------+--------+


+------------------------------------------------------------+
; Estimated Delay Added for Hold Timing Summary              ;
+-----------------+----------------------+-------------------+
; Source Clock(s) ; Destination Clock(s) ; Delay Added in ns ;
+-----------------+----------------------+-------------------+
Note: For more information on problematic transfers, consider running the Fitter again with the Optimize hold timing option (Settings Menu) turned off.
This will disable optimization of problematic paths and expose them for further analysis using the Timing Analyzer.


+---------------------------------------------------------------------------------------------------------------------------------------------------------------------------------------------------------------------------------------------------------------------------------------------------------+
; Estimated Delay Added for Hold Timing Details                                                                                                                                                                                                                                                           ;
+-----------------------------------------------------------------------------------------------------------------------------+-------------------------------------------------------------------------------------------------------------------------------------------------------+-------------------+
; Source Register                                                                                                             ; Destination Register                                                                                                                                  ; Delay Added in ns ;
+-----------------------------------------------------------------------------------------------------------------------------+-------------------------------------------------------------------------------------------------------------------------------------------------------+-------------------+
; mcp_top:u_mcp|window4x4s2:u_window|row1[31]                                                                                 ; mcp_top:u_mcp|window4x4s2:u_window|altshift_taps:row2_rtl_0|shift_taps_egm:auto_generated|altsyncram_ica1:altsyncram2|ram_block5a0~porta_datain_reg0  ; 0.117             ;
; mcp_top:u_mcp|window4x4s2:u_window|altshift_taps:row2_rtl_0|shift_taps_egm:auto_generated|cntr_f5f:cntr1|counter_reg_bit[3] ; mcp_top:u_mcp|window4x4s2:u_window|altshift_taps:row2_rtl_0|shift_taps_egm:auto_generated|altsyncram_ica1:altsyncram2|ram_block5a0~portb_address_reg0 ; 0.057             ;
+-----------------------------------------------------------------------------------------------------------------------------+-------------------------------------------------------------------------------------------------------------------------------------------------------+-------------------+
Note: This table only shows the top 2 path(s) that have the largest delay added for hold.


+-----------------+
; Fitter Messages ;
+-----------------+
Warning (18236): Number of processors has not been specified which may cause overloading on shared machines.  Set the global assignment NUM_PARALLEL_PROCESSORS in your QSF to an appropriate value for best performance.
Info (20030): Parallel compilation is enabled and will use 4 of the 4 processors detected
Info (119006): Selected device 10M50DAF484C7G for design "bdscnn_quickdraw"
Info (21077): Low junction temperature is 0 degrees C
Info (21077): High junction temperature is 85 degrees C
Info (171003): Fitter is performing an Auto Fit compilation, which may decrease Fitter effort to reduce compilation time
Warning (292013): Feature LogicLock is only available with a valid subscription license. You can purchase a software subscription to gain full access to this feature.
Info (176444): Device migration not selected. If you intend to use device migration later, you may need to change the pin assignments as they may be incompatible with other devices
    Info (176445): Device 10M08DAF484I7G is compatible
    Info (176445): Device 10M08DAF484I7P is compatible
    Info (176445): Device 10M16DAF484A7G is compatible
    Info (176445): Device 10M16DAF484C7G is compatible
    Info (176445): Device 10M16DAF484I7G is compatible
    Info (176445): Device 10M16DAF484I7P is compatible
    Info (176445): Device 10M25DAF484A7G is compatible
    Info (176445): Device 10M25DAF484C7G is compatible
    Info (176445): Device 10M25DAF484I7G is compatible
    Info (176445): Device 10M50DAF484I7G is compatible
    Info (176445): Device 10M50DAF484I7P is compatible
    Info (176445): Device 10M40DAF484C7G is compatible
    Info (176445): Device 10M40DAF484I7G is compatible
Info (169124): Fitter converted 8 user pins into dedicated programming pins
    Info (169125): Pin ~ALTERA_TMS~ is reserved at location H2
    Info (169125): Pin ~ALTERA_TCK~ is reserved at location G2
    Info (169125): Pin ~ALTERA_TDI~ is reserved at location L4
    Info (169125): Pin ~ALTERA_TDO~ is reserved at location M5
    Info (169125): Pin ~ALTERA_CONFIG_SEL~ is reserved at location H10
    Info (169125): Pin ~ALTERA_nCONFIG~ is reserved at location H9
    Info (169125): Pin ~ALTERA_nSTATUS~ is reserved at location G9
    Info (169125): Pin ~ALTERA_CONF_DONE~ is reserved at location F8
Info (169141): DATA[0] dual-purpose pin not reserved
Info (12825): Data[1]/ASDO dual-purpose pin not reserved
Info (12825): nCSO dual-purpose pin not reserved
Info (12825): DCLK dual-purpose pin not reserved
Warning (15714): Some pins have incomplete I/O assignments. Refer to the I/O Assignment Warnings report for details
Info (176045): Design uses memory blocks. Violating setup or hold times of memory block address registers for either read or write operations could cause memory contents to be corrupted. Make sure that all memory block address registers meet the setup and hold time requirements.
Critical Warning (169085): No exact pin location assignment(s) for 7 pins of 9 total pins. For the list of pins please refer to the I/O Assignment Warnings table in the fitter report.
Info (332104): Reading SDC File: 'bdscnn_quickdraw.sdc'
Info (332151): Clock uncertainty is not calculated until you update the timing netlist.
Warning (332174): Ignored filter at bdscnn_quickdraw.sdc(18): start could not be matched with a port File: /home/huyatieo/Desktop/project/BNN/quick_draw/RTL/rtl/bdscnn_quickdraw.sdc Line: 18
Warning (332174): Ignored filter at bdscnn_quickdraw.sdc(25): ledr[*] could not be matched with a port File: /home/huyatieo/Desktop/project/BNN/quick_draw/RTL/rtl/bdscnn_quickdraw.sdc Line: 25
Warning (332049): Ignored set_false_path at bdscnn_quickdraw.sdc(25): Argument <to> is an empty collection File: /home/huyatieo/Desktop/project/BNN/quick_draw/RTL/rtl/bdscnn_quickdraw.sdc Line: 25
    Info (332050): set_false_path -from [all_registers] -to [get_ports {ledr[*]}] File: /home/huyatieo/Desktop/project/BNN/quick_draw/RTL/rtl/bdscnn_quickdraw.sdc Line: 25
Info (332154): The derive_clock_uncertainty command did not apply clock uncertainty to any clock-to-clock transfers.
Info (332129): Detected timing requirements -- optimizing circuit to achieve only the specified requirements
Info (332111): Found 1 clocks
    Info (332111):   Period   Clock Name
    Info (332111): ======== ============
    Info (332111):   20.000          clk
Info (176353): Automatically promoted node clk~input (placed in PIN P11 (CLK7p, DIFFIO_TX_RX_B20p, DIFFOUT_B20p, High_Speed)) File: /home/huyatieo/Desktop/project/BNN/quick_draw/RTL/rtl/bdscnn_top.sv Line: 3
    Info (176355): Automatically promoted destinations to use location or clock signal Global Clock CLKCTRL_G19
Info (176233): Starting register packing
Info (176235): Finished register packing
    Extra Info (176219): No registers were packed into other blocks
Info (176214): Statistics of I/O pins that need to be placed that use the same VCCIO and VREF, before I/O pin placement
    Info (176211): Number of I/O pins in group: 7 (unused VREF, 2.5V VCCIO, 2 input, 5 output, 0 bidirectional)
        Info (176212): I/O standards used: 2.5 V.
Info (176215): I/O bank details before I/O pin placement
    Info (176214): Statistics of I/O banks
        Info (176213): I/O bank number 1A does not use VREF pins and has undetermined VCCIO pins. 0 total pin(s) used --  16 pins available
        Info (176213): I/O bank number 1B does not use VREF pins and has undetermined VCCIO pins. 4 total pin(s) used --  20 pins available
        Info (176213): I/O bank number 2 does not use VREF pins and has undetermined VCCIO pins. 0 total pin(s) used --  36 pins available
        Info (176213): I/O bank number 3 does not use VREF pins and has undetermined VCCIO pins. 1 total pin(s) used --  47 pins available
        Info (176213): I/O bank number 4 does not use VREF pins and has undetermined VCCIO pins. 0 total pin(s) used --  48 pins available
        Info (176213): I/O bank number 5 does not use VREF pins and has undetermined VCCIO pins. 0 total pin(s) used --  40 pins available
        Info (176213): I/O bank number 6 does not use VREF pins and has undetermined VCCIO pins. 0 total pin(s) used --  60 pins available
        Info (176213): I/O bank number 7 does not use VREF pins and has undetermined VCCIO pins. 1 total pin(s) used --  51 pins available
        Info (176213): I/O bank number 8 does not use VREF pins and has undetermined VCCIO pins. 4 total pin(s) used --  32 pins available
Warning (15705): Ignored locations or region assignments to the following nodes
    Warning (15706): Node "hex0[0]" is assigned to location or region, but does not exist in design
    Warning (15706): Node "hex0[1]" is assigned to location or region, but does not exist in design
    Warning (15706): Node "hex0[2]" is assigned to location or region, but does not exist in design
    Warning (15706): Node "hex0[3]" is assigned to location or region, but does not exist in design
    Warning (15706): Node "hex0[4]" is assigned to location or region, but does not exist in design
    Warning (15706): Node "hex0[5]" is assigned to location or region, but does not exist in design
    Warning (15706): Node "hex0[6]" is assigned to location or region, but does not exist in design
    Warning (15706): Node "hex1[0]" is assigned to location or region, but does not exist in design
    Warning (15706): Node "hex1[1]" is assigned to location or region, but does not exist in design
    Warning (15706): Node "hex1[2]" is assigned to location or region, but does not exist in design
    Warning (15706): Node "hex1[3]" is assigned to location or region, but does not exist in design
    Warning (15706): Node "hex1[4]" is assigned to location or region, but does not exist in design
    Warning (15706): Node "hex1[5]" is assigned to location or region, but does not exist in design
    Warning (15706): Node "hex1[6]" is assigned to location or region, but does not exist in design
    Warning (15706): Node "hex2[0]" is assigned to location or region, but does not exist in design
    Warning (15706): Node "hex2[1]" is assigned to location or region, but does not exist in design
    Warning (15706): Node "hex2[2]" is assigned to location or region, but does not exist in design
    Warning (15706): Node "hex2[3]" is assigned to location or region, but does not exist in design
    Warning (15706): Node "hex2[4]" is assigned to location or region, but does not exist in design
    Warning (15706): Node "hex2[5]" is assigned to location or region, but does not exist in design
    Warning (15706): Node "hex2[6]" is assigned to location or region, but does not exist in design
    Warning (15706): Node "hex3[0]" is assigned to location or region, but does not exist in design
    Warning (15706): Node "hex3[1]" is assigned to location or region, but does not exist in design
    Warning (15706): Node "hex3[2]" is assigned to location or region, but does not exist in design
    Warning (15706): Node "hex3[3]" is assigned to location or region, but does not exist in design
    Warning (15706): Node "hex3[4]" is assigned to location or region, but does not exist in design
    Warning (15706): Node "hex3[5]" is assigned to location or region, but does not exist in design
    Warning (15706): Node "hex3[6]" is assigned to location or region, but does not exist in design
    Warning (15706): Node "hex4[0]" is assigned to location or region, but does not exist in design
    Warning (15706): Node "hex4[1]" is assigned to location or region, but does not exist in design
    Warning (15706): Node "hex4[2]" is assigned to location or region, but does not exist in design
    Warning (15706): Node "hex4[3]" is assigned to location or region, but does not exist in design
    Warning (15706): Node "hex4[4]" is assigned to location or region, but does not exist in design
    Warning (15706): Node "hex4[5]" is assigned to location or region, but does not exist in design
    Warning (15706): Node "hex4[6]" is assigned to location or region, but does not exist in design
    Warning (15706): Node "hex5[0]" is assigned to location or region, but does not exist in design
    Warning (15706): Node "hex5[1]" is assigned to location or region, but does not exist in design
    Warning (15706): Node "hex5[2]" is assigned to location or region, but does not exist in design
    Warning (15706): Node "hex5[3]" is assigned to location or region, but does not exist in design
    Warning (15706): Node "hex5[4]" is assigned to location or region, but does not exist in design
    Warning (15706): Node "hex5[5]" is assigned to location or region, but does not exist in design
    Warning (15706): Node "hex5[6]" is assigned to location or region, but does not exist in design
    Warning (15706): Node "ledr[0]" is assigned to location or region, but does not exist in design
    Warning (15706): Node "ledr[1]" is assigned to location or region, but does not exist in design
    Warning (15706): Node "ledr[2]" is assigned to location or region, but does not exist in design
    Warning (15706): Node "ledr[3]" is assigned to location or region, but does not exist in design
    Warning (15706): Node "ledr[4]" is assigned to location or region, but does not exist in design
    Warning (15706): Node "ledr[5]" is assigned to location or region, but does not exist in design
    Warning (15706): Node "ledr[6]" is assigned to location or region, but does not exist in design
    Warning (15706): Node "ledr[7]" is assigned to location or region, but does not exist in design
    Warning (15706): Node "ledr[8]" is assigned to location or region, but does not exist in design
    Warning (15706): Node "ledr[9]" is assigned to location or region, but does not exist in design
Info (171121): Fitter preparation operations ending: elapsed time is 00:00:11
Info (14896): Fitter has disabled Advanced Physical Optimization because it is not supported for the current family.
Info (170189): Fitter placement preparation operations beginning
Info (170190): Fitter placement preparation operations ending: elapsed time is 00:00:05
Info (170191): Fitter placement operations beginning
Info (170137): Fitter placement was successful
Info (170192): Fitter placement operations ending: elapsed time is 00:00:23
Info (170193): Fitter routing operations beginning
Info (170195): Router estimated average interconnect usage is 11% of the available device resources
    Info (170196): Router estimated peak interconnect usage is 45% of the available device resources in the region that extends from location X22_Y11 to location X32_Y21
Info (170199): The Fitter performed an Auto Fit compilation.  Optimizations were skipped to reduce compilation time.
    Info (170201): Optimizations that may affect the design's routability were skipped
    Info (170200): Optimizations that may affect the design's timing were skipped
Info (170194): Fitter routing operations ending: elapsed time is 00:00:30
Info (11888): Total time spent on timing analysis during the Fitter is 6.00 seconds.
Info (334003): Started post-fitting delay annotation
Info (334004): Delay annotation completed successfully
Info (334003): Started post-fitting delay annotation
Info (334004): Delay annotation completed successfully
Info (11218): Fitter post-fit operations ending: elapsed time is 00:00:19
Warning (171167): Found invalid Fitter assignments. See the Ignored Assignments panel in the Fitter Compilation Report for more information.
Info (144001): Generated suppressed messages file /home/huyatieo/Desktop/project/BNN/quick_draw/RTL/rtl/output_files/bdscnn_quickdraw.fit.smsg
Info: Quartus Prime Fitter was successful. 0 errors, 61 warnings
    Info: Peak virtual memory: 1348 megabytes
    Info: Processing ended: Fri Jul 10 23:00:19 2026
    Info: Elapsed time: 00:01:42
    Info: Total CPU time (on all processors): 00:03:17


+----------------------------+
; Fitter Suppressed Messages ;
+----------------------------+
The suppressed messages can be found in /home/huyatieo/Desktop/project/BNN/quick_draw/RTL/rtl/output_files/bdscnn_quickdraw.fit.smsg.


